quence":24,"uptime_us":320008269,"utc_valid":false,"utc":"","source":"m1","event":"status","mode":"normal","status":"OK","device_id":"c1810c76790e","app":"d73cadb","idf":"v6.0.2","toolchain":"gcc-15.2.0","image_sha256":"b67bb4381a06dc
{"schema_version":1,"sequence":25,"uptime_us":330089255,"utc_valid":false,"utc":"","source":"m1","event":"status","mode":"normal","status":"OK","device_id":"c1810c76790e","app":"d73cadb","idf":"v6.0.2","toolchain":"gcc-15.2.0","image_sha256":"b67bb4381a06dcc6f9eb32696df5648bfd3ca00b67d4c624a950776e13bb7927","partitions":true,"reset_reason":11,"tf":"READY","wifi":"CONNECTED","ap_setup":false,"rtc":true,"shtc3":true,"sensor_valid":true,"temperature_tenths_c":271,"humidity_tenths_percent":467,"key_short":0,"key_long":0,"crc32c":"cc88ee47"}
W (330960) frame-board: PCF85063 read failed: ESP_ERR_INVALID_CRC
{"schema_version":1,"sequence":26,"uptime_us":340104256,"utc_valid":false,"utc":"","source":"m1","event":"status","mode":"normal","status":"OK","device_id":"c1810c76790e","app":"d73cadb","idf":"v6.0.2","toolchain":"gcc-15.2.0","image_sha256":"b67bb4381a06dcc6f9eb32696df5648bfd3ca00b67d4c624a950776e13bb7927","partitions":true,"reset_reason":11,"tf":"READY","wifi":"CONNECTED","ap_setup":false,"rtc":true,"shtc3":true,"sensor_valid":true,"temperature_tenths_c":271,"humidity_tenths_percent":473,"key_short":0,"key_long":0,"crc32c":"e3c008ac"}
W (340969) frame-board: PCF85063 read failed: ESP_ERR_INVALID_CRC
{"schema_version":1,"sequence":27,"uptime_us":350120270,"utc_valid":false,"utc":"","source":"m1","event":"status","mode":"normal","status":"OK","device_id":"c1810c76790e","app":"d73cadb","idf":"v6.0.2","toolchain":"gcc-15.2.0","image_sha256":"b67bb4381a06dcc6f9eb32696df5648bfd3ca00b67d4c624a950776e13bb7927","partitions":true,"reset_reason":11,"tf":"READY","wifi":"CONNECTED","ap_setup":false,"rtc":true,"shtc3":true,"sensor_valid":true,"temperature_tenths_c":271,"humidity_tenths_percent":473,"key_short":0,"key_long":0,"crc32c":"6c095c7f"}
W (350969) frame-board: PCF85063 read failed: ESP_ERR_INVALID_CRC
{"schema_version":1,"sequence":28,"uptime_us":360137263,"utc_valid":false,"utc":"","source":"m1","event":"status","mode":"normal","status":"OK","device_id":"c1810c76790e","app":"d73cadb","idf":"v6.0.2","toolchain":"gcc-15.2.0","image_sha256":"b67bb4381a06dcc6f9eb32696df5648bfd3ca00b67d4c624a950776e13bb7927","partitions":true,"reset_reason":11,"tf":"READY","wifi":"CONNECTED","ap_setup":false,"rtc":true,"shtc3":true,"sensor_valid":true,"temperature_tenths_c":271,"humidity_tenths_percent":468,"key_short":0,"key_long":0,"crc32c":"ecab5ee0"}
W (360969) frame-board: PCF85063 read failed: ESP_ERR_INVALID_CRC
{"seavrso":,sqec:29"pieu"305263"tcvld:as,uc:""oc"",et":"tatus","mode":"normal","status":"OK","device_id":"c1810c76790e","app":"d73cadb","idf":"v6.0.2","toolchain":"gcc-15.2.0","image_sha256":"b67bb4381a06dcc6f9eb32696df5648bfd3ca00b67d4c624a950776e13bb7927","partitions":true,"reset_reason":11,"tf":"READY","wifi":"CONNECTED","ap_setup":false,"rtc":true,"shtc3":true,"sensor_valid":true,"temperature_tenths_c":271,"humidity_tenths_percent":469,"key_short":0,"key_long":0,"crc32c":"9866f77d"}
W (370970) frame-board: PCF85063 read failed: ESP_ERR_INVALID_CRC
{"schema_version":1,"sequence":30,"uptime_us":380169257,"utc_valid":false,"utc":"","source":"m1","event":"status","mode":"normal","status":"OK","device_id":"c1810c76790e","app":"d73cadb","idf":"v6.0.2","toolchain":"gcc-15.2.0","image_sha256":"b67bb4381a06dcc6f9eb32696df5648bfd3ca00b67d4c624a950776e13bb7927","partitions":true,"reset_reason":11,"tf":"READY","wifi":"CONNECTED","ap_setup":false,"rtc":true,"shtc3":true,"sensor_valid":true,"temperature_tenths_c":272,"humidity_tenths_percent":476,"key_short":0,"key_long":0,"crc32c":"6265c825"}
W (380979) frame-board: PCF85063 read failed: ESP_ERR_INVALID_CRC
{"schema_version":1,"sequence":31,"uptime_us":390188264,"utc_valid":false,"utc":"","source":"m1","event":"status","mode":"normal","status":"OK","device_id":"c1810c76790e","app":"d73cadb","idf":"v6.0.2","toolchain":"gcc-15.2.0","image_sha256":"b67bb4381a06dcc6f9eb32696df5648bfd3ca00b67d4c624a950776e13bb7927","partitions":true,"reset_reason":11,"tf":"READY","wifi":"CONNECTED","ap_setup":false,"rtc":true,"shtc3":true,"sensor_valid":true,"temperature_tenths_c":271,"humidity_tenths_percent":471,"key_short":0,"key_long":0,"crc32c":"45044516"}
W (390979) frame-board: PCF85063 read failed: ESP_ERR_INVALID_CRC
{"schema_version":1,"sequence":32,"uptime_us":400203258,"utc_valid":false,"utc":"","source":"m1","event":"status","mode":"normal","status":"OK","device_id":"c1810c76790e","app":"d73cadb","idf":"v6.0.2","toolchain":"gcc-15.2.0","image_sha256":"b67bb4381a06dcc6f9eb32696df5648bfd3ca00b67d4c624a950776e13bb7927","partitions":true,"reset_reason":11,"tf":"READY","wifi":"CONNECTED","ap_setup":false,"rtc":true,"shtc3":true,"sensor_valid":true,"temperature_tenths_c":271,"humidity_tenths_percent":468,"key_short":0,"key_long":0,"crc32c":"233f436f"}
W (400988) frame-board: PCF85063 read failed: ESP_ERR_INVALID_CRC
{"schema_version":1,"sequence":33,"uptime_us":410218261,"utc_valid":false,"utc":"","source":"m1","event":"status","mode":"normal","status":"OK","device_id":"c1810c76790e","app":"d73cadb","idf":"v6.0.2","toolchain":"gcc-15.2.0","image_sha256":"b67bb4381a06dcc6f9eb32696df5648bfd3ca00b67d4c624a950776e13bb7927","partitions":true,"reset_reason":11,"tf":"READY","wifi":"CONNECTED","ap_setup":false,"rtc":true,"shtc3":true,"sensor_valid":true,"temperature_tenths_c":272,"humidity_tenths_percent":467,"key_short":0,"key_long":0,"crc32c":"5f0388dd"}
W (410997) frame-board: PCF85063 read failed: ESP_ERR_INVALID_CRC
{"schema_version":1,"sequence":34,"uptime_us":420234260,"utc_valid":false,"utc":"","source":"m1","event":"status","mode":"normal","status":"OK","device_id":"c1810c76790e","app":"d73cadb","idf":"v6.0.2","toolchain":"gcc-15.2.0","image_sha256":"b67bb4381a06dcc6f9eb32696df5648bfd3ca00b67d4c624a950776e13bb7927","partitions":true,"reset_reason":11,"tf":"READY","wifi":"CONNECTED","ap_setup":false,"rtc":true,"shtc3":true,"sensor_valid":true,"temperature_tenths_c":271,"humidity_tenths_percent":466,"key_short":0,"key_long":0,"crc32c":"b0556c54"}
W (420997) frame-board: PCF85063 read failed: ESP_ERR_INVALID_CRC
{"schema_version":1,"sequence":35,"uptime_us":430250262,"utc_valid":false,"utc":"","source":"m1","event":"status","mode":"normal","status":"OK","device_id":"c1810c76790e","app":"d73cadb","idf":"v6.0.2","toolchain":"gcc-15.2.0","image_sha256":"b67bb4381a06dcc6f9eb32696df5648bfd3ca00b67d4c624a950776e13bb7927","partitions":true,"reset_reason":11,"tf":"READY","wifi":"CONNECTED","ap_setup":false,"rtc":true,"shtc3":true,"sensor_valid":true,"temperature_tenths_c":271,"humidity_tenths_percent":465,"key_short":0,"key_long":0,"crc32c":"6ec7b412"}
W (431006) frame-board: PCF85063 read failed: ESP_ERR_INVALID_CRC
{"schema_version":1,"sequence":36,"uptime_us":440266262,"utc_valid":false,"utc":"","source":"m1","event":"status","mode":"normal","status":"OK","device_id":"c1810c76790e","app":"d73cadb","idf":"v6.0.2","toolchain":"gcc-15.2.0","image_sha256":"b67bb4381a06dcc6f9eb32696df5648bfd3ca00b67d4c624a950776e13bb7927","partitions":true,"reset_reason":11,"tf":"READY","wifi":"CONNECTED","ap_setup":false,"rtc":true,"shtc3":true,"sensor_valid":true,"temperature_tenths_c":271,"humidity_tenths_percent":464,"key_short":0,"key_long":0,"crc32c":"b41e69bb"}
W (441007) frame-board: PCF85063 read failed: ESP_ERR_INVALID_CRC
status --json
{"schema_version":1,"firmware":"0.1.0-dev.1","idf":"v6.0.2","toolchain":"gcc-15.2.0","device_id":"c1810c76790e","health":"OK","target_ok":true,"cores":2,"flash_bytes":16777216,"psram_bytes":8388608,"partitions_ok":true,"reset_reason":11,"display":"OK","tf":"READY","rtc":true,"rtc_valid":false,"utc":"","shtc3":true,"sensor_valid":true,"wifi":"CONNECTED","ap_active":false,"credentials_persisted":true,"tf_logging":true,"logging_error":0,"temperature_tenths_c":272,"humidity_tenths_percent":463,"key_short":0,"key_long":0,"elf_sha256":"1e04bf7cd44f4813a9df1b472ef7cc39e25b03a19a8aa2f37e6c316e4466c630","image_sha256":"b67bb4381a06dcc6f9eb32696df5648bfd3ca00b67d4c624a950776e13bb7927"}
frame>  
frame>  {"schema_version":1,"sequence":37,"uptime_us":450282245,"utc_valid":false,"utc":"","source":"m1","event":"status","mode":"normal","status":"OK","device_id":"c1810c76790e","app":"d73cadb","idf":"v6.0.2","toolchain":"gcc-15.2.0","image_sha256":"b67bb4381a06dcc6f9eb32696df5648bfd3ca00b67d4c624a950776e13bb7927","partitions":true,"reset_reason":11,"tf":"READY","wifi":"CONNECTED","ap_setup":false,"rtc":true,"shtc3":true,"sensor_valid":true,"temperature_tenths_c":272,"humidity_tenths_percent":463,"key_short":0,"key_long":0,"crc32c":"b0da3673"}
W (451016) frame-board: PCF85063 read failed: ESP_ERR_INVALID_CRC
{"schema_version":1,"sequence":38,"uptime_us":460301326,"utc_valid":false,"utc":"","source":"m1","event":"status","mode":"normal","status":"OK","device_id":"c1810c76790e","app":"d73cadb","idf":"v6.0.2","toolchain":"gcc-15.2.0","image_sha256":"b67bb4381a06dcc6f9eb32696df5648bfd3ca00b67d4c624a950776e13bb7927","partitions":true,"reset_reason":11,"tf":"READY","wifi":"CONNECTED","ap_setup":false,"rtc":true,"shtc3":true,"sensor_valid":true,"temperature_tenths_c":271,"humidity_tenths_percent":462,"key_short":0,"key_long":0,"crc32c":"4e054870"}
W (461026) frame-board: PCF85063 read failed: ESP_ERR_INVALID_CRC
{"schema_version":1,"sequence":39,"uptime_us":470320272,"utc_valid":false,"utc":"","source":"m1","event":"status","mode":"normal","status":"OK","device_id":"c1810c76790e","app":"d73cadb","idf":"v6.0.2","toolchain":"gcc-15.2.0","image_sha256":"b67bb4381a06dcc6f9eb32696df5648bfd3ca00b67d4c624a950776e13bb7927","partitions":true,"reset_reason":11,"tf":"READY","wifi":"CONNECTED","ap_setup":false,"rtc":true,"shtc3":true,"sensor_valid":true,"temperature_tenths_c":271,"humidity_tenths_percent":462,"key_short":0,"key_long":0,"crc32c":"220e4eff"}
W (471037) frame-board: PCF85063 read failed: ESP_ERR_INVALID_CRC
W (481036) frame-board: PCF85063 read failed: ESP_ERR_INVALID_CRC
{"schema_version":1,"sequence":40,"uptime_us":480343264,"utc_valid":false,"utc":"","source":"m1","event":"status","mode":"normal","status":"OK","device_id":"c1810c76790e","app":"d73cadb","idf":"v6.0.2","toolchain":"gcc-15.2.0","image_sha256":"b67bb4381a06dcc6f9eb32696df5648bfd3ca00b67d4c624a950776e13bb7927","partitions":true,"reset_reason":11,"tf":"READY","wifi":"CONNECTED","ap_setup":false,"rtc":true,"shtc3":true,"sensor_valid":true,"temperature_tenths_c":271,"humidity_tenths_percent":462,"key_short":0,"key_long":0,"crc32c":"5c86a889"}
W (491045) frame-board: PCF85063 read failed: ESP_ERR_INVALID_CRC
{"schema_version":1,"sequence":41,"uptime_us":490358264,"utc_valid":false,"utc":"","source":"m1","event":"status","mode":"normal","status":"OK","device_id":"c1810c76790e","app":"d73cadb","idf":"v6.0.2","toolchain":"gcc-15.2.0","image_sha256":"b67bb4381a06dcc6f9eb32696df5648bfd3ca00b67d4c624a950776e13bb7927","partitions":true,"reset_reason":11,"tf":"READY","wifi":"CONNECTED","ap_setup":false,"rtc":true,"shtc3":true,"sensor_valid":true,"temperature_tenths_c":271,"humidity_tenths_percent":461,"key_short":0,"key_long":0,"crc32c":"5ed19a3c"}
W (501054) frame-board: PCF85063 read failed: ESP_ERR_INVALID_CRC
{"schema_version":1,"sequence":42,"uptime_us":500374264,"utc_valid":false,"utc":"","source":"m1","event":"status","mode":"normal","status":"OK","device_id":"c1810c76790e","app":"d73cadb","idf":"v6.0.2","toolchain":"gcc-15.2.0","image_sha256":"b67bb4381a06dcc6f9eb32696df5648bfd3ca00b67d4c624a950776e13bb7927","partitions":true,"reset_reason":11,"tf":"READY","wifi":"CONNECTED","ap_setup":false,"rtc":true,"shtc3":true,"sensor_valid":true,"temperature_tenths_c":271,"humidity_tenths_percent":461,"key_short":0,"key_long":0,"crc32c":"56b43520"}
W (511055) frame-board: PCF85063 read failed: ESP_ERR_INVALID_CRC
{"schema_version":1,"sequence":43,"uptime_us":510390268,"utc_valid":false,"utc":"","source":"m1","event":"status","mode":"normal","status":"OK","device_id":"c1810c76790e","app":"d73cadb","idf":"v6.0.2","toolchain":"gcc-15.2.0","image_sha256":"b67bb4381a06dcc6f9eb32696df5648bfd3ca00b67d4c624a950776e13bb7927","partitions":true,"reset_reason":11,"tf":"READY","wifi":"CONNECTED","ap_setup":false,"rtc":true,"shtc3":true,"sensor_valid":true,"temperature_tenths_c":271,"humidity_tenths_percent":461,"key_short":0,"key_long":0,"crc32c":"76f56738"}
W (521064) frame-board: PCF85063 read failed: ESP_ERR_INVALID_CRC
{"schema_version":1,"sequence":44,"uptime_us":520406273,"utc_valid":false,"utc":"","source":"m1","event":"status","mode":"normal","status":"OK","device_id":"c1810c76790e","app":"d73cadb","idf":"v6.0.2","toolchain":"gcc-15.2.0","image_sha256":"b67bb4381a06dcc6f9eb32696df5648bfd3ca00b67d4c624a950776e13bb7927","partitions":true,"reset_reason":11,"tf":"READY","wifi":"CONNECTED","ap_setup":false,"rtc":true,"shtc3":true,"sensor_valid":true,"temperature_tenths_c":271,"humidity_tenths_percent":461,"key_short":0,"key_long":0,"crc32c":"3d5ecc0d"}
W (531064) frame-board: PCF85063 read failed: ESP_ERR_INVALID_CRC
{"schema_version":1,"sequence":45,"uptime_us":530426263,"utc_valid":false,"utc":"","source":"m1","event":"status","mode":"normal","status":"OK","device_id":"c1810c76790e","app":"d73cadb","idf":"v6.0.2","toolchain":"gcc-15.2.0","image_sha256":"b67bb4381a06dcc6f9eb32696df5648bfd3ca00b67d4c624a950776e13bb7927","partitions":true,"reset_reason":11,"tf":"READY","wifi":"CONNECTED","ap_setup":false,"rtc":true,"shtc3":true,"sensor_valid":true,"temperature_tenths_c":271,"humidity_tenths_percent":460,"key_short":0,"key_long":0,"crc32c":"a4ec11f9"}
W (541066) frame-board: PCF85063 read failed: ESP_ERR_INVALID_CRC
{"schema_version":1,"sequence":46,"uptime_us":540442259,"utc_valid":false,"utc":"","source":"m1","event":"status","mode":"normal","status":"OK","device_id":"c1810c76790e","app":"d73cadb","idf":"v6.0.2","toolchain":"gcc-15.2.0","image_sha256":"b67bb4381a06dcc6f9eb32696df5648bfd3ca00b67d4c624a950776e13bb7927","partitions":true,"reset_reason":11,"tf":"READY","wifi":"CONNECTED","ap_setup":false,"rtc":true,"shtc3":true,"sensor_valid":true,"temperature_tenths_c":271,"humidity_tenths_percent":460,"key_short":0,"key_long":0,"crc32c":"e842c98d"}
W (551066) frame-board: PCF85063 read failed: ESP_ERR_INVALID_CRC
{"schema_version":1,"sequence":47,"uptime_us":550458262,"utc_valid":false,"utc":"","source":"m1","event":"status","mode":"normal","status":"OK","device_id":"c1810c76790e","app":"d73cadb","idf":"v6.0.2","toolchain":"gcc-15.2.0","image_sha256":"b67bb4381a06dcc6f9eb32696df5648bfd3ca00b67d4c624a950776e13bb7927","partitions":true,"reset_reason":11,"tf":"READY","wifi":"CONNECTED","ap_setup":false,"rtc":true,"shtc3":true,"sensor_valid":true,"temperature_tenths_c":271,"humidity_tenths_percent":460,"key_short":0,"key_long":0,"crc32c":"1bc1ec6a"}
W (561075) frame-board: PCF85063 read failed: ESP_ERR_INVALID_CRC
{"schema_version":1,"sequence":48,"uptime_us":560474258,"utc_valid":false,"utc":"","source":"m1","event":"status","mode":"normal","status":"OK","device_id":"c1810c76790e","app":"d73cadb","idf":"v6.0.2","toolchain":"gcc-15.2.0","image_sha256":"b67bb4381a06dcc6f9eb32696df5648bfd3ca00b67d4c624a950776e13bb7927","partitions":true,"reset_reason":11,"tf":"READY","wifi":"CONNECTED","ap_setup":false,"rtc":true,"shtc3":true,"sensor_valid":true,"temperature_tenths_c":271,"humidity_tenths_percent":460,"key_short":0,"key_long":0,"crc32c":"72df6c7d"}
status --json
{"schema_version":1,"firmware":"0.1.0-dev.1","idf":"v6.0.2","toolchain":"gcc-15.2.0","device_id":"c1810c76790e","health":"OK","target_ok":true,"cores":2,"flash_bytes":16777216,"psram_bytes":8388608,"partitions_ok":true,"reset_reason":11,"display":"OK","tf":"READY","rtc":true,"rtc_valid":false,"utc":"","shtc3":true,"sensor_valid":true,"wifi":"CONNECTED","ap_active":false,"credentials_persisted":true,"tf_logging":true,"logging_error":0,"temperature_tenths_c":271,"humidity_tenths_percent":460,"key_short":0,"key_long":0,"elf_sha256":"1e04bf7cd44f4813a9df1b472ef7cc39e25b03a19a8aa2f37e6c316e4466c630","image_sha256":"b67bb4381a06dcc6f9eb32696df5648bfd3ca00b67d4c624a950776e13bb7927"}
frame>  
frame>  W (571084) frame-board: PCF85063 read failed: ESP_ERR_INVALID_CRC
{"schema_version":1,"sequence":49,"uptime_us":570490262,"utc_valid":false,"utc":"","source":"m1","event":"status","mode":"normal","status":"OK","device_id":"c1810c76790e","app":"d73cadb","idf":"v6.0.2","toolchain":"gcc-15.2.0","image_sha256":"b67bb4381a06dcc6f9eb32696df5648bfd3ca00b67d4c624a950776e13bb7927","partitions":true,"reset_reason":11,"tf":"READY","wifi":"CONNECTED","ap_setup":false,"rtc":true,"shtc3":true,"sensor_valid":true,"temperature_tenths_c":271,"humidity_tenths_percent":459,"key_short":0,"key_long":0,"crc32c":"2640209a"}
W (581085) frame-board: PCF85063 read failed: ESP_ERR_INVALID_CRC
{"schema_version":1,"sequence":50,"uptime_us":580506262,"utc_valid":false,"utc":"","source":"m1","event":"status","mode":"normal","status":"OK","device_id":"c1810c76790e","app":"d73cadb","idf":"v6.0.2","toolchain":"gcc-15.2.0","image_sha256":"b67bb4381a06dcc6f9eb32696df5648bfd3ca00b67d4c624a950776e13bb7927","partitions":true,"reset_reason":11,"tf":"READY","wifi":"CONNECTED","ap_setup":false,"rtc":true,"shtc3":true,"sensor_valid":true,"temperature_tenths_c":271,"humidity_tenths_percent":458,"key_short":0,"key_long":0,"crc32c":"40779847"}
W (591094) frame-board: PCF85063 read failed: ESP_ERR_INVALID_CRC
{"schema_version":1,"sequence":51,"uptime_us":590525259,"utc_valid":false,"utc":"","source":"m1","event":"status","mode":"normal","status":"OK","device_id":"c1810c76790e","app":"d73cadb","idf":"v6.0.2","toolchain":"gcc-15.2.0","image_sha256":"b67bb4381a06dcc6f9eb32696df5648bfd3ca00b67d4c624a950776e13bb7927","partitions":true,"reset_reason":11,"tf":"READY","wifi":"CONNECTED","ap_setup":false,"rtc":true,"shtc3":true,"sensor_valid":true,"temperature_tenths_c":271,"humidity_tenths_percent":459,"key_short":0,"key_long":0,"crc32c":"278a5cf0"}
W (601094) frame-board: PCF85063 read failed: ESP_ERR_INVALID_CRC
{"schema_version":1,"sequence":52,"uptime_us":600540261,"utc_valid":false,"utc":"","source":"m1","event":"status","mode":"normal","status":"OK","device_id":"c1810c76790e","app":"d73cadb","idf":"v6.0.2","toolchain":"gcc-15.2.0","image_sha256":"b67bb4381a06dcc6f9eb32696df5648bfd3ca00b67d4c624a950776e13bb7927","partitions":true,"reset_reason":11,"tf":"READY","wifi":"CONNECTED","ap_setup":false,"rtc":true,"shtc3":true,"sensor_valid":true,"temperature_tenths_c":271,"humidity_tenths_percent":458,"key_short":0,"key_long":0,"crc32c":"35d30350"}
W (611095) frame-board: PCF85063 read failed: ESP_ERR_INVALID_CRC
{"schema_version":1,"sequence":53,"uptime_us":610555252,"utc_valid":false,"utc":"","source":"m1","event":"status","mode":"normal","status":"OK","device_id":"c1810c76790e","app":"d73cadb","idf":"v6.0.2","toolchain":"gcc-15.2.0","image_sha256":"b67bb4381a06dcc6f9eb32696df5648bfd3ca00b67d4c624a950776e13bb7927","partitions":true,"reset_reason":11,"tf":"READY","wifi":"CONNECTED","ap_setup":false,"rtc":true,"shtc3":true,"sensor_valid":true,"temperature_tenths_c":271,"humidity_tenths_percent":458,"key_short":0,"key_long":0,"crc32c":"809c0a38"}
W (621104) frame-board: PCF85063 read failed: ESP_ERR_INVALID_CRC
{"schema_version":1,"sequence":54,"uptime_us":620571263,"utc_valid":false,"utc":"","source":"m1","event":"status","mode":"normal","status":"OK","device_id":"c1810c76790e","app":"d73cadb","idf":"v6.0.2","toolchain":"gcc-15.2.0","image_sha256":"b67bb4381a06dcc6f9eb32696df5648bfd3ca00b67d4c624a950776e13bb7927","partitions":true,"reset_reason":11,"tf":"READY","wifi":"CONNECTED","ap_setup":false,"rtc":true,"shtc3":true,"sensor_valid":true,"temperature_tenths_c":271,"humidity_tenths_percent":458,"key_short":0,"key_long":0,"crc32c":"1cfbee39"}
W (631106) frame-board: PCF85063 read failed: ESP_ERR_INVALID_CRC
{"schema_version":1,"sequence":55,"uptime_us":630587257,"utc_valid":false,"utc":"","source":"m1","event":"status","mode":"normal","status":"OK","device_id":"c1810c76790e","app":"d73cadb","idf":"v6.0.2","toolchain":"gcc-15.2.0","image_sha256":"b67bb4381a06dcc6f9eb32696df5648bfd3ca00b67d4c624a950776e13bb7927","partitions":true,"reset_reason":11,"tf":"READY","wifi":"CONNECTED","ap_setup":false,"rtc":true,"shtc3":true,"sensor_valid":true,"temperature_tenths_c":271,"humidity_tenths_percent":458,"key_short":0,"key_long":0,"crc32c":"23bee59d"}
W (641115) frame-board: PCF85063 read failed: ESP_ERR_INVALID_CRC
{"schema_version":1,"sequence":56,"uptime_us":640604256,"utc_valid":false,"utc":"","source":"m1","event":"status","mode":"normal","status":"OK","device_id":"c1810c76790e","app":"d73cadb","idf":"v6.0.2","toolchain":"gcc-15.2.0","image_sha256":"b67bb4381a06dcc6f9eb32696df5648bfd3ca00b67d4c624a950776e13bb7927","partitions":true,"reset_reason":11,"tf":"READY","wifi":"CONNECTED","ap_setup":false,"rtc":true,"shtc3":true,"sensor_valid":true,"temperature_tenths_c":271,"humidity_tenths_percent":458,"key_short":0,"key_long":0,"crc32c":"cb71f0e6"}
W (651116) frame-board: PCF85063 read failed: ESP_ERR_INVALID_CRC
{"schema_version":1,"sequence":57,"uptime_us":650620262,"utc_valid":false,"utc":"","source":"m1","event":"status","mode":"normal","status":"OK","device_id":"c1810c76790e","app":"d73cadb","idf":"v6.0.2","toolchain":"gcc-15.2.0","image_sha256":"b67bb4381a06dcc6f9eb32696df5648bfd3ca00b67d4c624a950776e13bb7927","partitions":true,"reset_reason":11,"tf":"READY","wifi":"CONNECTED","ap_setup":false,"rtc":true,"shtc3":true,"sensor_valid":true,"temperature_tenths_c":271,"humidity_tenths_percent":458,"key_short":0,"key_long":0,"crc32c":"ff754fda"}
W (661125) frame-board: PCF85063 read failed: ESP_ERR_INVALID_CRC
{"schema_version":1,"sequence":58,"uptime_us":660639269,"utc_valid":false,"utc":"","source":"m1","event":"status","mode":"normal","status":"OK","device_id":"c1810c76790e","app":"d73cadb","idf":"v6.0.2","toolchain":"gcc-15.2.0","image_sha256":"b67bb4381a06dcc6f9eb32696df5648bfd3ca00b67d4c624a950776e13bb7927","partitions":true,"reset_reason":11,"tf":"READY","wifi":"CONNECTED","ap_setup":false,"rtc":true,"shtc3":true,"sensor_valid":true,"temperature_tenths_c":271,"humidity_tenths_percent":458,"key_short":0,"key_long":0,"crc32c":"a34e7b8a"}
W (671126) frame-board: PCF85063 read failed: ESP_ERR_INVALID_CRC
{"schema_version":1,"sequence":59,"uptime_us":670654257,"utc_valid":false,"utc":"","source":"m1","event":"status","mode":"normal","status":"OK","device_id":"c1810c76790e","app":"d73cadb","idf":"v6.0.2","toolchain":"gcc-15.2.0","image_sha256":"b67bb4381a06dcc6f9eb32696df5648bfd3ca00b67d4c624a950776e13bb7927","partitions":true,"reset_reason":11,"tf":"READY","wifi":"CONNECTED","ap_setup":false,"rtc":true,"shtc3":true,"sensor_valid":true,"temperature_tenths_c":271,"humidity_tenths_percent":458,"key_short":0,"key_long":0,"crc32c":"3b2868ae"}
W (681127) frame-board: PCF85063 read failed: ESP_ERR_INVALID_CRC
{"schema_version":1,"sequence":60,"uptime_us":680669256,"utc_valid":false,"utc":"","source":"m1","event":"status","mode":"normal","status":"OK","device_id":"c1810c76790e","app":"d73cadb","idf":"v6.0.2","toolchain":"gcc-15.2.0","image_sha256":"b67bb4381a06dcc6f9eb32696df5648bfd3ca00b67d4c624a950776e13bb7927","partitions":true,"reset_reason":11,"tf":"READY","wifi":"CONNECTED","ap_setup":false,"rtc":true,"shtc3":true,"sensor_valid":true,"temperature_tenths_c":271,"humidity_tenths_percent":459,"key_short":0,"key_long":0,"crc32c":"157b54bd"}
status --json
{"schema_version":1,"firmware":"0.1.0-dev.1","idf":"v6.0.2","toolchain":"gcc-15.2.0","device_id":"c1810c76790e","health":"OK","target_ok":true,"cores":2,"flash_bytes":16777216,"psram_bytes":8388608,"partitions_ok":true,"reset_reason":11,"display":"OK","tf":"READY","rtc":true,"rtc_valid":false,"utc":"","shtc3":true,"sensor_valid":true,"wifi":"CONNECTED","ap_active":false,"credentials_persisted":true,"tf_logging":true,"logging_error":0,"temperature_tenths_c":271,"humidity_tenths_percent":459,"key_short":0,"key_long":0,"elf_sha256":"1e04bf7cd44f4813a9df1b472ef7cc39e25b03a19a8aa2f37e6c316e4466c630","image_sha256":"b67bb4381a06dcc6f9eb32696df5648bfd3ca00b67d4c624a950776e13bb7927"}
frame>  
frame>  W (691127) frame-board: PCF85063 read failed: ESP_ERR_INVALID_CRC
{"schema_version":1,"sequence":61,"uptime_us":690687250,"utc_valid":false,"utc":"","source":"m1","event":"status","mode":"normal","status":"OK","device_id":"c1810c76790e","app":"d73cadb","idf":"v6.0.2","toolchain":"gcc-15.2.0","image_sha256":"b67bb4381a06dcc6f9eb32696df5648bfd3ca00b67d4c624a950776e13bb7927","partitions":true,"reset_reason":11,"tf":"READY","wifi":"CONNECTED","ap_setup":false,"rtc":true,"shtc3":true,"sensor_valid":true,"temperature_tenths_c":271,"humidity_tenths_percent":460,"key_short":0,"key_long":0,"crc32c":"84261374"}
W (701137) frame-board: PCF85063 read failed: ESP_ERR_INVALID_CRC
{"schema_version":1,"sequence":62,"uptime_us":700703253,"utc_valid":false,"utc":"","source":"m1","event":"status","mode":"normal","status":"OK","device_id":"c1810c76790e","app":"d73cadb","idf":"v6.0.2","toolchain":"gcc-15.2.0","image_sha256":"b67bb4381a06dcc6f9eb32696df5648bfd3ca00b67d4c624a950776e13bb7927","partitions":true,"reset_reason":11,"tf":"READY","wifi":"CONNECTED","ap_setup":false,"rtc":true,"shtc3":true,"sensor_valid":true,"temperature_tenths_c":271,"humidity_tenths_percent":460,"key_short":0,"key_long":0,"crc32c":"3cc4baa9"}
W (711146) frame-board: PCF85063 read failed: ESP_ERR_INVALID_CRC
{"schema_version":1,"sequence":63,"uptime_us":710719257,"utc_valid":false,"utc":"","source":"m1","event":"status","mode":"normal","status":"OK","device_id":"c1810c76790e","app":"d73cadb","idf":"v6.0.2","toolchain":"gcc-15.2.0","image_sha256":"b67bb4381a06dcc6f9eb32696df5648bfd3ca00b67d4c624a950776e13bb7927","partitions":true,"reset_reason":11,"tf":"READY","wifi":"CONNECTED","ap_setup":false,"rtc":true,"shtc3":true,"sensor_valid":true,"temperature_tenths_c":270,"humidity_tenths_percent":461,"key_short":0,"key_long":0,"crc32c":"c40556f4"}
W (721147) frame-board: PCF85063 read failed: ESP_ERR_INVALID_CRC
{"schema_version":1,"sequence":64,"uptime_us":720738263,"utc_valid":false,"utc":"","source":"m1","event":"status","mode":"normal","status":"OK","device_id":"c1810c76790e","app":"d73cadb","idf":"v6.0.2","toolchain":"gcc-15.2.0","image_sha256":"b67bb4381a06dcc6f9eb32696df5648bfd3ca00b67d4c624a950776e13bb7927","partitions":true,"reset_reason":11,"tf":"READY","wifi":"CONNECTED","ap_setup":false,"rtc":true,"shtc3":true,"sensor_valid":true,"temperature_tenths_c":271,"humidity_tenths_percent":461,"key_short":0,"key_long":0,"crc32c":"eb2b4cf6"}
W (731147) frame-board: PCF85063 read failed: ESP_ERR_INVALID_CRC
{"schema_version":1,"sequence":65,"uptime_us":730753265,"utc_valid":false,"utc":"","source":"m1","event":"status","mode":"normal","status":"OK","device_id":"c1810c76790e","app":"d73cadb","idf":"v6.0.2","toolchain":"gcc-15.2.0","image_sha256":"b67bb4381a06dcc6f9eb32696df5648bfd3ca00b67d4c624a950776e13bb7927","partitions":true,"reset_reason":11,"tf":"READY","wifi":"CONNECTED","ap_setup":false,"rtc":true,"shtc3":true,"sensor_valid":true,"temperature_tenths_c":270,"humidity_tenths_percent":462,"key_short":0,"key_long":0,"crc32c":"b488eca5"}
W (741147) frame-board: PCF85063 read failed: ESP_ERR_INVALID_CRC
{"schema_version":1,"sequence":66,"uptime_us":740768263,"utc_valid":false,"utc":"","source":"m1","event":"status","mode":"normal","status":"OK","device_id":"c1810c76790e","app":"d73cadb","idf":"v6.0.2","toolchain":"gcc-15.2.0","image_sha256":"b67bb4381a06dcc6f9eb32696df5648bfd3ca00b67d4c624a950776e13bb7927","partitions":true,"reset_reason":11,"tf":"READY","wifi":"CONNECTED","ap_setup":false,"rtc":true,"shtc3":true,"sensor_valid":true,"temperature_tenths_c":270,"humidity_tenths_percent":462,"key_short":0,"key_long":0,"crc32c":"af84128a"}
W (751156) frame-board: PCF85063 read failed: ESP_ERR_INVALID_CRC
{"schema_version":1,"sequence":67,"uptime_us":750784260,"utc_valid":false,"utc":"","source":"m1","event":"status","mode":"normal","status":"OK","device_id":"c1810c76790e","app":"d73cadb","idf":"v6.0.2","toolchain":"gcc-15.2.0","image_sha256":"b67bb4381a06dcc6f9eb32696df5648bfd3ca00b67d4c624a950776e13bb7927","partitions":true,"reset_reason":11,"tf":"READY","wifi":"CONNECTED","ap_setup":false,"rtc":true,"shtc3":true,"sensor_valid":true,"temperature_tenths_c":270,"humidity_tenths_percent":464,"key_short":0,"key_long":0,"crc32c":"5af8e312"}
W (761156) frame-board: PCF85063 read failed: ESP_ERR_INVALID_CRC
{"schema_version":1,"sequence":68,"uptime_us":760800260,"utc_valid":false,"utc":"","source":"m1","event":"status","mode":"normal","status":"OK","device_id":"c1810c76790e","app":"d73cadb","idf":"v6.0.2","toolchain":"gcc-15.2.0","image_sha256":"b67bb4381a06dcc6f9eb32696df5648bfd3ca00b67d4c624a950776e13bb7927","partitions":true,"reset_reason":11,"tf":"READY","wifi":"CONNECTED","ap_setup":false,"rtc":true,"shtc3":true,"sensor_valid":true,"temperature_tenths_c":270,"humidity_tenths_percent":462,"key_short":0,"key_long":0,"crc32c":"4f74a2b4"}
W (771158) frame-board: PCF85063 read failed: ESP_ERR_INVALID_CRC
{"schema_version":1,"sequence":69,"uptime_us":770816264,"utc_valid":false,"utc":"","source":"m1","event":"status","mode":"normal","status":"OK","device_id":"c1810c76790e","app":"d73cadb","idf":"v6.0.2","toolchain":"gcc-15.2.0","image_sha256":"b67bb4381a06dcc6f9eb32696df5648bfd3ca00b67d4c624a950776e13bb7927","partitions":true,"reset_reason":11,"tf":"READY","wifi":"CONNECTED","ap_setup":false,"rtc":true,"shtc3":true,"sensor_valid":true,"temperature_tenths_c":270,"humidity_tenths_percent":462,"key_short":0,"key_long":0,"crc32c":"26a9c25c"}
W (781158) frame-board: PCF85063 read failed: ESP_ERR_INVALID_CRC
{"schema_version":1,"sequence":70,"uptime_us":780832264,"utc_valid":false,"utc":"","source":"m1","event":"status","mode":"normal","status":"OK","device_id":"c1810c76790e","app":"d73cadb","idf":"v6.0.2","toolchain":"gcc-15.2.0","image_sha256":"b67bb4381a06dcc6f9eb32696df5648bfd3ca00b67d4c624a950776e13bb7927","partitions":true,"reset_reason":11,"tf":"READY","wifi":"CONNECTED","ap_setup":false,"rtc":true,"shtc3":true,"sensor_valid":true,"temperature_tenths_c":270,"humidity_tenths_percent":462,"key_short":0,"key_long":0,"crc32c":"785ef761"}
W (791158) frame-board: PCF85063 read failed: ESP_ERR_INVALID_CRC
{"schema_version":1,"sequence":71,"uptime_us":790851261,"utc_valid":false,"utc":"","source":"m1","event":"status","mode":"normal","status":"OK","device_id":"c1810c76790e","app":"d73cadb","idf":"v6.0.2","toolchain":"gcc-15.2.0","image_sha256":"b67bb4381a06dcc6f9eb32696df5648bfd3ca00b67d4c624a950776e13bb7927","partitions":true,"reset_reason":11,"tf":"READY","wifi":"CONNECTED","ap_setup":false,"rtc":true,"shtc3":true,"sensor_valid":true,"temperature_tenths_c":270,"humidity_tenths_percent":462,"key_short":0,"key_long":0,"crc32c":"14a6ea2e"}
W (801167) frame-board: PCF85063 read failed: ESP_ERR_INVALID_CRC
{"schema_version":1,"sequence":72,"uptime_us":800867264,"utc_valid":false,"utc":"","source":"m1","event":"status","mode":"normal","status":"OK","device_id":"c1810c76790e","app":"d73cadb","idf":"v6.0.2","toolchain":"gcc-15.2.0","image_sha256":"b67bb4381a06dcc6f9eb32696df5648bfd3ca00b67d4c624a950776e13bb7927","partitions":true,"reset_reason":11,"tf":"READY","wifi":"CONNECTED","ap_setup":false,"rtc":true,"shtc3":true,"sensor_valid":true,"temperature_tenths_c":270,"humidity_tenths_percent":461,"key_short":0,"key_long":0,"crc32c":"c1c69446"}
status --json
{"schema_version":1,"firmware":"0.1.0-dev.1","idf":"v6.0.2","toolchain":"gcc-15.2.0","device_id":"c1810c76790e","health":"OK","target_ok":true,"cores":2,"flash_bytes":16777216,"psram_bytes":8388608,"partitions_ok":true,"reset_reason":11,"display":"OK","tf":"READY","rtc":true,"rtc_valid":false,"utc":"","shtc3":true,"sensor_valid":true,"wifi":"CONNECTED","ap_active":false,"credentials_persisted":true,"tf_logging":true,"logging_error":0,"temperature_tenths_c":270,"humidity_tenths_percent":461,"key_short":0,"key_long":0,"elf_sha256":"1e04bf7cd44f4813a9df1b472ef7cc39e25b03a19a8aa2f37e6c316e4466c630","image_sha256":"b67bb4381a06dcc6f9eb32696df5648bfd3ca00b67d4c624a950776e13bb7927"}
frame>  
frame>  W (811167) frame-board: PCF85063 read failed: ESP_ERR_INVALID_CRC
{"schema_version":1,"sequence":73,"uptime_us":810883253,"utc_valid":false,"utc":"","source":"m1","event":"status","mode":"normal","status":"OK","device_id":"c1810c76790e","app":"d73cadb","idf":"v6.0.2","toolchain":"gcc-15.2.0","image_sha256":"b67bb4381a06dcc6f9eb32696df5648bfd3ca00b67d4c624a950776e13bb7927","partitions":true,"reset_reason":11,"tf":"READY","wifi":"CONNECTED","ap_setup":false,"rtc":true,"shtc3":true,"sensor_valid":true,"temperature_tenths_c":270,"humidity_tenths_percent":463,"key_short":0,"key_long":0,"crc32c":"6ebe6ec8"}
W (821176) frame-board: PCF85063 read failed: ESP_ERR_INVALID_CRC
{"schema_version":1,"sequence":74,"uptime_us":820899271,"utc_valid":false,"utc":"","source":"m1","event":"status","mode":"normal","status":"OK","device_id":"c1810c76790e","app":"d73cadb","idf":"v6.0.2","toolchain":"gcc-15.2.0","image_sha256":"b67bb4381a06dcc6f9eb32696df5648bfd3ca00b67d4c624a950776e13bb7927","partitions":true,"reset_reason":11,"tf":"READY","wifi":"CONNECTED","ap_setup":false,"rtc":true,"shtc3":true,"sensor_valid":true,"temperature_tenths_c":270,"humidity_tenths_percent":462,"key_short":0,"key_long":0,"crc32c":"b596ebe5"}
W (831177) frame-board: PCF85063 read failed: ESP_ERR_INVALID_CRC
{"schema_version":1,"sequence":75,"uptime_us":830915262,"utc_valid":false,"utc":"","source":"m1","event":"status","mode":"normal","status":"OK","device_id":"c1810c76790e","app":"d73cadb","idf":"v6.0.2","toolchain":"gcc-15.2.0","image_sha256":"b67bb4381a06dcc6f9eb32696df5648bfd3ca00b67d4c624a950776e13bb7927","partitions":true,"reset_reason":11,"tf":"READY","wifi":"CONNECTED","ap_setup":false,"rtc":true,"shtc3":true,"sensor_valid":true,"temperature_tenths_c":270,"humidity_tenths_percent":463,"key_short":0,"key_long":0,"crc32c":"e1777803"}
W (841178) frame-board: PCF85063 read failed: ESP_ERR_INVALID_CRC
{"schema_version":1,"sequence":76,"uptime_us":840931260,"utc_valid":false,"utc":"","source":"m1","event":"status","mode":"normal","status":"OK","device_id":"c1810c76790e","app":"d73cadb","idf":"v6.0.2","toolchain":"gcc-15.2.0","image_sha256":"b67bb4381a06dcc6f9eb32696df5648bfd3ca00b67d4c624a950776e13bb7927","partitions":true,"reset_reason":11,"tf":"READY","wifi":"CONNECTED","ap_setup":false,"rtc":true,"shtc3":true,"sensor_valid":true,"temperature_tenths_c":270,"humidity_tenths_percent":463,"key_short":0,"key_long":0,"crc32c":"3d8db78c"}
W (851178) frame-board: PCF85063 read failed: ESP_ERR_INVALID_CRC
{"schema_version":1,"sequence":77,"uptime_us":850950257,"utc_valid":false,"utc":"","source":"m1","event":"status","mode":"normal","status":"OK","device_id":"c1810c76790e","app":"d73cadb","idf":"v6.0.2","toolchain":"gcc-15.2.0","image_sha256":"b67bb4381a06dcc6f9eb32696df5648bfd3ca00b67d4c624a950776e13bb7927","partitions":true,"reset_reason":11,"tf":"READY","wifi":"CONNECTED","ap_setup":false,"rtc":true,"shtc3":true,"sensor_valid":true,"temperature_tenths_c":270,"humidity_tenths_percent":463,"key_short":0,"key_long":0,"crc32c":"f60fab67"}
W (861180) frame-board: PCF85063 read failed: ESP_ERR_INVALID_CRC
{"schema_version":1,"sequence":78,"uptime_us":860967261,"utc_valid":false,"utc":"","source":"m1","event":"status","mode":"normal","status":"OK","device_id":"c1810c76790e","app":"d73cadb","idf":"v6.0.2","toolchain":"gcc-15.2.0","image_sha256":"b67bb4381a06dcc6f9eb32696df5648bfd3ca00b67d4c624a950776e13bb7927","partitions":true,"reset_reason":11,"tf":"READY","wifi":"CONNECTED","ap_setup":false,"rtc":true,"shtc3":true,"sensor_valid":true,"temperature_tenths_c":270,"humidity_tenths_percent":464,"key_short":0,"key_long":0,"crc32c":"e53ba687"}
W (871180) frame-board: PCF85063 read failed: ESP_ERR_INVALID_CRC
{"schema_version":1,"sequence":79,"uptime_us":870982260,"utc_valid":false,"utc":"","source":"m1","event":"status","mode":"normal","status":"OK","device_id":"c1810c76790e","app":"d73cadb","idf":"v6.0.2","toolchain":"gcc-15.2.0","image_sha256":"b67bb4381a06dcc6f9eb32696df5648bfd3ca00b67d4c624a950776e13bb7927","partitions":true,"reset_reason":11,"tf":"READY","wifi":"CONNECTED","ap_setup":false,"rtc":true,"shtc3":true,"sensor_valid":true,"temperature_tenths_c":270,"humidity_tenths_percent":463,"key_short":0,"key_long":0,"crc32c":"7e9a683f"}
W (881189) frame-board: PCF85063 read failed: ESP_ERR_INVALID_CRC
{"schema_version":1,"sequence":80,"uptime_us":880998265,"utc_valid":false,"utc":"","source":"m1","event":"status","mode":"normal","status":"OK","device_id":"c1810c76790e","app":"d73cadb","idf":"v6.0.2","toolchain":"gcc-15.2.0","image_sha256":"b67bb4381a06dcc6f9eb32696df5648bfd3ca00b67d4c624a950776e13bb7927","partitions":true,"reset_reason":11,"tf":"READY","wifi":"CONNECTED","ap_setup":false,"rtc":true,"shtc3":true,"sensor_valid":true,"temperature_tenths_c":270,"humidity_tenths_percent":463,"key_short":0,"key_long":0,"crc32c":"f3145535"}
W (891198) frame-board: PCF85063 read failed: ESP_ERR_INVALID_CRC
{"schema_version":1,"sequence":81,"uptime_us":891014258,"utc_valid":false,"utc":"","source":"m1","event":"status","mode":"normal","status":"OK","device_id":"c1810c76790e","app":"d73cadb","idf":"v6.0.2","toolchain":"gcc-15.2.0","image_sha256":"b67bb4381a06dcc6f9eb32696df5648bfd3ca00b67d4c624a950776e13bb7927","partitions":true,"reset_reason":11,"tf":"READY","wifi":"CONNECTED","ap_setup":false,"rtc":true,"shtc3":true,"sensor_valid":true,"temperature_tenths_c":269,"humidity_tenths_percent":463,"key_short":0,"key_long":0,"crc32c":"230fd30c"}
W (901198) frame-board: PCF85063 read failed: ESP_ERR_INVALID_CRC
{"schema_version":1,"sequence":82,"uptime_us":901030269,"utc_valid":false,"utc":"","source":"m1","event":"status","mode":"normal","status":"OK","device_id":"c1810c76790e","app":"d73cadb","idf":"v6.0.2","toolchain":"gcc-15.2.0","image_sha256":"b67bb4381a06dcc6f9eb32696df5648bfd3ca00b67d4c624a950776e13bb7927","partitions":true,"reset_reason":11,"tf":"READY","wifi":"CONNECTED","ap_setup":false,"rtc":true,"shtc3":true,"sensor_valid":true,"temperature_tenths_c":269,"humidity_tenths_percent":464,"key_short":0,"key_long":0,"crc32c":"35acc07f"}
W (911198) frame-board: PCF85063 read failed: ESP_ERR_INVALID_CRC
{"schema_version":1,"sequence":83,"uptime_us":911047257,"utc_valid":false,"utc":"","source":"m1","event":"status","mode":"normal","status":"OK","device_id":"c1810c76790e","app":"d73cadb","idf":"v6.0.2","toolchain":"gcc-15.2.0","image_sha256":"b67bb4381a06dcc6f9eb32696df5648bfd3ca00b67d4c624a950776e13bb7927","partitions":true,"reset_reason":11,"tf":"READY","wifi":"CONNECTED","ap_setup":false,"rtc":true,"shtc3":true,"sensor_valid":true,"temperature_tenths_c":269,"humidity_tenths_percent":465,"key_short":0,"key_long":0,"crc32c":"bbd94199"}
W (921199) frame-board: PCF85063 read failed: ESP_ERR_INVALID_CRC
{"schema_version":1,"sequence":84,"uptime_us":921066258,"utc_valid":false,"utc":"","source":"m1","event":"status","mode":"normal","status":"OK","device_id":"c1810c76790e","app":"d73cadb","idf":"v6.0.2","toolchain":"gcc-15.2.0","image_sha256":"b67bb4381a06dcc6f9eb32696df5648bfd3ca00b67d4c624a950776e13bb7927","partitions":true,"reset_reason":11,"tf":"READY","wifi":"CONNECTED","ap_setup":false,"rtc":true,"shtc3":true,"sensor_valid":true,"temperature_tenths_c":269,"humidity_tenths_percent":465,"key_short":0,"key_long":0,"crc32c":"ef7c4d60"}
status --json
{"schema_version":1,"firmware":"0.1.0-dev.1","idf":"v6.0.2","toolchain":"gcc-15.2.0","device_id":"c1810c76790e","health":"OK","target_ok":true,"cores":2,"flash_bytes":16777216,"psram_bytes":8388608,"partitions_ok":true,"reset_reason":11,"display":"OK","tf":"READY","rtc":true,"rtc_valid":false,"utc":"","shtc3":true,"sensor_valid":true,"wifi":"CONNECTED","ap_active":false,"credentials_persisted":true,"tf_logging":true,"logging_error":0,"temperature_tenths_c":269,"humidity_tenths_percent":465,"key_short":0,"key_long":0,"elf_sha256":"1e04bf7cd44f4813a9df1b472ef7cc39e25b03a19a8aa2f37e6c316e4466c630","image_sha256":"b67bb4381a06dcc6f9eb32696df5648bfd3ca00b67d4c624a950776e13bb7927"}
frame>  
frame>  wifi reconnect
W (929798) wifi:sta is connected, disconnect before connecting to new ap
wifi reconnect: ESP_OK
frame>  
frame>  
W (931208) frame-board: PCF85063 read failed: ESP_ERR_INVALID_CRC
{"schema_version":1,"sequence":85,"uptime_us":931081264,"utc_valid":false,"utc":"","source":"m1","event":"status","mode":"normal","status":"OK","device_id":"c1810c76790e","app":"d73cadb","idf":"v6.0.2","toolchain":"gcc-15.2.0","image_sha256":"b67bb4381a06dcc6f9eb32696df5648bfd3ca00b67d4c624a950776e13bb7927","partitions":true,"reset_reason":11,"tf":"READY","wifi":"CONNECTING","ap_setup":false,"rtc":true,"shtc3":true,"sensor_valid":true,"temperature_tenths_c":269,"humidity_tenths_percent":465,"key_short":0,"key_long":0,"crc32c":"c805ac89"}
W (941208) frame-board: PCF85063 read failed: ESP_ERR_INVALID_CRC
{"schema_version":1,"sequence":86,"uptime_us":941097257,"utc_valid":false,"utc":"","source":"m1","event":"status","mode":"normal","status":"OK","device_id":"c1810c76790e","app":"d73cadb","idf":"v6.0.2","toolchain":"gcc-15.2.0","image_sha256":"b67bb4381a06dcc6f9eb32696df5648bfd3ca00b67d4c624a950776e13bb7927","partitions":true,"reset_reason":11,"tf":"READY","wifi":"CONNECTING","ap_setup":false,"rtc":true,"shtc3":true,"sensor_valid":true,"temperature_tenths_c":270,"humidity_tenths_percent":465,"key_short":0,"key_long":0,"crc32c":"68ba0d09"}
W (951209) frame-board: PCF85063 read failed: ESP_ERR_INVALID_CRC
{"schema_version":1,"sequence":87,"uptime_us":951113264,"utc_valid":false,"utc":"","source":"m1","event":"status","mode":"normal","status":"OK","device_id":"c1810c76790e","app":"d73cadb","idf":"v6.0.2","toolchain":"gcc-15.2.0","image_sha256":"b67bb4381a06dcc6f9eb32696df5648bfd3ca00b67d4c624a950776e13bb7927","partitions":true,"reset_reason":11,"tf":"READY","wifi":"CONNECTING","ap_setup":false,"rtc":true,"shtc3":true,"sensor_valid":true,"temperature_tenths_c":269,"humidity_tenths_percent":466,"key_short":0,"key_long":0,"crc32c":"3fc729f4"}
W (961218) frame-board: PCF85063 read failed: ESP_ERR_INVALID_CRC
{"schema_version":1,"sequence":88,"uptime_us":961129264,"utc_valid":false,"utc":"","source":"m1","event":"status","mode":"normal","status":"OK","device_id":"c1810c76790e","app":"d73cadb","idf":"v6.0.2","toolchain":"gcc-15.2.0","image_sha256":"b67bb4381a06dcc6f9eb32696df5648bfd3ca00b67d4c624a950776e13bb7927","partitions":true,"reset_reason":11,"tf":"READY","wifi":"CONNECTING","ap_setup":false,"rtc":true,"shtc3":true,"sensor_valid":true,"temperature_tenths_c":269,"humidity_tenths_percent":466,"key_short":0,"key_long":0,"crc32c":"64261efd"}
W (971218) frame-board: PCF85063 read failed: ESP_ERR_INVALID_CRC
{"schema_version":1,"sequence":89,"uptime_us":971145258,"utc_valid":false,"utc":"","source":"m1","event":"status","mode":"normal","status":"OK","device_id":"c1810c76790e","app":"d73cadb","idf":"v6.0.2","toolchain":"gcc-15.2.0","image_sha256":"b67bb4381a06dcc6f9eb32696df5648bfd3ca00b67d4c624a950776e13bb7927","partitions":true,"reset_reason":11,"tf":"READY","wifi":"CONNECTING","ap_setup":false,"rtc":true,"shtc3":true,"sensor_valid":true,"temperature_tenths_c":269,"humidity_tenths_percent":467,"key_short":0,"key_long":0,"crc32c":"72958800"}
W (981218) frame-board: PCF85063 read failed: ESP_ERR_INVALID_CRC
{"schema_version":1,"sequence":90,"uptime_us":981164254,"utc_valid":false,"utc":"","source":"m1","event":"status","mode":"normal","status":"OK","device_id":"c1810c76790e","app":"d73cadb","idf":"v6.0.2","toolchain":"gcc-15.2.0","image_sha256":"b67bb4381a06dcc6f9eb32696df5648bfd3ca00b67d4c624a950776e13bb7927","partitions":true,"reset_reason":11,"tf":"READY","wifi":"CONNECTING","ap_setup":false,"rtc":true,"shtc3":true,"sensor_valid":true,"temperature_tenths_c":269,"humidity_tenths_percent":466,"key_short":0,"key_long":0,"crc32c":"a19504fa"}
W (991227) frame-board: PCF85063 read failed: ESP_ERR_INVALID_CRC
{"schema_version":1,"sequence":91,"uptime_us":991179264,"utc_valid":false,"utc":"","source":"m1","event":"status","mode":"normal","status":"OK","device_id":"c1810c76790e","app":"d73cadb","idf":"v6.0.2","toolchain":"gcc-15.2.0","image_sha256":"b67bb4381a06dcc6f9eb32696df5648bfd3ca00b67d4c624a950776e13bb7927","partitions":true,"reset_reason":11,"tf":"READY","wifi":"CONNECTING","ap_setup":false,"rtc":true,"shtc3":true,"sensor_valid":true,"temperature_tenths_c":269,"humidity_tenths_percent":466,"key_short":0,"key_long":0,"crc32c":"3ed07576"}
W (1001228) frame-board: PCF85063 read failed: ESP_ERR_INVALID_CRC
{"schema_version":1,"sequence":92,"uptime_us":1001194258,"utc_valid":false,"utc":"","source":"m1","event":"status","mode":"normal","status":"OK","device_id":"c1810c76790e","app":"d73cadb","idf":"v6.0.2","toolchain":"gcc-15.2.0","image_sha256":"b67bb4381a06dcc6f9eb32696df5648bfd3ca00b67d4c624a950776e13bb7927","partitions":true,"reset_reason":11,"tf":"READY","wifi":"CONNECTING","ap_setup":false,"rtc":true,"shtc3":true,"sensor_valid":true,"temperature_tenths_c":269,"humidity_tenths_percent":465,"key_short":0,"key_long":0,"crc32c":"9c1289a0"}
W (1011228) frame-board: PCF85063 read failed: ESP_ERR_INVALID_CRC
{"schema_version":1,"sequence":93,"uptime_us":1011210260,"utc_valid":false,"utc":"","source":"m1","event":"status","mode":"normal","status":"OK","device_id":"c1810c76790e","app":"d73cadb","idf":"v6.0.2","toolchain":"gcc-15.2.0","image_sha256":"b67bb4381a06dcc6f9eb32696df5648bfd3ca00b67d4c624a950776e13bb7927","partitions":true,"reset_reason":11,"tf":"READY","wifi":"CONNECTING","ap_setup":false,"rtc":true,"shtc3":true,"sensor_valid":true,"temperature_tenths_c":269,"humidity_tenths_percent":466,"key_short":0,"key_long":0,"crc32c":"9411a1cf"}
W (1021230) frame-board: PCF85063 read failed: ESP_ERR_INVALID_CRC
{"schema_version":1,"sequence":94,"uptime_us":1021227263,"utc_valid":false,"utc":"","source":"m1","event":"status","mode":"normal","status":"OK","device_id":"c1810c76790e","app":"d73cadb","idf":"v6.0.2","toolchain":"gcc-15.2.0","image_sha256":"b67bb4381a06dcc6f9eb32696df5648bfd3ca00b67d4c624a950776e13bb7927","partitions":true,"reset_reason":11,"tf":"READY","wifi":"CONNECTING","ap_setup":false,"rtc":true,"shtc3":true,"sensor_valid":true,"temperature_tenths_c":269,"humidity_tenths_percent":467,"key_short":0,"key_long":0,"crc32c":"0f66922b"}
W (1031269) frame-board: SHTC3 sample failed: ESP_ERR_INVALID_RESPONSE
W (1031271) frame-board: PCF85063 read failed: ESP_ERR_INVALID_CRC
{"schema_version":1,"sequence":95,"uptime_us":1031243260,"utc_valid":false,"utc":"","source":"m1","event":"status","mode":"normal","status":"DEGRADED","device_id":"c1810c76790e","app":"d73cadb","idf":"v6.0.2","toolchain":"gcc-15.2.0","image_sha256":"b67bb4381a06dcc6f9eb32696df5648bfd3ca00b67d4c624a950776e13bb7927","partitions":true,"reset_reason":11,"tf":"READY","wifi":"CONNECTING","ap_setup":false,"rtc":true,"shtc3":true,"sensor_valid":false,"temperature_tenths_c":0,"humidity_tenths_percent":0,"key_short":0,"key_long":0,"crc32c":"75bb0dc5"}
W (1041350) frame-board: PCF85063 read failed: ESP_ERR_INVALID_CRC
{"schema_version":1,"sequence":96,"uptime_us":1041259260,"utc_valid":false,"utc":"","source":"m1","event":"status","mode":"normal","status":"OK","device_id":"c1810c76790e","app":"d73cadb","idf":"v6.0.2","toolchain":"gcc-15.2.0","image_sha256":"b67bb4381a06dcc6f9eb32696df5648bfd3ca00b67d4c624a950776e13bb7927","partitions":true,"reset_reason":11,"tf":"READY","wifi":"CONNECTING","ap_setup":false,"rtc":true,"shtc3":true,"sensor_valid":true,"temperature_tenths_c":269,"humidity_tenths_percent":467,"key_short":0,"key_long":0,"crc32c":"b26e180d"}
status --json
{"schema_version":1,"firmware":"0.1.0-dev.1","idf":"v6.0.2","toolchain":"gcc-15.2.0","device_id":"c1810c76790e","health":"OK","target_ok":true,"cores":2,"flash_bytes":16777216,"psram_bytes":8388608,"partitions_ok":true,"reset_reason":11,"display":"OK","tf":"READY","rtc":true,"rtc_valid":false,"utc":"","shtc3":true,"sensor_valid":true,"wifi":"CONNECTING","ap_active":false,"credentials_persisted":true,"tf_logging":true,"logging_error":0,"temperature_tenths_c":269,"humidity_tenths_percent":467,"key_short":0,"key_long":0,"elf_sha256":"1e04bf7cd44f4813a9df1b472ef7cc39e25b03a19a8aa2f37e6c316e4466c630","image_sha256":"b67bb4381a06dcc6f9eb32696df5648bfd3ca00b67d4c624a950776e13bb7927"}
frame>  
frame>  
W (1051302) frame-board: PCF85063 read failed: ESP_ERR_INVALID_CRC
{"schema_version":1,"sequence":97,"uptime_us":1051278262,"utc_valid":false,"utc":"","source":"m1","event":"status","mode":"normal","status":"OK","device_id":"c1810c76790e","app":"d73cadb","idf":"v6.0.2","toolchain":"gcc-15.2.0","image_sha256":"b67bb4381a06dcc6f9eb32696df5648bfd3ca00b67d4c624a950776e13bb7927","partitions":true,"reset_reason":11,"tf":"READY","wifi":"CONNECTING","ap_setup":false,"rtc":true,"shtc3":true,"sensor_valid":true,"temperature_tenths_c":269,"humidity_tenths_percent":467,"key_short":0,"key_long":0,"crc32c":"718079ba"}
W (1061309) frame-board: PCF85063 read failed: ESP_ERR_INVALID_CRC
{"schema_version":1,"sequence":98,"uptime_us":1061293271,"utc_valid":false,"utc":"","source":"m1","event":"status","mode":"normal","status":"OK","device_id":"c1810c76790e","app":"d73cadb","idf":"v6.0.2","toolchain":"gcc-15.2.0","image_sha256":"b67bb4381a06dcc6f9eb32696df5648bfd3ca00b67d4c624a950776e13bb7927","partitions":true,"reset_reason":11,"tf":"READY","wifi":"CONNECTING","ap_setup":false,"rtc":true,"shtc3":true,"sensor_valid":true,"temperature_tenths_c":269,"humidity_tenths_percent":467,"key_short":0,"key_long":0,"crc32c":"5816e019"}
W (1071319) frame-board: PCF85063 read failed: ESP_ERR_INVALID_CRC
{"schema_version":1,"sequence":99,"uptime_us":1071312260,"utc_valid":false,"utc":"","source":"m1","event":"status","mode":"normal","status":"OK","device_id":"c1810c76790e","app":"d73cadb","idf":"v6.0.2","toolchain":"gcc-15.2.0","image_sha256":"b67bb4381a06dcc6f9eb32696df5648bfd3ca00b67d4c624a950776e13bb7927","partitions":true,"reset_reason":11,"tf":"READY","wifi":"CONNECTING","ap_setup":false,"rtc":true,"shtc3":true,"sensor_valid":true,"temperature_tenths_c":269,"humidity_tenths_percent":466,"key_short":0,"key_long":0,"crc32c":"91997e0b"}
W (1081319) frame-board: PCF85063 read failed: ESP_ERR_INVALID_CRC
{"schema_version":1,"sequence":100,"uptime_us":1081328264,"utc_valid":false,"utc":"","source":"m1","event":"status","mode":"normal","status":"OK","device_id":"c1810c76790e","app":"d73cadb","idf":"v6.0.2","toolchain":"gcc-15.2.0","image_sha256":"b67bb4381a06dcc6f9eb32696df5648bfd3ca00b67d4c624a950776e13bb7927","partitions":true,"reset_reason":11,"tf":"READY","wifi":"CONNECTING","ap_setup":false,"rtc":true,"shtc3":true,"sensor_valid":true,"temperature_tenths_c":269,"humidity_tenths_percent":468,"key_short":0,"key_long":0,"crc32c":"3c4419d1"}
W (1091319) frame-board: PCF85063 read failed: ESP_ERR_INVALID_CRC
{"schema_version":1,"sequence":101,"uptime_us":1091344261,"utc_valid":false,"utc":"","source":"m1","event":"status","mode":"normal","status":"OK","device_id":"c1810c76790e","app":"d73cadb","idf":"v6.0.2","toolchain":"gcc-15.2.0","image_sha256":"b67bb4381a06dcc6f9eb32696df5648bfd3ca00b67d4c624a950776e13bb7927","partitions":true,"reset_reason":11,"tf":"READY","wifi":"CONNECTING","ap_setup":false,"rtc":true,"shtc3":true,"sensor_valid":true,"temperature_tenths_c":269,"humidity_tenths_percent":470,"key_short":0,"key_long":0,"crc32c":"cdcc22af"}
W (1101321) frame-board: PCF85063 read failed: ESP_ERR_INVALID_CRC
{"schema_version":1,"sequence":102,"uptime_us":1101360265,"utc_valid":false,"utc":"","source":"m1","event":"status","mode":"normal","status":"OK","device_id":"c1810c76790e","app":"d73cadb","idf":"v6.0.2","toolchain":"gcc-15.2.0","image_sha256":"b67bb4381a06dcc6f9eb32696df5648bfd3ca00b67d4c624a950776e13bb7927","partitions":true,"reset_reason":11,"tf":"READY","wifi":"CONNECTING","ap_setup":false,"rtc":true,"shtc3":true,"sensor_valid":true,"temperature_tenths_c":270,"humidity_tenths_percent":470,"key_short":0,"key_long":0,"crc32c":"ba225323"}
W (1111321) frame-board: PCF85063 read failed: ESP_ERR_INVALID_CRC
{"schema_version":1,"sequence":103,"uptime_us":1111379258,"utc_valid":false,"utc":"","source":"m1","event":"status","mode":"normal","status":"OK","device_id":"c1810c76790e","app":"d73cadb","idf":"v6.0.2","toolchain":"gcc-15.2.0","image_sha256":"b67bb4381a06dcc6f9eb32696df5648bfd3ca00b67d4c624a950776e13bb7927","partitions":true,"reset_reason":11,"tf":"READY","wifi":"CONNECTING","ap_setup":false,"rtc":true,"shtc3":true,"sensor_valid":true,"temperature_tenths_c":269,"humidity_tenths_percent":470,"key_short":0,"key_long":0,"crc32c":"0eb59dbe"}
W (1121323) frame-board: PCF85063 read failed: ESP_ERR_INVALID_CRC
{"schema_version":1,"sequence":104,"uptime_us":1121394262,"utc_valid":false,"utc":"","source":"m1","event":"status","mode":"normal","status":"OK","device_id":"c1810c76790e","app":"d73cadb","idf":"v6.0.2","toolchain":"gcc-15.2.0","image_sha256":"b67bb4381a06dcc6f9eb32696df5648bfd3ca00b67d4c624a950776e13bb7927","partitions":true,"reset_reason":11,"tf":"READY","wifi":"CONNECTING","ap_setup":false,"rtc":true,"shtc3":true,"sensor_valid":true,"temperature_tenths_c":269,"humidity_tenths_percent":469,"key_short":0,"key_long":0,"crc32c":"02f5b9ef"}
W (1131332) frame-board: PCF85063 read failed: ESP_ERR_INVALID_CRC
{"schema_version":1,"sequence":105,"uptime_us":1131410256,"utc_valid":false,"utc":"","source":"m1","event":"status","mode":"normal","status":"OK","device_id":"c1810c76790e","app":"d73cadb","idf":"v6.0.2","toolchain":"gcc-15.2.0","image_sha256":"b67bb4381a06dcc6f9eb32696df5648bfd3ca00b67d4c624a950776e13bb7927","partitions":true,"reset_reason":11,"tf":"READY","wifi":"CONNECTING","ap_setup":false,"rtc":true,"shtc3":true,"sensor_valid":true,"temperature_tenths_c":270,"humidity_tenths_percent":469,"key_short":0,"key_long":0,"crc32c":"bcabee21"}
W (1141332) frame-board: PCF85063 read failed: ESP_ERR_INVALID_CRC
{"schema_version":1,"sequence":106,"uptime_us":1141426298,"utc_valid":false,"utc":"","source":"m1","event":"status","mode":"normal","status":"OK","device_id":"c1810c76790e","app":"d73cadb","idf":"v6.0.2","toolchain":"gcc-15.2.0","image_sha256":"b67bb4381a06dcc6f9eb32696df5648bfd3ca00b67d4c624a950776e13bb7927","partitions":true,"reset_reason":11,"tf":"READY","wifi":"CONNECTING","ap_setup":false,"rtc":true,"shtc3":true,"sensor_valid":true,"temperature_tenths_c":269,"humidity_tenths_percent":469,"key_short":0,"key_long":0,"crc32c":"8b366f64"}
W (1151335) frame-board: PCF85063 read failed: ESP_ERR_INVALID_CRC
{"schema_version":1,"sequence":107,"uptime_us":1151442257,"utc_valid":false,"utc":"","source":"m1","event":"status","mode":"normal","status":"OK","device_id":"c1810c76790e","app":"d73cadb","idf":"v6.0.2","toolchain":"gcc-15.2.0","image_sha256":"b67bb4381a06dcc6f9eb32696df5648bfd3ca00b67d4c624a950776e13bb7927","partitions":true,"reset_reason":11,"tf":"READY","wifi":"CONNECTING","ap_setup":false,"rtc":true,"shtc3":true,"sensor_valid":true,"temperature_tenths_c":269,"humidity_tenths_percent":469,"key_short":0,"key_long":0,"crc32c":"bf0a8ae1"}
W (1161336) frame-board: PCF85063 read failed: ESP_ERR_INVALID_CRC
{"schema_version":1,"sequence":108,"uptime_us":1161458257,"utc_valid":false,"utc":"","source":"m1","event":"status","mode":"normal","status":"OK","device_id":"c1810c76790e","app":"d73cadb","idf":"v6.0.2","toolchain":"gcc-15.2.0","image_sha256":"b67bb4381a06dcc6f9eb32696df5648bfd3ca00b67d4c624a950776e13bb7927","partitions":true,"reset_reason":11,"tf":"READY","wifi":"CONNECTING","ap_setup":false,"rtc":true,"shtc3":true,"sensor_valid":true,"temperature_tenths_c":269,"humidity_tenths_percent":469,"key_short":0,"key_long":0,"crc32c":"103ab4c5"}
status --json
{"schema_version":1,"firmware":"0.1.0-dev.1","idf":"v6.0.2","toolchain":"gcc-15.2.0","device_id":"c1810c76790e","health":"OK","target_ok":true,"cores":2,"flash_bytes":16777216,"psram_bytes":8388608,"partitions_ok":true,"reset_reason":11,"display":"OK","tf":"READY","rtc":true,"rtc_valid":false,"utc":"","shtc3":true,"sensor_valid":true,"wifi":"CONNECTING","ap_active":false,"credentials_persisted":true,"tf_logging":true,"logging_error":0,"temperature_tenths_c":269,"humidity_tenths_percent":469,"key_short":0,"key_long":0,"elf_sha256":"1e04bf7cd44f4813a9df1b472ef7cc39e25b03a19a8aa2f37e6c316e4466c630","image_sha256":"b67bb4381a06dcc6f9eb32696df5648bfd3ca00b67d4c624a950776e13bb7927"}
frame>  
frame>  
W (1171336) frame-board: PCF85063 read failed: ESP_ERR_INVALID_CRC
{"schema_version":1,"sequence":109,"uptime_us":1171475263,"utc_valid":false,"utc":"","source":"m1","event":"status","mode":"normal","status":"OK","device_id":"c1810c76790e","app":"d73cadb","idf":"v6.0.2","toolchain":"gcc-15.2.0","image_sha256":"b67bb4381a06dcc6f9eb32696df5648bfd3ca00b67d4c624a950776e13bb7927","partitions":true,"reset_reason":11,"tf":"READY","wifi":"CONNECTING","ap_setup":false,"rtc":true,"shtc3":true,"sensor_valid":true,"temperature_tenths_c":269,"humidity_tenths_percent":469,"key_short":0,"key_long":0,"crc32c":"547f7534"}
W (1181336) frame-board: PCF85063 read failed: ESP_ERR_INVALID_CRC
{"schema_version":1,"sequence":110,"uptime_us":1181494263,"utc_valid":false,"utc":"","source":"m1","event":"status","mode":"normal","status":"OK","device_id":"c1810c76790e","app":"d73cadb","idf":"v6.0.2","toolchain":"gcc-15.2.0","image_sha256":"b67bb4381a06dcc6f9eb32696df5648bfd3ca00b67d4c624a950776e13bb7927","partitions":true,"reset_reason":11,"tf":"READY","wifi":"CONNECTING","ap_setup":false,"rtc":true,"shtc3":true,"sensor_valid":true,"temperature_tenths_c":269,"humidity_tenths_percent":469,"key_short":0,"key_long":0,"crc32c":"d7bd723d"}
W (1191337) frame-board: PCF85063 read failed: ESP_ERR_INVALID_CRC
{"schema_version":1,"sequence":111,"uptime_us":1191510257,"utc_valid":false,"utc":"","source":"m1","event":"status","mode":"normal","status":"OK","device_id":"c1810c76790e","app":"d73cadb","idf":"v6.0.2","toolchain":"gcc-15.2.0","image_sha256":"b67bb4381a06dcc6f9eb32696df5648bfd3ca00b67d4c624a950776e13bb7927","partitions":true,"reset_reason":11,"tf":"READY","wifi":"CONNECTING","ap_setup":false,"rtc":true,"shtc3":true,"sensor_valid":true,"temperature_tenths_c":269,"humidity_tenths_percent":469,"key_short":0,"key_long":0,"crc32c":"a1e209bb"}
W (1201337) frame-board: PCF85063 read failed: ESP_ERR_INVALID_CRC
{"schema_version":1,"sequence":112,"uptime_us":1201525263,"utc_valid":false,"utc":"","source":"m1","event":"status","mode":"normal","status":"OK","device_id":"c1810c76790e","app":"d73cadb","idf":"v6.0.2","toolchain":"gcc-15.2.0","image_sha256":"b67bb4381a06dcc6f9eb32696df5648bfd3ca00b67d4c624a950776e13bb7927","partitions":true,"reset_reason":11,"tf":"READY","wifi":"CONNECTING","ap_setup":false,"rtc":true,"shtc3":true,"sensor_valid":true,"temperature_tenths_c":269,"humidity_tenths_percent":468,"key_short":0,"key_long":0,"crc32c":"3e980325"}
W (1211339) frame-board: PCF85063 read failed: ESP_ERR_INVALID_CRC
{"schema_version":1,"sequence":113,"uptime_us":1211541262,"utc_valid":false,"utc":"","source":"m1","event":"status","mode":"normal","status":"OK","device_id":"c1810c76790e","app":"d73cadb","idf":"v6.0.2","toolchain":"gcc-15.2.0","image_sha256":"b67bb4381a06dcc6f9eb32696df5648bfd3ca00b67d4c624a950776e13bb7927","partitions":true,"reset_reason":11,"tf":"READY","wifi":"CONNECTING","ap_setup":false,"rtc":true,"shtc3":true,"sensor_valid":true,"temperature_tenths_c":269,"humidity_tenths_percent":468,"key_short":0,"key_long":0,"crc32c":"fa906171"}
W (1221348) frame-board: PCF85063 read failed: ESP_ERR_INVALID_CRC
{"schema_version":1,"sequence":114,"uptime_us":1221557259,"utc_valid":false,"utc":"","source":"m1","event":"status","mode":"normal","status":"OK","device_id":"c1810c76790e","app":"d73cadb","idf":"v6.0.2","toolchain":"gcc-15.2.0","image_sha256":"b67bb4381a06dcc6f9eb32696df5648bfd3ca00b67d4c624a950776e13bb7927","partitions":true,"reset_reason":11,"tf":"READY","wifi":"CONNECTING","ap_setup":false,"rtc":true,"shtc3":true,"sensor_valid":true,"temperature_tenths_c":269,"humidity_tenths_percent":468,"key_short":0,"key_long":0,"crc32c":"fc49ad5a"}
W (1231348) frame-board: PCF85063 read failed: ESP_ERR_INVALID_CRC
{"schema_version":1,"sequence":115,"uptime_us":1231573256,"utc_valid":false,"utc":"","source":"m1","event":"status","mode":"normal","status":"OK","device_id":"c1810c76790e","app":"d73cadb","idf":"v6.0.2","toolchain":"gcc-15.2.0","image_sha256":"b67bb4381a06dcc6f9eb32696df5648bfd3ca00b67d4c624a950776e13bb7927","partitions":true,"reset_reason":11,"tf":"READY","wifi":"CONNECTING","ap_setup":false,"rtc":true,"shtc3":true,"sensor_valid":true,"temperature_tenths_c":269,"humidity_tenths_percent":468,"key_short":0,"key_long":0,"crc32c":"9172c3d9"}
W (1241357) frame-board: PCF85063 read failed: ESP_ERR_INVALID_CRC
{"schema_version":1,"sequence":116,"uptime_us":1241593261,"utc_valid":false,"utc":"","source":"m1","event":"status","mode":"normal","status":"OK","device_id":"c1810c76790e","app":"d73cadb","idf":"v6.0.2","toolchain":"gcc-15.2.0","image_sha256":"b67bb4381a06dcc6f9eb32696df5648bfd3ca00b67d4c624a950776e13bb7927","partitions":true,"reset_reason":11,"tf":"READY","wifi":"CONNECTING","ap_setup":false,"rtc":true,"shtc3":true,"sensor_valid":true,"temperature_tenths_c":269,"humidity_tenths_percent":469,"key_short":0,"key_long":0,"crc32c":"879c02f4"}
W (1251358) frame-board: PCF85063 read failed: ESP_ERR_INVALID_CRC
{"schema_version":1,"sequence":117,"uptime_us":1251608258,"utc_valid":false,"utc":"","source":"m1","event":"status","mode":"normal","status":"OK","device_id":"c1810c76790e","app":"d73cadb","idf":"v6.0.2","toolchain":"gcc-15.2.0","image_sha256":"b67bb4381a06dcc6f9eb32696df5648bfd3ca00b67d4c624a950776e13bb7927","partitions":true,"reset_reason":11,"tf":"READY","wifi":"CONNECTING","ap_setup":false,"rtc":true,"shtc3":true,"sensor_valid":true,"temperature_tenths_c":269,"humidity_tenths_percent":468,"key_short":0,"key_long":0,"crc32c":"783a6f7d"}
W (1261358) frame-board: PCF85063 read failed: ESP_ERR_INVALID_CRC
{"schema_version":1,"sequence":118,"uptime_us":1261623259,"utc_valid":false,"utc":"","source":"m1","event":"status","mode":"normal","status":"OK","device_id":"c1810c76790e","app":"d73cadb","idf":"v6.0.2","toolchain":"gcc-15.2.0","image_sha256":"b67bb4381a06dcc6f9eb32696df5648bfd3ca00b67d4c624a950776e13bb7927","partitions":true,"reset_reason":11,"tf":"READY","wifi":"CONNECTING","ap_setup":false,"rtc":true,"shtc3":true,"sensor_valid":true,"temperature_tenths_c":269,"humidity_tenths_percent":469,"key_short":0,"key_long":0,"crc32c":"0731b508"}
W (1271359) frame-board: PCF85063 read failed: ESP_ERR_INVALID_CRC
{"schema_version":1,"sequence":119,"uptime_us":1271639258,"utc_valid":false,"utc":"","source":"m1","event":"status","mode":"normal","status":"OK","device_id":"c1810c76790e","app":"d73cadb","idf":"v6.0.2","toolchain":"gcc-15.2.0","image_sha256":"b67bb4381a06dcc6f9eb32696df5648bfd3ca00b67d4c624a950776e13bb7927","partitions":true,"reset_reason":11,"tf":"READY","wifi":"CONNECTING","ap_setup":false,"rtc":true,"shtc3":true,"sensor_valid":true,"temperature_tenths_c":269,"humidity_tenths_percent":468,"key_short":0,"key_long":0,"crc32c":"d2d76718"}
W (1281361) frame-board: PCF85063 read failed: ESP_ERR_INVALID_CRC
{"schema_version":1,"sequence":120,"uptime_us":1281655268,"utc_valid":false,"utc":"","source":"m1","event":"status","mode":"normal","status":"OK","device_id":"c1810c76790e","app":"d73cadb","idf":"v6.0.2","toolchain":"gcc-15.2.0","image_sha256":"b67bb4381a06dcc6f9eb32696df5648bfd3ca00b67d4c624a950776e13bb7927","partitions":true,"reset_reason":11,"tf":"READY","wifi":"CONNECTING","ap_setup":false,"rtc":true,"shtc3":true,"sensor_valid":true,"temperature_tenths_c":269,"humidity_tenths_percent":468,"key_short":0,"key_long":0,"crc32c":"2342107a"}
status --json
{"schema_version":1,"firmware":"0.1.0-dev.1","idf":"v6.0.2","toolchain":"gcc-15.2.0","device_id":"c1810c76790e","health":"OK","target_ok":true,"cores":2,"flash_bytes":16777216,"psram_bytes":8388608,"partitions_ok":true,"reset_reason":11,"display":"OK","tf":"READY","rtc":true,"rtc_valid":false,"utc":"","shtc3":true,"sensor_valid":true,"wifi":"CONNECTING","ap_active":false,"credentials_persisted":true,"tf_logging":true,"logging_error":0,"temperature_tenths_c":269,"humidity_tenths_percent":468,"key_short":0,"key_long":0,"elf_sha256":"1e04bf7cd44f4813a9df1b472ef7cc39e25b03a19a8aa2f37e6c316e4466c630","image_sha256":"b67bb4381a06dcc6f9eb32696df5648bfd3ca00b67d4c624a950776e13bb7927"}
frame>  
frame>  W (1291370) frame-board: PCF85063 read failed: ESP_ERR_INVALID_CRC
{"schema_version":1,"sequence":121,"uptime_us":1291671251,"utc_valid":false,"utc":"","source":"m1","event":"status","mode":"normal","status":"OK","device_id":"c1810c76790e","app":"d73cadb","idf":"v6.0.2","toolchain":"gcc-15.2.0","image_sha256":"b67bb4381a06dcc6f9eb32696df5648bfd3ca00b67d4c624a950776e13bb7927","partitions":true,"reset_reason":11,"tf":"READY","wifi":"CONNECTING","ap_setup":false,"rtc":true,"shtc3":true,"sensor_valid":true,"temperature_tenths_c":269,"humidity_tenths_percent":469,"key_short":0,"key_long":0,"crc32c":"2f286943"}
W (1301379) frame-board: PCF85063 read failed: ESP_ERR_INVALID_CRC
{"schema_version":1,"sequence":122,"uptime_us":1301687268,"utc_valid":false,"utc":"","source":"m1","event":"status","mode":"normal","status":"OK","device_id":"c1810c76790e","app":"d73cadb","idf":"v6.0.2","toolchain":"gcc-15.2.0","image_sha256":"b67bb4381a06dcc6f9eb32696df5648bfd3ca00b67d4c624a950776e13bb7927","partitions":true,"reset_reason":11,"tf":"READY","wifi":"CONNECTING","ap_setup":false,"rtc":true,"shtc3":true,"sensor_valid":true,"temperature_tenths_c":269,"humidity_tenths_percent":469,"key_short":0,"key_long":0,"crc32c":"c2b65f85"}
W (1311388) frame-board: PCF85063 read failed: ESP_ERR_INVALID_CRC
{"schema_version":1,"sequence":123,"uptime_us":1311706258,"utc_valid":false,"utc":"","source":"m1","event":"status","mode":"normal","status":"OK","device_id":"c1810c76790e","app":"d73cadb","idf":"v6.0.2","toolchain":"gcc-15.2.0","image_sha256":"b67bb4381a06dcc6f9eb32696df5648bfd3ca00b67d4c624a950776e13bb7927","partitions":true,"reset_reason":11,"tf":"READY","wifi":"CONNECTING","ap_setup":false,"rtc":true,"shtc3":true,"sensor_valid":true,"temperature_tenths_c":269,"humidity_tenths_percent":469,"key_short":0,"key_long":0,"crc32c":"c31ee910"}
W (1321388) frame-board: PCF85063 read failed: ESP_ERR_INVALID_CRC
{"schema_version":1,"sequence":124,"uptime_us":1321723266,"utc_valid":false,"utc":"","source":"m1","event":"status","mode":"normal","status":"OK","device_id":"c1810c76790e","app":"d73cadb","idf":"v6.0.2","toolchain":"gcc-15.2.0","image_sha256":"b67bb4381a06dcc6f9eb32696df5648bfd3ca00b67d4c624a950776e13bb7927","partitions":true,"reset_reason":11,"tf":"READY","wifi":"CONNECTING","ap_setup":false,"rtc":true,"shtc3":true,"sensor_valid":true,"temperature_tenths_c":269,"humidity_tenths_percent":469,"key_short":0,"key_long":0,"crc32c":"11db8e68"}
W (1331388) frame-board: PCF85063 read failed: ESP_ERR_INVALID_CRC
{"schema_version":1,"sequence":125,"uptime_us":1331739268,"utc_valid":false,"utc":"","source":"m1","event":"status","mode":"normal","status":"OK","device_id":"c1810c76790e","app":"d73cadb","idf":"v6.0.2","toolchain":"gcc-15.2.0","image_sha256":"b67bb4381a06dcc6f9eb32696df5648bfd3ca00b67d4c624a950776e13bb7927","partitions":true,"reset_reason":11,"tf":"READY","wifi":"CONNECTING","ap_setup":false,"rtc":true,"shtc3":true,"sensor_valid":true,"temperature_tenths_c":269,"humidity_tenths_percent":468,"key_short":0,"key_long":0,"crc32c":"f90ff740"}
W (1341389) frame-board: PCF85063 read failed: ESP_ERR_INVALID_CRC
{"schema_version":1,"sequence":126,"uptime_us":1341755267,"utc_valid":false,"utc":"","source":"m1","event":"status","mode":"normal","status":"OK","device_id":"c1810c76790e","app":"d73cadb","idf":"v6.0.2","toolchain":"gcc-15.2.0","image_sha256":"b67bb4381a06dcc6f9eb32696df5648bfd3ca00b67d4c624a950776e13bb7927","partitions":true,"reset_reason":11,"tf":"READY","wifi":"CONNECTING","ap_setup":false,"rtc":true,"shtc3":true,"sensor_valid":true,"temperature_tenths_c":270,"humidity_tenths_percent":468,"key_short":0,"key_long":0,"crc32c":"12bb892a"}
W (1351391) frame-board: PCF85063 read failed: ESP_ERR_INVALID_CRC
{"schema_version":1,"sequence":127,"uptime_us":1351771253,"utc_valid":false,"utc":"","source":"m1","event":"status","mode":"normal","status":"OK","device_id":"c1810c76790e","app":"d73cadb","idf":"v6.0.2","toolchain":"gcc-15.2.0","image_sha256":"b67bb4381a06dcc6f9eb32696df5648bfd3ca00b67d4c624a950776e13bb7927","partitions":true,"reset_reason":11,"tf":"READY","wifi":"CONNECTING","ap_setup":false,"rtc":true,"shtc3":true,"sensor_valid":true,"temperature_tenths_c":269,"humidity_tenths_percent":468,"key_short":0,"key_long":0,"crc32c":"199a2c90"}
W (1361400) frame-board: PCF85063 read failed: ESP_ERR_INVALID_CRC
{"schema_version":1,"sequence":128,"uptime_us":1361787262,"utc_valid":false,"utc":"","source":"m1","event":"status","mode":"normal","status":"OK","device_id":"c1810c76790e","app":"d73cadb","idf":"v6.0.2","toolchain":"gcc-15.2.0","image_sha256":"b67bb4381a06dcc6f9eb32696df5648bfd3ca00b67d4c624a950776e13bb7927","partitions":true,"reset_reason":11,"tf":"READY","wifi":"CONNECTING","ap_setup":false,"rtc":true,"shtc3":true,"sensor_valid":true,"temperature_tenths_c":269,"humidity_tenths_percent":468,"key_short":0,"key_long":0,"crc32c":"ae7e9ed6"}
W (1371402) frame-board: PCF85063 read failed: ESP_ERR_INVALID_CRC
{"schema_version":1,"sequence":129,"uptime_us":1371825257,"utc_valid":false,"utc":"","source":"m1","event":"status","mode":"normal","status":"OK","device_id":"c1810c76790e","app":"d73cadb","idf":"v6.0.2","toolchain":"gcc-15.2.0","image_sha256":"b67bb4381a06dcc6f9eb32696df5648bfd3ca00b67d4c624a950776e13bb7927","partitions":true,"reset_reason":11,"tf":"READY","wifi":"CONNECTING","ap_setup":false,"rtc":true,"shtc3":true,"sensor_valid":true,"temperature_tenths_c":269,"humidity_tenths_percent":467,"key_short":0,"key_long":0,"crc32c":"1ea65072"}
W (1381411) frame-board: PCF85063 read failed: ESP_ERR_INVALID_CRC
{"schema_version":1,"sequence":130,"uptime_us":1381841267,"utc_valid":false,"utc":"","source":"m1","event":"status","mode":"normal","status":"OK","device_id":"c1810c76790e","app":"d73cadb","idf":"v6.0.2","toolchain":"gcc-15.2.0","image_sha256":"b67bb4381a06dcc6f9eb32696df5648bfd3ca00b67d4c624a950776e13bb7927","partitions":true,"reset_reason":11,"tf":"READY","wifi":"CONNECTING","ap_setup":false,"rtc":true,"shtc3":true,"sensor_valid":true,"temperature_tenths_c":269,"humidity_tenths_percent":467,"key_short":0,"key_long":0,"crc32c":"04383fc9"}
W (1391422) frame-board: PCF85063 read failed: ESP_ERR_INVALID_CRC
{"schema_version":1,"sequence":131,"uptime_us":1391856260,"utc_valid":false,"utc":"","source":"m1","event":"status","mode":"normal","status":"OK","device_id":"c1810c76790e","app":"d73cadb","idf":"v6.0.2","toolchain":"gcc-15.2.0","image_sha256":"b67bb4381a06dcc6f9eb32696df5648bfd3ca00b67d4c624a950776e13bb7927","partitions":true,"reset_reason":11,"tf":"READY","wifi":"CONNECTING","ap_setup":false,"rtc":true,"shtc3":true,"sensor_valid":true,"temperature_tenths_c":269,"humidity_tenths_percent":468,"key_short":0,"key_long":0,"crc32c":"422b7a71"}
W (1401430) frame-board: PCF85063 read failed: ESP_ERR_INVALID_CRC
{"schema_version":1,"sequence":132,"uptime_us":1401872328,"utc_valid":false,"utc":"","source":"m1","event":"status","mode":"normal","status":"OK","device_id":"c1810c76790e","app":"d73cadb","idf":"v6.0.2","toolchain":"gcc-15.2.0","image_sha256":"b67bb4381a06dcc6f9eb32696df5648bfd3ca00b67d4c624a950776e13bb7927","partitions":true,"reset_reason":11,"tf":"READY","wifi":"CONNECTING","ap_setup":false,"rtc":true,"shtc3":true,"sensor_valid":true,"temperature_tenths_c":269,"humidity_tenths_percent":467,"key_short":0,"key_long":0,"crc32c":"3591273c"}
status --json
{"schema_version":1,"firmware":"0.1.0-dev.1","idf":"v6.0.2","toolchain":"gcc-15.2.0","device_id":"c1810c76790e","health":"OK","target_ok":true,"cores":2,"flash_bytes":16777216,"psram_bytes":8388608,"partitions_ok":true,"reset_reason":11,"display":"OK","tf":"READY","rtc":true,"rtc_valid":false,"utc":"","shtc3":true,"sensor_valid":true,"wifi":"CONNECTING","ap_active":false,"credentials_persisted":true,"tf_logging":true,"logging_error":0,"temperature_tenths_c":269,"humidity_tenths_percent":467,"key_short":0,"key_long":0,"elf_sha256":"1e04bf7cd44f4813a9df1b472ef7cc39e25b03a19a8aa2f37e6c316e4466c630","image_sha256":"b67bb4381a06dcc6f9eb32696df5648bfd3ca00b67d4c624a950776e13bb7927"}
frame>  
frame>  W (1411431) frame-board: PCF85063 read failed: ESP_ERR_INVALID_CRC
{"schema_version":1,"sequence":133,"uptime_us":1411888251,"utc_valid":false,"utc":"","source":"m1","event":"status","mode":"normal","status":"OK","device_id":"c1810c76790e","app":"d73cadb","idf":"v6.0.2","toolchain":"gcc-15.2.0","image_sha256":"b67bb4381a06dcc6f9eb32696df5648bfd3ca00b67d4c624a950776e13bb7927","partitions":true,"reset_reason":11,"tf":"READY","wifi":"CONNECTING","ap_setup":false,"rtc":true,"shtc3":true,"sensor_valid":true,"temperature_tenths_c":269,"humidity_tenths_percent":467,"key_short":0,"key_long":0,"crc32c":"6f4d8a59"}
W (1421432) frame-board: PCF85063 read failed: ESP_ERR_INVALID_CRC
{"schema_version":1,"sequence":134,"uptime_us":1421904258,"utc_valid":false,"utc":"","source":"m1","event":"status","mode":"normal","status":"OK","device_id":"c1810c76790e","app":"d73cadb","idf":"v6.0.2","toolchain":"gcc-15.2.0","image_sha256":"b67bb4381a06dcc6f9eb32696df5648bfd3ca00b67d4c624a950776e13bb7927","partitions":true,"reset_reason":11,"tf":"READY","wifi":"CONNECTING","ap_setup":false,"rtc":true,"shtc3":true,"sensor_valid":true,"temperature_tenths_c":269,"humidity_tenths_percent":467,"key_short":0,"key_long":0,"crc32c":"1c833175"}
W (1431433) frame-board: PCF85063 read failed: ESP_ERR_INVALID_CRC
{"schema_version":1,"sequence":135,"uptime_us":1431920261,"utc_valid":false,"utc":"","source":"m1","event":"status","mode":"normal","status":"OK","device_id":"c1810c76790e","app":"d73cadb","idf":"v6.0.2","toolchain":"gcc-15.2.0","image_sha256":"b67bb4381a06dcc6f9eb32696df5648bfd3ca00b67d4c624a950776e13bb7927","partitions":true,"reset_reason":11,"tf":"READY","wifi":"CONNECTING","ap_setup":false,"rtc":true,"shtc3":true,"sensor_valid":true,"temperature_tenths_c":269,"humidity_tenths_percent":467,"key_short":0,"key_long":0,"crc32c":"b2fcc378"}
W (1441435) frame-board: PCF85063 read failed: ESP_ERR_INVALID_CRC
{"schema_version":1,"sequence":136,"uptime_us":1441939260,"utc_valid":false,"utc":"","source":"m1","event":"status","mode":"normal","status":"OK","device_id":"c1810c76790e","app":"d73cadb","idf":"v6.0.2","toolchain":"gcc-15.2.0","image_sha256":"b67bb4381a06dcc6f9eb32696df5648bfd3ca00b67d4c624a950776e13bb7927","partitions":true,"reset_reason":11,"tf":"READY","wifi":"CONNECTING","ap_setup":false,"rtc":true,"shtc3":true,"sensor_valid":true,"temperature_tenths_c":269,"humidity_tenths_percent":468,"key_short":0,"key_long":0,"crc32c":"489435c5"}
W (1451435) frame-board: PCF85063 read failed: ESP_ERR_INVALID_CRC
{"schema_version":1,"sequence":137,"uptime_us":1451953931,"utc_valid":false,"utc":"","source":"m1","event":"status","mode":"normal","status":"OK","device_id":"c1810c76790e","app":"d73cadb","idf":"v6.0.2","toolchain":"gcc-15.2.0","image_sha256":"b67bb4381a06dcc6f9eb32696df5648bfd3ca00b67d4c624a950776e13bb7927","partitions":true,"reset_reason":11,"tf":"READY","wifi":"CONNECTING","ap_setup":false,"rtc":true,"shtc3":true,"sensor_valid":true,"temperature_tenths_c":269,"humidity_tenths_percent":469,"key_short":0,"key_long":0,"crc32c":"7a5e1cea"}
W (1461435) frame-board: PCF85063 read failed: ESP_ERR_INVALID_CRC
{"schema_version":1,"sequence":138,"uptime_us":1461969268,"utc_valid":false,"utc":"","source":"m1","event":"status","mode":"normal","status":"OK","device_id":"c1810c76790e","app":"d73cadb","idf":"v6.0.2","toolchain":"gcc-15.2.0","image_sha256":"b67bb4381a06dcc6f9eb32696df5648bfd3ca00b67d4c624a950776e13bb7927","partitions":true,"reset_reason":11,"tf":"READY","wifi":"CONNECTING","ap_setup":false,"rtc":true,"shtc3":true,"sensor_valid":true,"temperature_tenths_c":269,"humidity_tenths_percent":469,"key_short":0,"key_long":0,"crc32c":"9cd76abc"}
W (1471444) frame-board: PCF85063 read failed: ESP_ERR_INVALID_CRC
{"schema_version":1,"sequence":139,"uptime_us":1471986258,"utc_valid":false,"utc":"","source":"m1","event":"status","mode":"normal","status":"OK","device_id":"c1810c76790e","app":"d73cadb","idf":"v6.0.2","toolchain":"gcc-15.2.0","image_sha256":"b67bb4381a06dcc6f9eb32696df5648bfd3ca00b67d4c624a950776e13bb7927","partitions":true,"reset_reason":11,"tf":"READY","wifi":"CONNECTING","ap_setup":false,"rtc":true,"shtc3":true,"sensor_valid":true,"temperature_tenths_c":269,"humidity_tenths_percent":470,"key_short":0,"key_long":0,"crc32c":"608f4ac8"}
W (1481444) frame-board: PCF85063 read failed: ESP_ERR_INVALID_CRC
{"schema_version":1,"sequence":140,"uptime_us":1482002259,"utc_valid":false,"utc":"","source":"m1","event":"status","mode":"normal","status":"OK","device_id":"c1810c76790e","app":"d73cadb","idf":"v6.0.2","toolchain":"gcc-15.2.0","image_sha256":"b67bb4381a06dcc6f9eb32696df5648bfd3ca00b67d4c624a950776e13bb7927","partitions":true,"reset_reason":11,"tf":"READY","wifi":"CONNECTING","ap_setup":false,"rtc":true,"shtc3":true,"sensor_valid":true,"temperature_tenths_c":269,"humidity_tenths_percent":470,"key_short":0,"key_long":0,"crc32c":"ed78823b"}
W (1491453) frame-board: PCF85063 read failed: ESP_ERR_INVALID_CRC
{"schema_version":1,"sequence":141,"uptime_us":1492018259,"utc_valid":false,"utc":"","source":"m1","event":"status","mode":"normal","status":"OK","device_id":"c1810c76790e","app":"d73cadb","idf":"v6.0.2","toolchain":"gcc-15.2.0","image_sha256":"b67bb4381a06dcc6f9eb32696df5648bfd3ca00b67d4c624a950776e13bb7927","partitions":true,"reset_reason":11,"tf":"READY","wifi":"CONNECTING","ap_setup":false,"rtc":true,"shtc3":true,"sensor_valid":true,"temperature_tenths_c":269,"humidity_tenths_percent":472,"key_short":0,"key_long":0,"crc32c":"8b19412b"}
W (1501454) frame-board: PCF85063 read failed: ESP_ERR_INVALID_CRC
{"schema_version":1,"sequence":142,"uptime_us":1502037264,"utc_valid":false,"utc":"","source":"m1","event":"status","mode":"normal","status":"OK","device_id":"c1810c76790e","app":"d73cadb","idf":"v6.0.2","toolchain":"gcc-15.2.0","image_sha256":"b67bb4381a06dcc6f9eb32696df5648bfd3ca00b67d4c624a950776e13bb7927","partitions":true,"reset_reason":11,"tf":"READY","wifi":"CONNECTING","ap_setup":false,"rtc":true,"shtc3":true,"sensor_valid":true,"temperature_tenths_c":269,"humidity_tenths_percent":471,"key_short":0,"key_long":0,"crc32c":"4cbed084"}
W (1511454) frame-board: PCF85063 read failed: ESP_ERR_INVALID_CRC
{"schema_version":1,"sequence":143,"uptime_us":1512052258,"utc_valid":false,"utc":"","source":"m1","event":"status","mode":"normal","status":"OK","device_id":"c1810c76790e","app":"d73cadb","idf":"v6.0.2","toolchain":"gcc-15.2.0","image_sha256":"b67bb4381a06dcc6f9eb32696df5648bfd3ca00b67d4c624a950776e13bb7927","partitions":true,"reset_reason":11,"tf":"READY","wifi":"CONNECTING","ap_setup":false,"rtc":true,"shtc3":true,"sensor_valid":true,"temperature_tenths_c":269,"humidity_tenths_percent":471,"key_short":0,"key_long":0,"crc32c":"c1c98e62"}
W (1521454) frame-board: PCF85063 read failed: ESP_ERR_INVALID_CRC
{"schema_version":1,"sequence":144,"uptime_us":1522068262,"utc_valid":false,"utc":"","source":"m1","event":"status","mode":"normal","status":"OK","device_id":"c1810c76790e","app":"d73cadb","idf":"v6.0.2","toolchain":"gcc-15.2.0","image_sha256":"b67bb4381a06dcc6f9eb32696df5648bfd3ca00b67d4c624a950776e13bb7927","partitions":true,"reset_reason":11,"tf":"READY","wifi":"CONNECTING","ap_setup":false,"rtc":true,"shtc3":true,"sensor_valid":true,"temperature_tenths_c":269,"humidity_tenths_percent":472,"key_short":0,"key_long":0,"crc32c":"52524120"}
status --json
{"schema_version":1,"firmware":"0.1.0-dev.1","idf":"v6.0.2","toolchain":"gcc-15.2.0","device_id":"c1810c76790e","health":"OK","target_ok":true,"cores":2,"flash_bytes":16777216,"psram_bytes":8388608,"partitions_ok":true,"reset_reason":11,"display":"OK","tf":"READY","rtc":true,"rtc_valid":false,"utc":"","shtc3":true,"sensor_valid":true,"wifi":"CONNECTING","ap_active":false,"credentials_persisted":true,"tf_logging":true,"logging_error":0,"temperature_tenths_c":269,"humidity_tenths_percent":472,"key_short":0,"key_long":0,"elf_sha256":"1e04bf7cd44f4813a9df1b472ef7cc39e25b03a19a8aa2f37e6c316e4466c630","image_sha256":"b67bb4381a06dcc6f9eb32696df5648bfd3ca00b67d4c624a950776e13bb7927"}
frame>  
frame>  wifi reconnect
W (1529796) wifi:sta is connected, disconnect before connecting to new ap
wifi reconnect: ESP_OK
frame>  
frame>  
W (1531456) frame-board: PCF85063 read failed: ESP_ERR_INVALID_CRC
{"schema_version":1,"sequence":145,"uptime_us":1532084250,"utc_valid":false,"utc":"","source":"m1","event":"status","mode":"normal","status":"OK","device_id":"c1810c76790e","app":"d73cadb","idf":"v6.0.2","toolchain":"gcc-15.2.0","image_sha256":"b67bb4381a06dcc6f9eb32696df5648bfd3ca00b67d4c624a950776e13bb7927","partitions":true,"reset_reason":11,"tf":"READY","wifi":"CONNECTING","ap_setup":false,"rtc":true,"shtc3":true,"sensor_valid":true,"temperature_tenths_c":269,"humidity_tenths_percent":472,"key_short":0,"key_long":0,"crc32c":"48a5efb8"}
W (1541465) frame-board: PCF85063 read failed: ESP_ERR_INVALID_CRC
{"schema_version":1,"sequence":146,"uptime_us":1542100263,"utc_valid":false,"utc":"","source":"m1","event":"status","mode":"normal","status":"OK","device_id":"c1810c76790e","app":"d73cadb","idf":"v6.0.2","toolchain":"gcc-15.2.0","image_sha256":"b67bb4381a06dcc6f9eb32696df5648bfd3ca00b67d4c624a950776e13bb7927","partitions":true,"reset_reason":11,"tf":"READY","wifi":"CONNECTING","ap_setup":false,"rtc":true,"shtc3":true,"sensor_valid":true,"temperature_tenths_c":269,"humidity_tenths_percent":473,"key_short":0,"key_long":0,"crc32c":"d6a73219"}
W (1551475) frame-board: PCF85063 read failed: ESP_ERR_INVALID_CRC
{"schema_version":1,"sequence":147,"uptime_us":1552116259,"utc_valid":false,"utc":"","source":"m1","event":"status","mode":"normal","status":"OK","device_id":"c1810c76790e","app":"d73cadb","idf":"v6.0.2","toolchain":"gcc-15.2.0","image_sha256":"b67bb4381a06dcc6f9eb32696df5648bfd3ca00b67d4c624a950776e13bb7927","partitions":true,"reset_reason":11,"tf":"READY","wifi":"CONNECTING","ap_setup":false,"rtc":true,"shtc3":true,"sensor_valid":true,"temperature_tenths_c":269,"humidity_tenths_percent":473,"key_short":0,"key_long":0,"crc32c":"bb669519"}
W (1561484) frame-board: PCF85063 read failed: ESP_ERR_INVALID_CRC
{"schema_version":1,"sequence":148,"uptime_us":1562132263,"utc_valid":false,"utc":"","source":"m1","event":"status","mode":"normal","status":"OK","device_id":"c1810c76790e","app":"d73cadb","idf":"v6.0.2","toolchain":"gcc-15.2.0","image_sha256":"b67bb4381a06dcc6f9eb32696df5648bfd3ca00b67d4c624a950776e13bb7927","partitions":true,"reset_reason":11,"tf":"READY","wifi":"CONNECTING","ap_setup":false,"rtc":true,"shtc3":true,"sensor_valid":true,"temperature_tenths_c":269,"humidity_tenths_percent":473,"key_short":0,"key_long":0,"crc32c":"6d71f54e"}
W (1571485) frame-board: PCF85063 read failed: ESP_ERR_INVALID_CRC
{"schema_version":1,"sequence":149,"uptime_us":1572151258,"utc_valid":false,"utc":"","source":"m1","event":"status","mode":"normal","status":"OK","device_id":"c1810c76790e","app":"d73cadb","idf":"v6.0.2","toolchain":"gcc-15.2.0","image_sha256":"b67bb4381a06dcc6f9eb32696df5648bfd3ca00b67d4c624a950776e13bb7927","partitions":true,"reset_reason":11,"tf":"READY","wifi":"CONNECTING","ap_setup":false,"rtc":true,"shtc3":true,"sensor_valid":true,"temperature_tenths_c":269,"humidity_tenths_percent":473,"key_short":0,"key_long":0,"crc32c":"7634a67e"}
W (1581486) frame-board: PCF85063 read failed: ESP_ERR_INVALID_CRC
{"schema_version":1,"sequence":150,"uptime_us":1582166261,"utc_valid":false,"utc":"","source":"m1","event":"status","mode":"normal","status":"OK","device_id":"c1810c76790e","app":"d73cadb","idf":"v6.0.2","toolchain":"gcc-15.2.0","image_sha256":"b67bb4381a06dcc6f9eb32696df5648bfd3ca00b67d4c624a950776e13bb7927","partitions":true,"reset_reason":11,"tf":"READY","wifi":"CONNECTING","ap_setup":false,"rtc":true,"shtc3":true,"sensor_valid":true,"temperature_tenths_c":269,"humidity_tenths_percent":473,"key_short":0,"key_long":0,"crc32c":"d304b5ba"}
W (1591486) frame-board: PCF85063 read failed: ESP_ERR_INVALID_CRC
{"schema_version":1,"sequence":151,"uptime_us":1592182260,"utc_valid":false,"utc":"","source":"m1","event":"status","mode":"normal","status":"OK","device_id":"c1810c76790e","app":"d73cadb","idf":"v6.0.2","toolchain":"gcc-15.2.0","image_sha256":"b67bb4381a06dcc6f9eb32696df5648bfd3ca00b67d4c624a950776e13bb7927","partitions":true,"reset_reason":11,"tf":"READY","wifi":"CONNECTING","ap_setup":false,"rtc":true,"shtc3":true,"sensor_valid":true,"temperature_tenths_c":269,"humidity_tenths_percent":474,"key_short":0,"key_long":0,"crc32c":"fa143104"}
W (1601488) frame-board: PCF85063 read failed: ESP_ERR_INVALID_CRC
{"schema_version":1,"sequence":152,"uptime_us":1602198250,"utc_valid":false,"utc":"","source":"m1","event":"status","mode":"normal","status":"OK","device_id":"c1810c76790e","app":"d73cadb","idf":"v6.0.2","toolchain":"gcc-15.2.0","image_sha256":"b67bb4381a06dcc6f9eb32696df5648bfd3ca00b67d4c624a950776e13bb7927","partitions":true,"reset_reason":11,"tf":"READY","wifi":"CONNECTING","ap_setup":false,"rtc":true,"shtc3":true,"sensor_valid":true,"temperature_tenths_c":269,"humidity_tenths_percent":474,"key_short":0,"key_long":0,"crc32c":"b43ef1b0"}
W (1611488) frame-board: PCF85063 read failed: ESP_ERR_INVALID_CRC
{"schema_version":1,"sequence":153,"uptime_us":1612214257,"utc_valid":false,"utc":"","source":"m1","event":"status","mode":"normal","status":"OK","device_id":"c1810c76790e","app":"d73cadb","idf":"v6.0.2","toolchain":"gcc-15.2.0","image_sha256":"b67bb4381a06dcc6f9eb32696df5648bfd3ca00b67d4c624a950776e13bb7927","partitions":true,"reset_reason":11,"tf":"READY","wifi":"CONNECTING","ap_setup":false,"rtc":true,"shtc3":true,"sensor_valid":true,"temperature_tenths_c":269,"humidity_tenths_percent":474,"key_short":0,"key_long":0,"crc32c":"c1989604"}
W (1621490) frame-board: PCF85063 read failed: ESP_ERR_INVALID_CRC
{"schema_version":1,"sequence":154,"uptime_us":1622231259,"utc_valid":false,"utc":"","source":"m1","event":"status","mode":"normal","status":"OK","device_id":"c1810c76790e","app":"d73cadb","idf":"v6.0.2","toolchain":"gcc-15.2.0","image_sha256":"b67bb4381a06dcc6f9eb32696df5648bfd3ca00b67d4c624a950776e13bb7927","partitions":true,"reset_reason":11,"tf":"READY","wifi":"CONNECTING","ap_setup":false,"rtc":true,"shtc3":true,"sensor_valid":true,"temperature_tenths_c":269,"humidity_tenths_percent":474,"key_short":0,"key_long":0,"crc32c":"340904ed"}
W (1631499) frame-board: PCF85063 read failed: ESP_ERR_INVALID_CRC
{"schema_version":1,"sequence":155,"uptime_us":1632250256,"utc_valid":false,"utc":"","source":"m1","event":"status","mode":"normal","status":"OK","device_id":"c1810c76790e","app":"d73cadb","idf":"v6.0.2","toolchain":"gcc-15.2.0","image_sha256":"b67bb4381a06dcc6f9eb32696df5648bfd3ca00b67d4c624a950776e13bb7927","partitions":true,"reset_reason":11,"tf":"READY","wifi":"CONNECTING","ap_setup":false,"rtc":true,"shtc3":true,"sensor_valid":true,"temperature_tenths_c":269,"humidity_tenths_percent":474,"key_short":0,"key_long":0,"crc32c":"ae2a667a"}
W (1641499) frame-board: PCF85063 read failed: ESP_ERR_INVALID_CRC
{"schema_version":1,"sequence":156,"uptime_us":1642265262,"utc_valid":false,"utc":"","source":"m1","event":"status","mode":"normal","status":"OK","device_id":"c1810c76790e","app":"d73cadb","idf":"v6.0.2","toolchain":"gcc-15.2.0","image_sha256":"b67bb4381a06dcc6f9eb32696df5648bfd3ca00b67d4c624a950776e13bb7927","partitions":true,"reset_reason":11,"tf":"READY","wifi":"CONNECTING","ap_setup":false,"rtc":true,"shtc3":true,"sensor_valid":true,"temperature_tenths_c":269,"humidity_tenths_percent":474,"key_short":0,"key_long":0,"crc32c":"2390cfdd"}
status --json
{"schema_version":1,"firmware":"0.1.0-dev.1","idf":"v6.0.2","toolchain":"gcc-15.2.0","device_id":"c1810c76790e","health":"OK","target_ok":true,"cores":2,"flash_bytes":16777216,"psram_bytes":8388608,"partitions_ok":true,"reset_reason":11,"display":"OK","tf":"READY","rtc":true,"rtc_valid":false,"utc":"","shtc3":true,"sensor_valid":true,"wifi":"CONNECTING","ap_active":false,"credentials_persisted":true,"tf_logging":true,"logging_error":0,"temperature_tenths_c":269,"humidity_tenths_percent":474,"key_short":0,"key_long":0,"elf_sha256":"1e04bf7cd44f4813a9df1b472ef7cc39e25b03a19a8aa2f37e6c316e4466c630","image_sha256":"b67bb4381a06dcc6f9eb32696df5648bfd3ca00b67d4c624a950776e13bb7927"}
frame>  
frame>  
W (1651508) frame-board: PCF85063 read failed: ESP_ERR_INVALID_CRC
{"schema_version":1,"sequence":157,"uptime_us":1652281253,"utc_valid":false,"utc":"","source":"m1","event":"status","mode":"normal","status":"OK","device_id":"c1810c76790e","app":"d73cadb","idf":"v6.0.2","toolchain":"gcc-15.2.0","image_sha256":"b67bb4381a06dcc6f9eb32696df5648bfd3ca00b67d4c624a950776e13bb7927","partitions":true,"reset_reason":11,"tf":"READY","wifi":"CONNECTING","ap_setup":false,"rtc":true,"shtc3":true,"sensor_valid":true,"temperature_tenths_c":269,"humidity_tenths_percent":474,"key_short":0,"key_long":0,"crc32c":"4d88946d"}
W (1661508) frame-board: PCF85063 read failed: ESP_ERR_INVALID_CRC
{"schema_version":1,"sequence":158,"uptime_us":1662297261,"utc_valid":false,"utc":"","source":"m1","event":"status","mode":"normal","status":"OK","device_id":"c1810c76790e","app":"d73cadb","idf":"v6.0.2","toolchain":"gcc-15.2.0","image_sha256":"b67bb4381a06dcc6f9eb32696df5648bfd3ca00b67d4c624a950776e13bb7927","partitions":true,"reset_reason":11,"tf":"READY","wifi":"CONNECTING","ap_setup":false,"rtc":true,"shtc3":true,"sensor_valid":true,"temperature_tenths_c":269,"humidity_tenths_percent":473,"key_short":0,"key_long":0,"crc32c":"41f4bcd5"}
W (1671508) frame-board: PCF85063 read failed: ESP_ERR_INVALID_CRC
{"schema_version":1,"sequence":159,"uptime_us":1672316266,"utc_valid":false,"utc":"","source":"m1","event":"status","mode":"normal","status":"OK","device_id":"c1810c76790e","app":"d73cadb","idf":"v6.0.2","toolchain":"gcc-15.2.0","image_sha256":"b67bb4381a06dcc6f9eb32696df5648bfd3ca00b67d4c624a950776e13bb7927","partitions":true,"reset_reason":11,"tf":"READY","wifi":"CONNECTING","ap_setup":false,"rtc":true,"shtc3":true,"sensor_valid":true,"temperature_tenths_c":269,"humidity_tenths_percent":473,"key_short":0,"key_long":0,"crc32c":"d34d6c63"}
W (1681508) frame-board: PCF85063 read failed: ESP_ERR_INVALID_CRC
{"schema_version":1,"sequence":160,"uptime_us":1682332263,"utc_valid":false,"utc":"","source":"m1","event":"status","mode":"normal","status":"OK","device_id":"c1810c76790e","app":"d73cadb","idf":"v6.0.2","toolchain":"gcc-15.2.0","image_sha256":"b67bb4381a06dcc6f9eb32696df5648bfd3ca00b67d4c624a950776e13bb7927","partitions":true,"reset_reason":11,"tf":"READY","wifi":"CONNECTING","ap_setup":false,"rtc":true,"shtc3":true,"sensor_valid":true,"temperature_tenths_c":269,"humidity_tenths_percent":474,"key_short":0,"key_long":0,"crc32c":"317b057a"}
W (1691509) frame-board: PCF85063 read failed: ESP_ERR_INVALID_CRC
{"schema_version":1,"sequence":161,"uptime_us":1692348261,"utc_valid":false,"utc":"","source":"m1","event":"status","mode":"normal","status":"OK","device_id":"c1810c76790e","app":"d73cadb","idf":"v6.0.2","toolchain":"gcc-15.2.0","image_sha256":"b67bb4381a06dcc6f9eb32696df5648bfd3ca00b67d4c624a950776e13bb7927","partitions":true,"reset_reason":11,"tf":"READY","wifi":"CONNECTING","ap_setup":false,"rtc":true,"shtc3":true,"sensor_valid":true,"temperature_tenths_c":269,"humidity_tenths_percent":474,"key_short":0,"key_long":0,"crc32c":"1008204a"}
W (1701517) frame-board: PCF85063 read failed: ESP_ERR_INVALID_CRC
{"schema_version":1,"sequence":162,"uptime_us":1702367261,"utc_valid":false,"utc":"","source":"m1","event":"status","mode":"normal","status":"OK","device_id":"c1810c76790e","app":"d73cadb","idf":"v6.0.2","toolchain":"gcc-15.2.0","image_sha256":"b67bb4381a06dcc6f9eb32696df5648bfd3ca00b67d4c624a950776e13bb7927","partitions":true,"reset_reason":11,"tf":"READY","wifi":"CONNECTING","ap_setup":false,"rtc":true,"shtc3":true,"sensor_valid":true,"temperature_tenths_c":269,"humidity_tenths_percent":473,"key_short":0,"key_long":0,"crc32c":"eeecdb24"}
W (1711518) frame-board: PCF85063 read failed: ESP_ERR_INVALID_CRC
{"schema_version":1,"sequence":163,"uptime_us":1712382260,"utc_valid":false,"utc":"","source":"m1","event":"status","mode":"normal","status":"OK","device_id":"c1810c76790e","app":"d73cadb","idf":"v6.0.2","toolchain":"gcc-15.2.0","image_sha256":"b67bb4381a06dcc6f9eb32696df5648bfd3ca00b67d4c624a950776e13bb7927","partitions":true,"reset_reason":11,"tf":"READY","wifi":"CONNECTING","ap_setup":false,"rtc":true,"shtc3":true,"sensor_valid":true,"temperature_tenths_c":269,"humidity_tenths_percent":473,"key_short":0,"key_long":0,"crc32c":"5412e244"}
W (1721527) frame-board: PCF85063 read failed: ESP_ERR_INVALID_CRC
{"schema_version":1,"sequence":164,"uptime_us":1722397256,"utc_valid":false,"utc":"","source":"m1","event":"status","mode":"normal","status":"OK","device_id":"c1810c76790e","app":"d73cadb","idf":"v6.0.2","toolchain":"gcc-15.2.0","image_sha256":"b67bb4381a06dcc6f9eb32696df5648bfd3ca00b67d4c624a950776e13bb7927","partitions":true,"reset_reason":11,"tf":"READY","wifi":"CONNECTING","ap_setup":false,"rtc":true,"shtc3":true,"sensor_valid":true,"temperature_tenths_c":269,"humidity_tenths_percent":474,"key_short":0,"key_long":0,"crc32c":"be3595a0"}
W (1731527) frame-board: PCF85063 read failed: ESP_ERR_INVALID_CRC
{"schema_version":1,"sequence":165,"uptime_us":1732413254,"utc_valid":false,"utc":"","source":"m1","event":"status","mode":"normal","status":"OK","device_id":"c1810c76790e","app":"d73cadb","idf":"v6.0.2","toolchain":"gcc-15.2.0","image_sha256":"b67bb4381a06dcc6f9eb32696df5648bfd3ca00b67d4c624a950776e13bb7927","partitions":true,"reset_reason":11,"tf":"READY","wifi":"CONNECTING","ap_setup":false,"rtc":true,"shtc3":true,"sensor_valid":true,"temperature_tenths_c":269,"humidity_tenths_percent":474,"key_short":0,"key_long":0,"crc32c":"fbe85735"}
W (1741528) frame-board: PCF85063 read failed: ESP_ERR_INVALID_CRC
{"schema_version":1,"sequence":166,"uptime_us":1742429261,"utc_valid":false,"utc":"","source":"m1","event":"status","mode":"normal","status":"OK","device_id":"c1810c76790e","app":"d73cadb","idf":"v6.0.2","toolchain":"gcc-15.2.0","image_sha256":"b67bb4381a06dcc6f9eb32696df5648bfd3ca00b67d4c624a950776e13bb7927","partitions":true,"reset_reason":11,"tf":"READY","wifi":"CONNECTING","ap_setup":false,"rtc":true,"shtc3":true,"sensor_valid":true,"temperature_tenths_c":269,"humidity_tenths_percent":473,"key_short":0,"key_long":0,"crc32c":"138fdd5a"}
W (1751528) frame-board: PCF85063 read failed: ESP_ERR_INVALID_CRC
{"schema_version":1,"sequence":167,"uptime_us":1752445259,"utc_valid":false,"utc":"","source":"m1","event":"status","mode":"normal","status":"OK","device_id":"c1810c76790e","app":"d73cadb","idf":"v6.0.2","toolchain":"gcc-15.2.0","image_sha256":"b67bb4381a06dcc6f9eb32696df5648bfd3ca00b67d4c624a950776e13bb7927","partitions":true,"reset_reason":11,"tf":"READY","wifi":"CONNECTING","ap_setup":false,"rtc":true,"shtc3":true,"sensor_valid":true,"temperature_tenths_c":269,"humidity_tenths_percent":473,"key_short":0,"key_long":0,"crc32c":"ade07267"}
W (1761530) frame-board: PCF85063 read failed: ESP_ERR_INVALID_CRC
{"schema_version":1,"sequence":168,"uptime_us":1762461257,"utc_valid":false,"utc":"","source":"m1","event":"status","mode":"normal","status":"OK","device_id":"c1810c76790e","app":"d73cadb","idf":"v6.0.2","toolchain":"gcc-15.2.0","image_sha256":"b67bb4381a06dcc6f9eb32696df5648bfd3ca00b67d4c624a950776e13bb7927","partitions":true,"reset_reason":11,"tf":"READY","wifi":"CONNECTING","ap_setup":false,"rtc":true,"shtc3":true,"sensor_valid":true,"temperature_tenths_c":269,"humidity_tenths_percent":473,"key_short":0,"key_long":0,"crc32c":"18187be4"}
status --json
{"schema_version":1,"firmware":"0.1.0-dev.1","idf":"v6.0.2","toolchain":"gcc-15.2.0","device_id":"c1810c76790e","health":"OK","target_ok":true,"cores":2,"flash_bytes":16777216,"psram_bytes":8388608,"partitions_ok":true,"reset_reason":11,"display":"OK","tf":"READY","rtc":true,"rtc_valid":false,"utc":"","shtc3":true,"sensor_valid":true,"wifi":"CONNECTING","ap_active":false,"credentials_persisted":true,"tf_logging":true,"logging_error":0,"temperature_tenths_c":269,"humidity_tenths_percent":473,"key_short":0,"key_long":0,"elf_sha256":"1e04bf7cd44f4813a9df1b472ef7cc39e25b03a19a8aa2f37e6c316e4466c630","image_sha256":"b67bb4381a06dcc6f9eb32696df5648bfd3ca00b67d4c624a950776e13bb7927"}
frame>  
frame>  
W (1771540) frame-board: PCF85063 read failed: ESP_ERR_INVALID_CRC
{"schema_version":1,"sequence":169,"uptime_us":1772481253,"utc_valid":false,"utc":"","source":"m1","event":"status","mode":"normal","status":"OK","device_id":"c1810c76790e","app":"d73cadb","idf":"v6.0.2","toolchain":"gcc-15.2.0","image_sha256":"b67bb4381a06dcc6f9eb32696df5648bfd3ca00b67d4c624a950776e13bb7927","partitions":true,"reset_reason":11,"tf":"READY","wifi":"CONNECTING","ap_setup":false,"rtc":true,"shtc3":true,"sensor_valid":true,"temperature_tenths_c":269,"humidity_tenths_percent":473,"key_short":0,"key_long":0,"crc32c":"8544753a"}
W (1781542) frame-board: PCF85063 read failed: ESP_ERR_INVALID_CRC
{"schema_version":1,"sequence":170,"uptime_us":1782496266,"utc_valid":false,"utc":"","source":"m1","event":"status","mode":"normal","status":"OK","device_id":"c1810c76790e","app":"d73cadb","idf":"v6.0.2","toolchain":"gcc-15.2.0","image_sha256":"b67bb4381a06dcc6f9eb32696df5648bfd3ca00b67d4c624a950776e13bb7927","partitions":true,"reset_reason":11,"tf":"READY","wifi":"CONNECTING","ap_setup":false,"rtc":true,"shtc3":true,"sensor_valid":true,"temperature_tenths_c":269,"humidity_tenths_percent":472,"key_short":0,"key_long":0,"crc32c":"2d8767a4"}
W (1791551) frame-board: PCF85063 read failed: ESP_ERR_INVALID_CRC
{"schema_version":1,"sequence":171,"uptime_us":1792513259,"utc_valid":false,"utc":"","source":"m1","event":"status","mode":"normal","status":"OK","device_id":"c1810c76790e","app":"d73cadb","idf":"v6.0.2","toolchain":"gcc-15.2.0","image_sha256":"b67bb4381a06dcc6f9eb32696df5648bfd3ca00b67d4c624a950776e13bb7927","partitions":true,"reset_reason":11,"tf":"READY","wifi":"CONNECTING","ap_setup":false,"rtc":true,"shtc3":true,"sensor_valid":true,"temperature_tenths_c":269,"humidity_tenths_percent":473,"key_short":0,"key_long":0,"crc32c":"73f6372a"}
W (1801552) frame-board: PCF85063 read failed: ESP_ERR_INVALID_CRC
{"schema_version":1,"sequence":172,"uptime_us":1802529269,"utc_valid":false,"utc":"","source":"m1","event":"status","mode":"normal","status":"OK","device_id":"c1810c76790e","app":"d73cadb","idf":"v6.0.2","toolchain":"gcc-15.2.0","image_sha256":"b67bb4381a06dcc6f9eb32696df5648bfd3ca00b67d4c624a950776e13bb7927","partitions":true,"reset_reason":11,"tf":"READY","wifi":"CONNECTING","ap_setup":false,"rtc":true,"shtc3":true,"sensor_valid":true,"temperature_tenths_c":269,"humidity_tenths_percent":472,"key_short":0,"key_long":0,"crc32c":"826ae031"}
W (1811561) frame-board: PCF85063 read failed: ESP_ERR_INVALID_CRC
{"schema_version":1,"sequence":173,"uptime_us":1812545259,"utc_valid":false,"utc":"","source":"m1","event":"status","mode":"normal","status":"OK","device_id":"c1810c76790e","app":"d73cadb","idf":"v6.0.2","toolchain":"gcc-15.2.0","image_sha256":"b67bb4381a06dcc6f9eb32696df5648bfd3ca00b67d4c624a950776e13bb7927","partitions":true,"reset_reason":11,"tf":"READY","wifi":"CONNECTING","ap_setup":false,"rtc":true,"shtc3":true,"sensor_valid":true,"temperature_tenths_c":269,"humidity_tenths_percent":474,"key_short":0,"key_long":0,"crc32c":"773bd62d"}
W (1821561) frame-board: PCF85063 read failed: ESP_ERR_INVALID_CRC
{"schema_version":1,"sequence":174,"uptime_us":1822561261,"utc_valid":false,"utc":"","source":"m1","event":"status","mode":"normal","status":"OK","device_id":"c1810c76790e","app":"d73cadb","idf":"v6.0.2","toolchain":"gcc-15.2.0","image_sha256":"b67bb4381a06dcc6f9eb32696df5648bfd3ca00b67d4c624a950776e13bb7927","partitions":true,"reset_reason":11,"tf":"READY","wifi":"CONNECTING","ap_setup":false,"rtc":true,"shtc3":true,"sensor_valid":true,"temperature_tenths_c":269,"humidity_tenths_percent":474,"key_short":0,"key_long":0,"crc32c":"b25c4f0b"}
W (1831562) frame-board: PCF85063 read failed: ESP_ERR_INVALID_CRC
{"schema_version":1,"sequence":175,"uptime_us":1832580259,"utc_valid":false,"utc":"","source":"m1","event":"status","mode":"normal","status":"OK","device_id":"c1810c76790e","app":"d73cadb","idf":"v6.0.2","toolchain":"gcc-15.2.0","image_sha256":"b67bb4381a06dcc6f9eb32696df5648bfd3ca00b67d4c624a950776e13bb7927","partitions":true,"reset_reason":11,"tf":"READY","wifi":"CONNECTING","ap_setup":false,"rtc":true,"shtc3":true,"sensor_valid":true,"temperature_tenths_c":270,"humidity_tenths_percent":473,"key_short":0,"key_long":0,"crc32c":"6eb1a480"}
W (1841563) frame-board: PCF85063 read failed: ESP_ERR_INVALID_CRC
{"schema_version":1,"sequence":176,"uptime_us":1842595262,"utc_valid":false,"utc":"","source":"m1","event":"status","mode":"normal","status":"OK","device_id":"c1810c76790e","app":"d73cadb","idf":"v6.0.2","toolchain":"gcc-15.2.0","image_sha256":"b67bb4381a06dcc6f9eb32696df5648bfd3ca00b67d4c624a950776e13bb7927","partitions":true,"reset_reason":11,"tf":"READY","wifi":"CONNECTING","ap_setup":false,"rtc":true,"shtc3":true,"sensor_valid":true,"temperature_tenths_c":269,"humidity_tenths_percent":473,"key_short":0,"key_long":0,"crc32c":"84d4816b"}
W (1851563) frame-board: PCF85063 read failed: ESP_ERR_INVALID_CRC
{"schema_version":1,"sequence":177,"uptime_us":1852611255,"utc_valid":false,"utc":"","source":"m1","event":"status","mode":"normal","status":"OK","device_id":"c1810c76790e","app":"d73cadb","idf":"v6.0.2","toolchain":"gcc-15.2.0","image_sha256":"b67bb4381a06dcc6f9eb32696df5648bfd3ca00b67d4c624a950776e13bb7927","partitions":true,"reset_reason":11,"tf":"READY","wifi":"CONNECTING","ap_setup":false,"rtc":true,"shtc3":true,"sensor_valid":true,"temperature_tenths_c":269,"humidity_tenths_percent":473,"key_short":0,"key_long":0,"crc32c":"5237e991"}
W (1861563) frame-board: PCF85063 read failed: ESP_ERR_INVALID_CRC
{"schema_version":1,"sequence":178,"uptime_us":1862627261,"utc_valid":false,"utc":"","source":"m1","event":"status","mode":"normal","status":"OK","device_id":"c1810c76790e","app":"d73cadb","idf":"v6.0.2","toolchain":"gcc-15.2.0","image_sha256":"b67bb4381a06dcc6f9eb32696df5648bfd3ca00b67d4c624a950776e13bb7927","partitions":true,"reset_reason":11,"tf":"READY","wifi":"CONNECTING","ap_setup":false,"rtc":true,"shtc3":true,"sensor_valid":true,"temperature_tenths_c":269,"humidity_tenths_percent":474,"key_short":0,"key_long":0,"crc32c":"d8718697"}
W (1871573) frame-board: PCF85063 read failed: ESP_ERR_INVALID_CRC
{"schema_version":1,"sequence":179,"uptime_us":1872643259,"utc_valid":false,"utc":"","source":"m1","event":"status","mode":"normal","status":"OK","device_id":"c1810c76790e","app":"d73cadb","idf":"v6.0.2","toolchain":"gcc-15.2.0","image_sha256":"b67bb4381a06dcc6f9eb32696df5648bfd3ca00b67d4c624a950776e13bb7927","partitions":true,"reset_reason":11,"tf":"READY","wifi":"CONNECTING","ap_setup":false,"rtc":true,"shtc3":true,"sensor_valid":true,"temperature_tenths_c":270,"humidity_tenths_percent":473,"key_short":0,"key_long":0,"crc32c":"ba94f03f"}
W (1881582) frame-board: PCF85063 read failed: ESP_ERR_INVALID_CRC
{"schema_version":1,"sequence":180,"uptime_us":1882659262,"utc_valid":false,"utc":"","source":"m1","event":"status","mode":"normal","status":"OK","device_id":"c1810c76790e","app":"d73cadb","idf":"v6.0.2","toolchain":"gcc-15.2.0","image_sha256":"b67bb4381a06dcc6f9eb32696df5648bfd3ca00b67d4c624a950776e13bb7927","partitions":true,"reset_reason":11,"tf":"READY","wifi":"CONNECTING","ap_setup":false,"rtc":true,"shtc3":true,"sensor_valid":true,"temperature_tenths_c":269,"humidity_tenths_percent":473,"key_short":0,"key_long":0,"crc32c":"5a1742bf"}
status --json
{"schema_version":1,"firmware":"0.1.0-dev.1","idf":"v6.0.2","toolchain":"gcc-15.2.0","device_id":"c1810c76790e","health":"OK","target_ok":true,"cores":2,"flash_bytes":16777216,"psram_bytes":8388608,"partitions_ok":true,"reset_reason":11,"display":"OK","tf":"READY","rtc":true,"rtc_valid":false,"utc":"","shtc3":true,"sensor_valid":true,"wifi":"CONNECTING","ap_active":false,"credentials_persisted":true,"tf_logging":true,"logging_error":0,"temperature_tenths_c":269,"humidity_tenths_percent":473,"key_short":0,"key_long":0,"elf_sha256":"1e04bf7cd44f4813a9df1b472ef7cc39e25b03a19a8aa2f37e6c316e4466c630","image_sha256":"b67bb4381a06dcc6f9eb32696df5648bfd3ca00b67d4c624a950776e13bb7927"}
frame>  
frame>  
W (1891582) frame-board: PCF85063 read failed: ESP_ERR_INVALID_CRC
{"schema_version":1,"sequence":181,"uptime_us":1892675256,"utc_valid":false,"utc":"","source":"m1","event":"status","mode":"normal","status":"OK","device_id":"c1810c76790e","app":"d73cadb","idf":"v6.0.2","toolchain":"gcc-15.2.0","image_sha256":"b67bb4381a06dcc6f9eb32696df5648bfd3ca00b67d4c624a950776e13bb7927","partitions":true,"reset_reason":11,"tf":"READY","wifi":"CONNECTING","ap_setup":false,"rtc":true,"shtc3":true,"sensor_valid":true,"temperature_tenths_c":270,"humidity_tenths_percent":474,"key_short":0,"key_long":0,"crc32c":"b57b3745"}
W (1901591) frame-board: PCF85063 read failed: ESP_ERR_INVALID_CRC
{"schema_version":1,"sequence":182,"uptime_us":1902694257,"utc_valid":false,"utc":"","source":"m1","event":"status","mode":"normal","status":"OK","device_id":"c1810c76790e","app":"d73cadb","idf":"v6.0.2","toolchain":"gcc-15.2.0","image_sha256":"b67bb4381a06dcc6f9eb32696df5648bfd3ca00b67d4c624a950776e13bb7927","partitions":true,"reset_reason":11,"tf":"READY","wifi":"CONNECTING","ap_setup":false,"rtc":true,"shtc3":true,"sensor_valid":true,"temperature_tenths_c":270,"humidity_tenths_percent":473,"key_short":0,"key_long":0,"crc32c":"f4bcc30a"}
W (1911592) frame-board: PCF85063 read failed: ESP_ERR_INVALID_CRC
{"schema_version":1,"sequence":183,"uptime_us":1912709257,"utc_valid":false,"utc":"","source":"m1","event":"status","mode":"normal","status":"OK","device_id":"c1810c76790e","app":"d73cadb","idf":"v6.0.2","toolchain":"gcc-15.2.0","image_sha256":"b67bb4381a06dcc6f9eb32696df5648bfd3ca00b67d4c624a950776e13bb7927","partitions":true,"reset_reason":11,"tf":"READY","wifi":"CONNECTING","ap_setup":false,"rtc":true,"shtc3":true,"sensor_valid":true,"temperature_tenths_c":269,"humidity_tenths_percent":474,"key_short":0,"key_long":0,"crc32c":"7dd7b3a4"}
W (1921593) frame-board: PCF85063 read failed: ESP_ERR_INVALID_CRC
{"schema_version":1,"sequence":184,"uptime_us":1922726262,"utc_valid":false,"utc":"","source":"m1","event":"status","mode":"normal","status":"OK","device_id":"c1810c76790e","app":"d73cadb","idf":"v6.0.2","toolchain":"gcc-15.2.0","image_sha256":"b67bb4381a06dcc6f9eb32696df5648bfd3ca00b67d4c624a950776e13bb7927","partitions":true,"reset_reason":11,"tf":"READY","wifi":"CONNECTING","ap_setup":false,"rtc":true,"shtc3":true,"sensor_valid":true,"temperature_tenths_c":269,"humidity_tenths_percent":473,"key_short":0,"key_long":0,"crc32c":"d05f6b92"}
W (1931593) frame-board: PCF85063 read failed: ESP_ERR_INVALID_CRC
{"schema_version":1,"sequence":185,"uptime_us":1932742259,"utc_valid":false,"utc":"","source":"m1","event":"status","mode":"normal","status":"OK","device_id":"c1810c76790e","app":"d73cadb","idf":"v6.0.2","toolchain":"gcc-15.2.0","image_sha256":"b67bb4381a06dcc6f9eb32696df5648bfd3ca00b67d4c624a950776e13bb7927","partitions":true,"reset_reason":11,"tf":"READY","wifi":"CONNECTING","ap_setup":false,"rtc":true,"shtc3":true,"sensor_valid":true,"temperature_tenths_c":270,"humidity_tenths_percent":473,"key_short":0,"key_long":0,"crc32c":"22183852"}
W (1941595) frame-board: PCF85063 read failed: ESP_ERR_INVALID_CRC
{"schema_version":1,"sequence":186,"uptime_us":1942758277,"utc_valid":false,"utc":"","source":"m1","event":"status","mode":"normal","status":"OK","device_id":"c1810c76790e","app":"d73cadb","idf":"v6.0.2","toolchain":"gcc-15.2.0","image_sha256":"b67bb4381a06dcc6f9eb32696df5648bfd3ca00b67d4c624a950776e13bb7927","partitions":true,"reset_reason":11,"tf":"READY","wifi":"CONNECTING","ap_setup":false,"rtc":true,"shtc3":true,"sensor_valid":true,"temperature_tenths_c":270,"humidity_tenths_percent":474,"key_short":0,"key_long":0,"crc32c":"ccef076e"}
W (1951604) frame-board: PCF85063 read failed: ESP_ERR_INVALID_CRC
{"schema_version":1,"sequence":187,"uptime_us":1952774259,"utc_valid":false,"utc":"","source":"m1","event":"status","mode":"normal","status":"OK","device_id":"c1810c76790e","app":"d73cadb","idf":"v6.0.2","toolchain":"gcc-15.2.0","image_sha256":"b67bb4381a06dcc6f9eb32696df5648bfd3ca00b67d4c624a950776e13bb7927","partitions":true,"reset_reason":11,"tf":"READY","wifi":"CONNECTING","ap_setup":false,"rtc":true,"shtc3":true,"sensor_valid":true,"temperature_tenths_c":270,"humidity_tenths_percent":473,"key_short":0,"key_long":0,"crc32c":"2fab1a1e"}
W (1961605) frame-board: PCF85063 read failed: ESP_ERR_INVALID_CRC
{"schema_version":1,"sequence":188,"uptime_us":1962793264,"utc_valid":false,"utc":"","source":"m1","event":"status","mode":"normal","status":"OK","device_id":"c1810c76790e","app":"d73cadb","idf":"v6.0.2","toolchain":"gcc-15.2.0","image_sha256":"b67bb4381a06dcc6f9eb32696df5648bfd3ca00b67d4c624a950776e13bb7927","partitions":true,"reset_reason":11,"tf":"READY","wifi":"CONNECTING","ap_setup":false,"rtc":true,"shtc3":true,"sensor_valid":true,"temperature_tenths_c":269,"humidity_tenths_percent":473,"key_short":0,"key_long":0,"crc32c":"2d15be2b"}
W (1971614) frame-board: PCF85063 read failed: ESP_ERR_INVALID_CRC
{"schema_version":1,"sequence":189,"uptime_us":1972808262,"utc_valid":false,"utc":"","source":"m1","event":"status","mode":"normal","status":"OK","device_id":"c1810c76790e","app":"d73cadb","idf":"v6.0.2","toolchain":"gcc-15.2.0","image_sha256":"b67bb4381a06dcc6f9eb32696df5648bfd3ca00b67d4c624a950776e13bb7927","partitions":true,"reset_reason":11,"tf":"READY","wifi":"CONNECTING","ap_setup":false,"rtc":true,"shtc3":true,"sensor_valid":true,"temperature_tenths_c":270,"humidity_tenths_percent":474,"key_short":0,"key_long":0,"crc32c":"d63b18be"}
W (1981614) frame-board: PCF85063 read failed: ESP_ERR_INVALID_CRC
{"schema_version":1,"sequence":190,"uptime_us":1982824264,"utc_valid":false,"utc":"","source":"m1","event":"status","mode":"normal","status":"OK","device_id":"c1810c76790e","app":"d73cadb","idf":"v6.0.2","toolchain":"gcc-15.2.0","image_sha256":"b67bb4381a06dcc6f9eb32696df5648bfd3ca00b67d4c624a950776e13bb7927","partitions":true,"reset_reason":11,"tf":"READY","wifi":"CONNECTING","ap_setup":false,"rtc":true,"shtc3":true,"sensor_valid":true,"temperature_tenths_c":270,"humidity_tenths_percent":475,"key_short":0,"key_long":0,"crc32c":"edb1c722"}
W (1991615) frame-board: PCF85063 read failed: ESP_ERR_INVALID_CRC
{"schema_version":1,"sequence":191,"uptime_us":1992840259,"utc_valid":false,"utc":"","source":"m1","event":"status","mode":"normal","status":"OK","device_id":"c1810c76790e","app":"d73cadb","idf":"v6.0.2","toolchain":"gcc-15.2.0","image_sha256":"b67bb4381a06dcc6f9eb32696df5648bfd3ca00b67d4c624a950776e13bb7927","partitions":true,"reset_reason":11,"tf":"READY","wifi":"CONNECTING","ap_setup":false,"rtc":true,"shtc3":true,"sensor_valid":true,"temperature_tenths_c":270,"humidity_tenths_percent":475,"key_short":0,"key_long":0,"crc32c":"c321f428"}
W (2001625) frame-board: PCF85063 read failed: ESP_ERR_INVALID_CRC
{"schema_version":1,"sequence":192,"uptime_us":2002856263,"utc_valid":false,"utc":"","source":"m1","event":"status","mode":"normal","status":"OK","device_id":"c1810c76790e","app":"d73cadb","idf":"v6.0.2","toolchain":"gcc-15.2.0","image_sha256":"b67bb4381a06dcc6f9eb32696df5648bfd3ca00b67d4c624a950776e13bb7927","partitions":true,"reset_reason":11,"tf":"READY","wifi":"CONNECTING","ap_setup":false,"rtc":true,"shtc3":true,"sensor_valid":true,"temperature_tenths_c":269,"humidity_tenths_percent":474,"key_short":0,"key_long":0,"crc32c":"eff5b088"}
status --json
{"schema_version":1,"firmware":"0.1.0-dev.1","idf":"v6.0.2","toolchain":"gcc-15.2.0","device_id":"c1810c76790e","health":"OK","target_ok":true,"cores":2,"flash_bytes":16777216,"psram_bytes":8388608,"partitions_ok":true,"reset_reason":11,"display":"OK","tf":"READY","rtc":true,"rtc_valid":false,"utc":"","shtc3":true,"sensor_valid":true,"wifi":"CONNECTING","ap_active":false,"credentials_persisted":true,"tf_logging":true,"logging_error":0,"temperature_tenths_c":269,"humidity_tenths_percent":474,"key_short":0,"key_long":0,"elf_sha256":"1e04bf7cd44f4813a9df1b472ef7cc39e25b03a19a8aa2f37e6c316e4466c630","image_sha256":"b67bb4381a06dcc6f9eb32696df5648bfd3ca00b67d4c624a950776e13bb7927"}
frame>  
frame>  
W (2011625) frame-board: PCF85063 read failed: ESP_ERR_INVALID_CRC
{"schema_version":1,"sequence":193,"uptime_us":2012872256,"utc_valid":false,"utc":"","source":"m1","event":"status","mode":"normal","status":"OK","device_id":"c1810c76790e","app":"d73cadb","idf":"v6.0.2","toolchain":"gcc-15.2.0","image_sha256":"b67bb4381a06dcc6f9eb32696df5648bfd3ca00b67d4c624a950776e13bb7927","partitions":true,"reset_reason":11,"tf":"READY","wifi":"CONNECTING","ap_setup":false,"rtc":true,"shtc3":true,"sensor_valid":true,"temperature_tenths_c":269,"humidity_tenths_percent":473,"key_short":0,"key_long":0,"crc32c":"ec1accd5"}
W (2021625) frame-board: PCF85063 read failed: ESP_ERR_INVALID_CRC
{"schema_version":1,"sequence":194,"uptime_us":2022888261,"utc_valid":false,"utc":"","source":"m1","event":"status","mode":"normal","status":"OK","device_id":"c1810c76790e","app":"d73cadb","idf":"v6.0.2","toolchain":"gcc-15.2.0","image_sha256":"b67bb4381a06dcc6f9eb32696df5648bfd3ca00b67d4c624a950776e13bb7927","partitions":true,"reset_reason":11,"tf":"READY","wifi":"CONNECTING","ap_setup":false,"rtc":true,"shtc3":true,"sensor_valid":true,"temperature_tenths_c":269,"humidity_tenths_percent":474,"key_short":0,"key_long":0,"crc32c":"28860df0"}
W (2031627) frame-board: PCF85063 read failed: ESP_ERR_INVALID_CRC
{"schema_version":1,"sequence":195,"uptime_us":2032907262,"utc_valid":false,"utc":"","source":"m1","event":"status","mode":"normal","status":"OK","device_id":"c1810c76790e","app":"d73cadb","idf":"v6.0.2","toolchain":"gcc-15.2.0","image_sha256":"b67bb4381a06dcc6f9eb32696df5648bfd3ca00b67d4c624a950776e13bb7927","partitions":true,"reset_reason":11,"tf":"READY","wifi":"CONNECTING","ap_setup":false,"rtc":true,"shtc3":true,"sensor_valid":true,"temperature_tenths_c":270,"humidity_tenths_percent":475,"key_short":0,"key_long":0,"crc32c":"c230a759"}
W (2041636) frame-board: PCF85063 read failed: ESP_ERR_INVALID_CRC
{"schema_version":1,"sequence":196,"uptime_us":2042922260,"utc_valid":false,"utc":"","source":"m1","event":"status","mode":"normal","status":"OK","device_id":"c1810c76790e","app":"d73cadb","idf":"v6.0.2","toolchain":"gcc-15.2.0","image_sha256":"b67bb4381a06dcc6f9eb32696df5648bfd3ca00b67d4c624a950776e13bb7927","partitions":true,"reset_reason":11,"tf":"READY","wifi":"CONNECTING","ap_setup":false,"rtc":true,"shtc3":true,"sensor_valid":true,"temperature_tenths_c":270,"humidity_tenths_percent":476,"key_short":0,"key_long":0,"crc32c":"dcff55f5"}
W (2051636) frame-board: PCF85063 read failed: ESP_ERR_INVALID_CRC
{"schema_version":1,"sequence":197,"uptime_us":2052938310,"utc_valid":false,"utc":"","source":"m1","event":"status","mode":"normal","status":"OK","device_id":"c1810c76790e","app":"d73cadb","idf":"v6.0.2","toolchain":"gcc-15.2.0","image_sha256":"b67bb4381a06dcc6f9eb32696df5648bfd3ca00b67d4c624a950776e13bb7927","partitions":true,"reset_reason":11,"tf":"READY","wifi":"CONNECTING","ap_setup":false,"rtc":true,"shtc3":true,"sensor_valid":true,"temperature_tenths_c":269,"humidity_tenths_percent":473,"key_short":0,"key_long":0,"crc32c":"6d67c6f2"}
W (2061645) frame-board: PCF85063 read failed: ESP_ERR_INVALID_CRC
{"schema_version":1,"sequence":198,"uptime_us":2062954253,"utc_valid":false,"utc":"","source":"m1","event":"status","mode":"normal","status":"OK","device_id":"c1810c76790e","app":"d73cadb","idf":"v6.0.2","toolchain":"gcc-15.2.0","image_sha256":"b67bb4381a06dcc6f9eb32696df5648bfd3ca00b67d4c624a950776e13bb7927","partitions":true,"reset_reason":11,"tf":"READY","wifi":"CONNECTING","ap_setup":false,"rtc":true,"shtc3":true,"sensor_valid":true,"temperature_tenths_c":269,"humidity_tenths_percent":479,"key_short":0,"key_long":0,"crc32c":"ee43244e"}
W (2071645) frame-board: PCF85063 read failed: ESP_ERR_INVALID_CRC
{"schema_version":1,"sequence":199,"uptime_us":2072971254,"utc_valid":false,"utc":"","source":"m1","event":"status","mode":"normal","status":"OK","device_id":"c1810c76790e","app":"d73cadb","idf":"v6.0.2","toolchain":"gcc-15.2.0","image_sha256":"b67bb4381a06dcc6f9eb32696df5648bfd3ca00b67d4c624a950776e13bb7927","partitions":true,"reset_reason":11,"tf":"READY","wifi":"CONNECTING","ap_setup":false,"rtc":true,"shtc3":true,"sensor_valid":true,"temperature_tenths_c":270,"humidity_tenths_percent":475,"key_short":0,"key_long":0,"crc32c":"4005d974"}
W (2081645) frame-board: PCF85063 read failed: ESP_ERR_INVALID_CRC
{"schema_version":1,"sequence":200,"uptime_us":2082987264,"utc_valid":false,"utc":"","source":"m1","event":"status","mode":"normal","status":"OK","device_id":"c1810c76790e","app":"d73cadb","idf":"v6.0.2","toolchain":"gcc-15.2.0","image_sha256":"b67bb4381a06dcc6f9eb32696df5648bfd3ca00b67d4c624a950776e13bb7927","partitions":true,"reset_reason":11,"tf":"READY","wifi":"CONNECTING","ap_setup":false,"rtc":true,"shtc3":true,"sensor_valid":true,"temperature_tenths_c":270,"humidity_tenths_percent":471,"key_short":0,"key_long":0,"crc32c":"8915b2b5"}
W (2091645) frame-board: PCF85063 read failed: ESP_ERR_INVALID_CRC
{"schema_version":1,"sequence":201,"uptime_us":2093006266,"utc_valid":false,"utc":"","source":"m1","event":"status","mode":"normal","status":"OK","device_id":"c1810c76790e","app":"d73cadb","idf":"v6.0.2","toolchain":"gcc-15.2.0","image_sha256":"b67bb4381a06dcc6f9eb32696df5648bfd3ca00b67d4c624a950776e13bb7927","partitions":true,"reset_reason":11,"tf":"READY","wifi":"CONNECTING","ap_setup":false,"rtc":true,"shtc3":true,"sensor_valid":true,"temperature_tenths_c":270,"humidity_tenths_percent":471,"key_short":0,"key_long":0,"crc32c":"c4c7d261"}
W (2101646) frame-board: PCF85063 read failed: ESP_ERR_INVALID_CRC
{"schema_version":1,"sequence":202,"uptime_us":2103021269,"utc_valid":false,"utc":"","source":"m1","event":"status","mode":"normal","status":"OK","device_id":"c1810c76790e","app":"d73cadb","idf":"v6.0.2","toolchain":"gcc-15.2.0","image_sha256":"b67bb4381a06dcc6f9eb32696df5648bfd3ca00b67d4c624a950776e13bb7927","partitions":true,"reset_reason":11,"tf":"READY","wifi":"CONNECTING","ap_setup":false,"rtc":true,"shtc3":true,"sensor_valid":true,"temperature_tenths_c":269,"humidity_tenths_percent":469,"key_short":0,"key_long":0,"crc32c":"2eb16412"}
W (2111646) frame-board: PCF85063 read failed: ESP_ERR_INVALID_CRC
{"schema_version":1,"sequence":203,"uptime_us":2113037262,"utc_valid":false,"utc":"","source":"m1","event":"status","mode":"normal","status":"OK","device_id":"c1810c76790e","app":"d73cadb","idf":"v6.0.2","toolchain":"gcc-15.2.0","image_sha256":"b67bb4381a06dcc6f9eb32696df5648bfd3ca00b67d4c624a950776e13bb7927","partitions":true,"reset_reason":11,"tf":"READY","wifi":"CONNECTING","ap_setup":false,"rtc":true,"shtc3":true,"sensor_valid":true,"temperature_tenths_c":270,"humidity_tenths_percent":468,"key_short":0,"key_long":0,"crc32c":"aea34ecf"}
W (2121646) frame-board: PCF85063 read failed: ESP_ERR_INVALID_CRC
{"schema_version":1,"sequence":204,"uptime_us":2123053256,"utc_valid":false,"utc":"","source":"m1","event":"status","mode":"normal","status":"OK","device_id":"c1810c76790e","app":"d73cadb","idf":"v6.0.2","toolchain":"gcc-15.2.0","image_sha256":"b67bb4381a06dcc6f9eb32696df5648bfd3ca00b67d4c624a950776e13bb7927","partitions":true,"reset_reason":11,"tf":"READY","wifi":"CONNECTING","ap_setup":false,"rtc":true,"shtc3":true,"sensor_valid":true,"temperature_tenths_c":269,"humidity_tenths_percent":468,"key_short":0,"key_long":0,"crc32c":"5a9b27b1"}
status --json
{"schema_version":1,"firmware":"0.1.0-dev.1","idf":"v6.0.2","toolchain":"gcc-15.2.0","device_id":"c1810c76790e","health":"OK","target_ok":true,"cores":2,"flash_bytes":16777216,"psram_bytes":8388608,"partitions_ok":true,"reset_reason":11,"display":"OK","tf":"READY","rtc":true,"rtc_valid":false,"utc":"","shtc3":true,"sensor_valid":true,"wifi":"CONNECTING","ap_active":false,"credentials_persisted":true,"tf_logging":true,"logging_error":0,"temperature_tenths_c":269,"humidity_tenths_percent":468,"key_short":0,"key_long":0,"elf_sha256":"1e04bf7cd44f4813a9df1b472ef7cc39e25b03a19a8aa2f37e6c316e4466c630","image_sha256":"b67bb4381a06dcc6f9eb32696df5648bfd3ca00b67d4c624a950776e13bb7927"}
frame>  
frame>  wifi reconnect
W (2129782) wifi:sta is connected, disconnect before connecting to new ap
wifi reconnect: ESP_OK
frame>  
frame>  
W (2131655) frame-board: PCF85063 read failed: ESP_ERR_INVALID_CRC
{"schema_version":1,"sequence":205,"uptime_us":2133069259,"utc_valid":false,"utc":"","source":"m1","event":"status","mode":"normal","status":"OK","device_id":"c1810c76790e","app":"d73cadb","idf":"v6.0.2","toolchain":"gcc-15.2.0","image_sha256":"b67bb4381a06dcc6f9eb32696df5648bfd3ca00b67d4c624a950776e13bb7927","partitions":true,"reset_reason":11,"tf":"READY","wifi":"CONNECTING","ap_setup":false,"rtc":true,"shtc3":true,"sensor_valid":true,"temperature_tenths_c":270,"humidity_tenths_percent":467,"key_short":0,"key_long":0,"crc32c":"784fd67e"}
W (2141656) frame-board: PCF85063 read failed: ESP_ERR_INVALID_CRC
{"schema_version":1,"sequence":206,"uptime_us":2143085262,"utc_valid":false,"utc":"","source":"m1","event":"status","mode":"normal","status":"OK","device_id":"c1810c76790e","app":"d73cadb","idf":"v6.0.2","toolchain":"gcc-15.2.0","image_sha256":"b67bb4381a06dcc6f9eb32696df5648bfd3ca00b67d4c624a950776e13bb7927","partitions":true,"reset_reason":11,"tf":"READY","wifi":"CONNECTING","ap_setup":false,"rtc":true,"shtc3":true,"sensor_valid":true,"temperature_tenths_c":269,"humidity_tenths_percent":468,"key_short":0,"key_long":0,"crc32c":"1ffdd3bf"}
W (2151656) frame-board: PCF85063 read failed: ESP_ERR_INVALID_CRC
{"schema_version":1,"sequence":207,"uptime_us":2153101259,"utc_valid":false,"utc":"","source":"m1","event":"status","mode":"normal","status":"OK","device_id":"c1810c76790e","app":"d73cadb","idf":"v6.0.2","toolchain":"gcc-15.2.0","image_sha256":"b67bb4381a06dcc6f9eb32696df5648bfd3ca00b67d4c624a950776e13bb7927","partitions":true,"reset_reason":11,"tf":"READY","wifi":"CONNECTING","ap_setup":false,"rtc":true,"shtc3":true,"sensor_valid":true,"temperature_tenths_c":269,"humidity_tenths_percent":466,"key_short":0,"key_long":0,"crc32c":"9428563f"}
W (2161665) frame-board: PCF85063 read failed: ESP_ERR_INVALID_CRC
{"schema_version":1,"sequence":208,"uptime_us":2163120259,"utc_valid":false,"utc":"","source":"m1","event":"status","mode":"normal","status":"OK","device_id":"c1810c76790e","app":"d73cadb","idf":"v6.0.2","toolchain":"gcc-15.2.0","image_sha256":"b67bb4381a06dcc6f9eb32696df5648bfd3ca00b67d4c624a950776e13bb7927","partitions":true,"reset_reason":11,"tf":"READY","wifi":"CONNECTING","ap_setup":false,"rtc":true,"shtc3":true,"sensor_valid":true,"temperature_tenths_c":269,"humidity_tenths_percent":466,"key_short":0,"key_long":0,"crc32c":"7ffb5f7f"}
W (2171667) frame-board: PCF85063 read failed: ESP_ERR_INVALID_CRC
{"schema_version":1,"sequence":209,"uptime_us":2173136258,"utc_valid":false,"utc":"","source":"m1","event":"status","mode":"normal","status":"OK","device_id":"c1810c76790e","app":"d73cadb","idf":"v6.0.2","toolchain":"gcc-15.2.0","image_sha256":"b67bb4381a06dcc6f9eb32696df5648bfd3ca00b67d4c624a950776e13bb7927","partitions":true,"reset_reason":11,"tf":"READY","wifi":"CONNECTING","ap_setup":false,"rtc":true,"shtc3":true,"sensor_valid":true,"temperature_tenths_c":269,"humidity_tenths_percent":466,"key_short":0,"key_long":0,"crc32c":"4ce73a93"}
W (2181667) frame-board: PCF85063 read failed: ESP_ERR_INVALID_CRC
{"schema_version":1,"sequence":210,"uptime_us":2183151256,"utc_valid":false,"utc":"","source":"m1","event":"status","mode":"normal","status":"OK","device_id":"c1810c76790e","app":"d73cadb","idf":"v6.0.2","toolchain":"gcc-15.2.0","image_sha256":"b67bb4381a06dcc6f9eb32696df5648bfd3ca00b67d4c624a950776e13bb7927","partitions":true,"reset_reason":11,"tf":"READY","wifi":"CONNECTING","ap_setup":false,"rtc":true,"shtc3":true,"sensor_valid":true,"temperature_tenths_c":270,"humidity_tenths_percent":465,"key_short":0,"key_long":0,"crc32c":"d664dc66"}
W (2191668) frame-board: PCF85063 read failed: ESP_ERR_INVALID_CRC
{"schema_version":1,"sequence":211,"uptime_us":2193167256,"utc_valid":false,"utc":"","source":"m1","event":"status","mode":"normal","status":"OK","device_id":"c1810c76790e","app":"d73cadb","idf":"v6.0.2","toolchain":"gcc-15.2.0","image_sha256":"b67bb4381a06dcc6f9eb32696df5648bfd3ca00b67d4c624a950776e13bb7927","partitions":true,"reset_reason":11,"tf":"READY","wifi":"CONNECTING","ap_setup":false,"rtc":true,"shtc3":true,"sensor_valid":true,"temperature_tenths_c":269,"humidity_tenths_percent":463,"key_short":0,"key_long":0,"crc32c":"2d89c5f8"}
W (2201677) frame-board: PCF85063 read failed: ESP_ERR_INVALID_CRC
{"schema_version":1,"sequence":212,"uptime_us":2203183263,"utc_valid":false,"utc":"","source":"m1","event":"status","mode":"normal","status":"OK","device_id":"c1810c76790e","app":"d73cadb","idf":"v6.0.2","toolchain":"gcc-15.2.0","image_sha256":"b67bb4381a06dcc6f9eb32696df5648bfd3ca00b67d4c624a950776e13bb7927","partitions":true,"reset_reason":11,"tf":"READY","wifi":"CONNECTING","ap_setup":false,"rtc":true,"shtc3":true,"sensor_valid":true,"temperature_tenths_c":269,"humidity_tenths_percent":462,"key_short":0,"key_long":0,"crc32c":"ebe71f95"}
W (2211678) frame-board: PCF85063 read failed: ESP_ERR_INVALID_CRC
{"schema_version":1,"sequence":213,"uptime_us":2213199270,"utc_valid":false,"utc":"","source":"m1","event":"status","mode":"normal","status":"OK","device_id":"c1810c76790e","app":"d73cadb","idf":"v6.0.2","toolchain":"gcc-15.2.0","image_sha256":"b67bb4381a06dcc6f9eb32696df5648bfd3ca00b67d4c624a950776e13bb7927","partitions":true,"reset_reason":11,"tf":"READY","wifi":"CONNECTING","ap_setup":false,"rtc":true,"shtc3":true,"sensor_valid":true,"temperature_tenths_c":269,"humidity_tenths_percent":462,"key_short":0,"key_long":0,"crc32c":"218c1f64"}
W (2221687) frame-board: PCF85063 read failed: ESP_ERR_INVALID_CRC
{"schema_version":1,"sequence":214,"uptime_us":2223220264,"utc_valid":false,"utc":"","source":"m1","event":"status","mode":"normal","status":"OK","device_id":"c1810c76790e","app":"d73cadb","idf":"v6.0.2","toolchain":"gcc-15.2.0","image_sha256":"b67bb4381a06dcc6f9eb32696df5648bfd3ca00b67d4c624a950776e13bb7927","partitions":true,"reset_reason":11,"tf":"READY","wifi":"CONNECTING","ap_setup":false,"rtc":true,"shtc3":true,"sensor_valid":true,"temperature_tenths_c":269,"humidity_tenths_percent":462,"key_short":0,"key_long":0,"crc32c":"602f19f1"}
W (2231688) frame-board: PCF85063 read failed: ESP_ERR_INVALID_CRC
{"schema_version":1,"sequence":215,"uptime_us":2233236256,"utc_valid":false,"utc":"","source":"m1","event":"status","mode":"normal","status":"OK","device_id":"c1810c76790e","app":"d73cadb","idf":"v6.0.2","toolchain":"gcc-15.2.0","image_sha256":"b67bb4381a06dcc6f9eb32696df5648bfd3ca00b67d4c624a950776e13bb7927","partitions":true,"reset_reason":11,"tf":"READY","wifi":"CONNECTING","ap_setup":false,"rtc":true,"shtc3":true,"sensor_valid":true,"temperature_tenths_c":269,"humidity_tenths_percent":462,"key_short":0,"key_long":0,"crc32c":"8499867b"}
W (2241688) frame-board: PCF85063 read failed: ESP_ERR_INVALID_CRC
{"schema_version":1,"sequence":216,"uptime_us":2243251266,"utc_valid":false,"utc":"","source":"m1","event":"status","mode":"normal","status":"OK","device_id":"c1810c76790e","app":"d73cadb","idf":"v6.0.2","toolchain":"gcc-15.2.0","image_sha256":"b67bb4381a06dcc6f9eb32696df5648bfd3ca00b67d4c624a950776e13bb7927","partitions":true,"reset_reason":11,"tf":"READY","wifi":"CONNECTING","ap_setup":false,"rtc":true,"shtc3":true,"sensor_valid":true,"temperature_tenths_c":269,"humidity_tenths_percent":464,"key_short":0,"key_long":0,"crc32c":"1aef3b2b"}
status --json
{"schema_version":1,"firmware":"0.1.0-dev.1","idf":"v6.0.2","toolchain":"gcc-15.2.0","device_id":"c1810c76790e","health":"OK","target_ok":true,"cores":2,"flash_bytes":16777216,"psram_bytes":8388608,"partitions_ok":true,"reset_reason":11,"display":"OK","tf":"READY","rtc":true,"rtc_valid":false,"utc":"","shtc3":true,"sensor_valid":true,"wifi":"CONNECTING","ap_active":false,"credentials_persisted":true,"tf_logging":true,"logging_error":0,"temperature_tenths_c":269,"humidity_tenths_percent":464,"key_short":0,"key_long":0,"elf_sha256":"1e04bf7cd44f4813a9df1b472ef7cc39e25b03a19a8aa2f37e6c316e4466c630","image_sha256":"b67bb4381a06dcc6f9eb32696df5648bfd3ca00b67d4c624a950776e13bb7927"}
frame>  
frame>  
W (2251699) frame-board: PCF85063 read failed: ESP_ERR_INVALID_CRC
{"schema_version":1,"sequence":217,"uptime_us":2253267261,"utc_valid":false,"utc":"","source":"m1","event":"status","mode":"normal","status":"OK","device_id":"c1810c76790e","app":"d73cadb","idf":"v6.0.2","toolchain":"gcc-15.2.0","image_sha256":"b67bb4381a06dcc6f9eb32696df5648bfd3ca00b67d4c624a950776e13bb7927","partitions":true,"reset_reason":11,"tf":"READY","wifi":"CONNECTING","ap_setup":false,"rtc":true,"shtc3":true,"sensor_valid":true,"temperature_tenths_c":269,"humidity_tenths_percent":463,"key_short":0,"key_long":0,"crc32c":"cf9533e6"}
W (2261698) frame-board: PCF85063 read failed: ESP_ERR_INVALID_CRC
{"schema_version":1,"sequence":218,"uptime_us":2263283264,"utc_valid":false,"utc":"","source":"m1","event":"status","mode":"normal","status":"OK","device_id":"c1810c76790e","app":"d73cadb","idf":"v6.0.2","toolchain":"gcc-15.2.0","image_sha256":"b67bb4381a06dcc6f9eb32696df5648bfd3ca00b67d4c624a950776e13bb7927","partitions":true,"reset_reason":11,"tf":"READY","wifi":"CONNECTING","ap_setup":false,"rtc":true,"shtc3":true,"sensor_valid":true,"temperature_tenths_c":269,"humidity_tenths_percent":464,"key_short":0,"key_long":0,"crc32c":"2aa8b6b0"}
W (2271707) frame-board: PCF85063 read failed: ESP_ERR_INVALID_CRC
{"schema_version":1,"sequence":219,"uptime_us":2273302262,"utc_valid":false,"utc":"","source":"m1","event":"status","mode":"normal","status":"OK","device_id":"c1810c76790e","app":"d73cadb","idf":"v6.0.2","toolchain":"gcc-15.2.0","image_sha256":"b67bb4381a06dcc6f9eb32696df5648bfd3ca00b67d4c624a950776e13bb7927","partitions":true,"reset_reason":11,"tf":"READY","wifi":"CONNECTING","ap_setup":false,"rtc":true,"shtc3":true,"sensor_valid":true,"temperature_tenths_c":269,"humidity_tenths_percent":464,"key_short":0,"key_long":0,"crc32c":"e8449cab"}
W (2281707) frame-board: PCF85063 read failed: ESP_ERR_INVALID_CRC
{"schema_version":1,"sequence":220,"uptime_us":2283318263,"utc_valid":false,"utc":"","source":"m1","event":"status","mode":"normal","status":"OK","device_id":"c1810c76790e","app":"d73cadb","idf":"v6.0.2","toolchain":"gcc-15.2.0","image_sha256":"b67bb4381a06dcc6f9eb32696df5648bfd3ca00b67d4c624a950776e13bb7927","partitions":true,"reset_reason":11,"tf":"READY","wifi":"CONNECTING","ap_setup":false,"rtc":true,"shtc3":true,"sensor_valid":true,"temperature_tenths_c":269,"humidity_tenths_percent":465,"key_short":0,"key_long":0,"crc32c":"fb2fae6e"}
W (2291716) frame-board: PCF85063 read failed: ESP_ERR_INVALID_CRC
{"schema_version":1,"sequence":221,"uptime_us":2293337259,"utc_valid":false,"utc":"","source":"m1","event":"status","mode":"normal","status":"OK","device_id":"c1810c76790e","app":"d73cadb","idf":"v6.0.2","toolchain":"gcc-15.2.0","image_sha256":"b67bb4381a06dcc6f9eb32696df5648bfd3ca00b67d4c624a950776e13bb7927","partitions":true,"reset_reason":11,"tf":"READY","wifi":"CONNECTING","ap_setup":false,"rtc":true,"shtc3":true,"sensor_valid":true,"temperature_tenths_c":269,"humidity_tenths_percent":475,"key_short":0,"key_long":0,"crc32c":"c75fad5c"}
W (2301716) frame-board: PCF85063 read failed: ESP_ERR_INVALID_CRC
{"schema_version":1,"sequence":222,"uptime_us":2303352262,"utc_valid":false,"utc":"","source":"m1","event":"status","mode":"normal","status":"OK","device_id":"c1810c76790e","app":"d73cadb","idf":"v6.0.2","toolchain":"gcc-15.2.0","image_sha256":"b67bb4381a06dcc6f9eb32696df5648bfd3ca00b67d4c624a950776e13bb7927","partitions":true,"reset_reason":11,"tf":"READY","wifi":"CONNECTING","ap_setup":false,"rtc":true,"shtc3":true,"sensor_valid":true,"temperature_tenths_c":269,"humidity_tenths_percent":467,"key_short":0,"key_long":0,"crc32c":"13eaea13"}
W (2311717) frame-board: PCF85063 read failed: ESP_ERR_INVALID_CRC
{"schema_version":1,"sequence":223,"uptime_us":2313368261,"utc_valid":false,"utc":"","source":"m1","event":"status","mode":"normal","status":"OK","device_id":"c1810c76790e","app":"d73cadb","idf":"v6.0.2","toolchain":"gcc-15.2.0","image_sha256":"b67bb4381a06dcc6f9eb32696df5648bfd3ca00b67d4c624a950776e13bb7927","partitions":true,"reset_reason":11,"tf":"READY","wifi":"CONNECTING","ap_setup":false,"rtc":true,"shtc3":true,"sensor_valid":true,"temperature_tenths_c":269,"humidity_tenths_percent":467,"key_short":0,"key_long":0,"crc32c":"a69868cc"}
W (2321718) frame-board: PCF85063 read failed: ESP_ERR_INVALID_CRC
{"schema_version":1,"sequence":224,"uptime_us":2323384273,"utc_valid":false,"utc":"","source":"m1","event":"status","mode":"normal","status":"OK","device_id":"c1810c76790e","app":"d73cadb","idf":"v6.0.2","toolchain":"gcc-15.2.0","image_sha256":"b67bb4381a06dcc6f9eb32696df5648bfd3ca00b67d4c624a950776e13bb7927","partitions":true,"reset_reason":11,"tf":"READY","wifi":"CONNECTING","ap_setup":false,"rtc":true,"shtc3":true,"sensor_valid":true,"temperature_tenths_c":269,"humidity_tenths_percent":467,"key_short":0,"key_long":0,"crc32c":"bd450ecc"}
W (2331720) frame-board: PCF85063 read failed: ESP_ERR_INVALID_CRC
{"schema_version":1,"sequence":225,"uptime_us":2333400262,"utc_valid":false,"utc":"","source":"m1","event":"status","mode":"normal","status":"OK","device_id":"c1810c76790e","app":"d73cadb","idf":"v6.0.2","toolchain":"gcc-15.2.0","image_sha256":"b67bb4381a06dcc6f9eb32696df5648bfd3ca00b67d4c624a950776e13bb7927","partitions":true,"reset_reason":11,"tf":"READY","wifi":"CONNECTING","ap_setup":false,"rtc":true,"shtc3":true,"sensor_valid":true,"temperature_tenths_c":269,"humidity_tenths_percent":466,"key_short":0,"key_long":0,"crc32c":"b740e415"}
W (2341729) frame-board: PCF85063 read failed: ESP_ERR_INVALID_CRC
{"schema_version":1,"sequence":226,"uptime_us":2343416266,"utc_valid":false,"utc":"","source":"m1","event":"status","mode":"normal","status":"OK","device_id":"c1810c76790e","app":"d73cadb","idf":"v6.0.2","toolchain":"gcc-15.2.0","image_sha256":"b67bb4381a06dcc6f9eb32696df5648bfd3ca00b67d4c624a950776e13bb7927","partitions":true,"reset_reason":11,"tf":"READY","wifi":"CONNECTING","ap_setup":false,"rtc":true,"shtc3":true,"sensor_valid":true,"temperature_tenths_c":269,"humidity_tenths_percent":467,"key_short":0,"key_long":0,"crc32c":"ccaad284"}
W (2351800) frame-board: PCF85063 read failed: ESP_ERR_INVALID_CRC
{"schema_version":1,"sequence":227,"uptime_us":2353435261,"utc_valid":false,"utc":"","source":"m1","event":"status","mode":"normal","status":"OK","device_id":"c1810c76790e","app":"d73cadb","idf":"v6.0.2","toolchain":"gcc-15.2.0","image_sha256":"b67bb4381a06dcc6f9eb32696df5648bfd3ca00b67d4c624a950776e13bb7927","partitions":true,"reset_reason":11,"tf":"READY","wifi":"CONNECTING","ap_setup":false,"rtc":true,"shtc3":true,"sensor_valid":true,"temperature_tenths_c":270,"humidity_tenths_percent":467,"key_short":0,"key_long":0,"crc32c":"c1e4847d"}
W (2361732) frame-board: PCF85063 read failed: ESP_ERR_INVALID_CRC
{"schema_version":1,"sequence":228,"uptime_us":2363450259,"utc_valid":false,"utc":"","source":"m1","event":"status","mode":"normal","status":"OK","device_id":"c1810c76790e","app":"d73cadb","idf":"v6.0.2","toolchain":"gcc-15.2.0","image_sha256":"b67bb4381a06dcc6f9eb32696df5648bfd3ca00b67d4c624a950776e13bb7927","partitions":true,"reset_reason":11,"tf":"READY","wifi":"CONNECTING","ap_setup":false,"rtc":true,"shtc3":true,"sensor_valid":true,"temperature_tenths_c":270,"humidity_tenths_percent":466,"key_short":0,"key_long":0,"crc32c":"22ab5047"}
status --json
{"schema_version":1,"firmware":"0.1.0-dev.1","idf":"v6.0.2","toolchain":"gcc-15.2.0","device_id":"c1810c76790e","health":"OK","target_ok":true,"cores":2,"flash_bytes":16777216,"psram_bytes":8388608,"partitions_ok":true,"reset_reason":11,"display":"OK","tf":"READY","rtc":true,"rtc_valid":false,"utc":"","shtc3":true,"sensor_valid":true,"wifi":"CONNECTING","ap_active":false,"credentials_persisted":true,"tf_logging":true,"logging_error":0,"temperature_tenths_c":270,"humidity_tenths_percent":466,"key_short":0,"key_long":0,"elf_sha256":"1e04bf7cd44f4813a9df1b472ef7cc39e25b03a19a8aa2f37e6c316e4466c630","image_sha256":"b67bb4381a06dcc6f9eb32696df5648bfd3ca00b67d4c624a950776e13bb7927"}
frame>  
frame>  
W (2371741) frame-board: PCF85063 read failed: ESP_ERR_INVALID_CRC
{"schema_version":1,"sequence":229,"uptime_us":2373465309,"utc_valid":false,"utc":"","source":"m1","event":"status","mode":"normal","status":"OK","device_id":"c1810c76790e","app":"d73cadb","idf":"v6.0.2","toolchain":"gcc-15.2.0","image_sha256":"b67bb4381a06dcc6f9eb32696df5648bfd3ca00b67d4c624a950776e13bb7927","partitions":true,"reset_reason":11,"tf":"READY","wifi":"CONNECTING","ap_setup":false,"rtc":true,"shtc3":true,"sensor_valid":true,"temperature_tenths_c":269,"humidity_tenths_percent":466,"key_short":0,"key_long":0,"crc32c":"bf310d03"}
W (2381742) frame-board: PCF85063 read failed: ESP_ERR_INVALID_CRC
{"schema_version":1,"sequence":230,"uptime_us":2383480258,"utc_valid":false,"utc":"","source":"m1","event":"status","mode":"normal","status":"OK","device_id":"c1810c76790e","app":"d73cadb","idf":"v6.0.2","toolchain":"gcc-15.2.0","image_sha256":"b67bb4381a06dcc6f9eb32696df5648bfd3ca00b67d4c624a950776e13bb7927","partitions":true,"reset_reason":11,"tf":"READY","wifi":"CONNECTING","ap_setup":false,"rtc":true,"shtc3":true,"sensor_valid":true,"temperature_tenths_c":270,"humidity_tenths_percent":466,"key_short":0,"key_long":0,"crc32c":"219a1526"}
W (2391751) frame-board: PCF85063 read failed: ESP_ERR_INVALID_CRC
{"schema_version":1,"sequence":231,"uptime_us":2393496256,"utc_valid":false,"utc":"","source":"m1","event":"status","mode":"normal","status":"OK","device_id":"c1810c76790e","app":"d73cadb","idf":"v6.0.2","toolchain":"gcc-15.2.0","image_sha256":"b67bb4381a06dcc6f9eb32696df5648bfd3ca00b67d4c624a950776e13bb7927","partitions":true,"reset_reason":11,"tf":"READY","wifi":"CONNECTING","ap_setup":false,"rtc":true,"shtc3":true,"sensor_valid":true,"temperature_tenths_c":270,"humidity_tenths_percent":466,"key_short":0,"key_long":0,"crc32c":"2fb4dbf2"}
W (2401752) frame-board: PCF85063 read failed: ESP_ERR_INVALID_CRC
{"schema_version":1,"sequence":232,"uptime_us":2403512257,"utc_valid":false,"utc":"","source":"m1","event":"status","mode":"normal","status":"OK","device_id":"c1810c76790e","app":"d73cadb","idf":"v6.0.2","toolchain":"gcc-15.2.0","image_sha256":"b67bb4381a06dcc6f9eb32696df5648bfd3ca00b67d4c624a950776e13bb7927","partitions":true,"reset_reason":11,"tf":"READY","wifi":"CONNECTING","ap_setup":false,"rtc":true,"shtc3":true,"sensor_valid":true,"temperature_tenths_c":269,"humidity_tenths_percent":466,"key_short":0,"key_long":0,"crc32c":"36c9c262"}
W (2411752) frame-board: PCF85063 read failed: ESP_ERR_INVALID_CRC
{"schema_version":1,"sequence":233,"uptime_us":2413528261,"utc_valid":false,"utc":"","source":"m1","event":"status","mode":"normal","status":"OK","device_id":"c1810c76790e","app":"d73cadb","idf":"v6.0.2","toolchain":"gcc-15.2.0","image_sha256":"b67bb4381a06dcc6f9eb32696df5648bfd3ca00b67d4c624a950776e13bb7927","partitions":true,"reset_reason":11,"tf":"READY","wifi":"CONNECTING","ap_setup":false,"rtc":true,"shtc3":true,"sensor_valid":true,"temperature_tenths_c":270,"humidity_tenths_percent":466,"key_short":0,"key_long":0,"crc32c":"88c6da11"}
W (2421752) frame-board: PCF85063 read failed: ESP_ERR_INVALID_CRC
{"schema_version":1,"sequence":234,"uptime_us":2423547263,"utc_valid":false,"utc":"","source":"m1","event":"status","mode":"normal","status":"OK","device_id":"c1810c76790e","app":"d73cadb","idf":"v6.0.2","toolchain":"gcc-15.2.0","image_sha256":"b67bb4381a06dcc6f9eb32696df5648bfd3ca00b67d4c624a950776e13bb7927","partitions":true,"reset_reason":11,"tf":"READY","wifi":"CONNECTING","ap_setup":false,"rtc":true,"shtc3":true,"sensor_valid":true,"temperature_tenths_c":270,"humidity_tenths_percent":466,"key_short":0,"key_long":0,"crc32c":"125713d9"}
W (2431754) frame-board: PCF85063 read failed: ESP_ERR_INVALID_CRC
{"schema_version":1,"sequence":235,"uptime_us":2433562265,"utc_valid":false,"utc":"","source":"m1","event":"status","mode":"normal","status":"OK","device_id":"c1810c76790e","app":"d73cadb","idf":"v6.0.2","toolchain":"gcc-15.2.0","image_sha256":"b67bb4381a06dcc6f9eb32696df5648bfd3ca00b67d4c624a950776e13bb7927","partitions":true,"reset_reason":11,"tf":"READY","wifi":"CONNECTING","ap_setup":false,"rtc":true,"shtc3":true,"sensor_valid":true,"temperature_tenths_c":269,"humidity_tenths_percent":466,"key_short":0,"key_long":0,"crc32c":"6d3b21e9"}
W (2441763) frame-board: PCF85063 read failed: ESP_ERR_INVALID_CRC
{"schema_version":1,"sequence":236,"uptime_us":2443578259,"utc_valid":false,"utc":"","source":"m1","event":"status","mode":"normal","status":"OK","device_id":"c1810c76790e","app":"d73cadb","idf":"v6.0.2","toolchain":"gcc-15.2.0","image_sha256":"b67bb4381a06dcc6f9eb32696df5648bfd3ca00b67d4c624a950776e13bb7927","partitions":true,"reset_reason":11,"tf":"READY","wifi":"CONNECTING","ap_setup":false,"rtc":true,"shtc3":true,"sensor_valid":true,"temperature_tenths_c":270,"humidity_tenths_percent":468,"key_short":0,"key_long":0,"crc32c":"a6773174"}
W (2451765) frame-board: PCF85063 read failed: ESP_ERR_INVALID_CRC
{"schema_version":1,"sequence":237,"uptime_us":2453594252,"utc_valid":false,"utc":"","source":"m1","event":"status","mode":"normal","status":"OK","device_id":"c1810c76790e","app":"d73cadb","idf":"v6.0.2","toolchain":"gcc-15.2.0","image_sha256":"b67bb4381a06dcc6f9eb32696df5648bfd3ca00b67d4c624a950776e13bb7927","partitions":true,"reset_reason":11,"tf":"READY","wifi":"CONNECTING","ap_setup":false,"rtc":true,"shtc3":true,"sensor_valid":true,"temperature_tenths_c":270,"humidity_tenths_percent":468,"key_short":0,"key_long":0,"crc32c":"42f6a85a"}
W (2461774) frame-board: PCF85063 read failed: ESP_ERR_INVALID_CRC
{"schema_version":1,"sequence":238,"uptime_us":2463610259,"utc_valid":false,"utc":"","source":"m1","event":"status","mode":"normal","status":"OK","device_id":"c1810c76790e","app":"d73cadb","idf":"v6.0.2","toolchain":"gcc-15.2.0","image_sha256":"b67bb4381a06dcc6f9eb32696df5648bfd3ca00b67d4c624a950776e13bb7927","partitions":true,"reset_reason":11,"tf":"READY","wifi":"CONNECTING","ap_setup":false,"rtc":true,"shtc3":true,"sensor_valid":true,"temperature_tenths_c":270,"humidity_tenths_percent":467,"key_short":0,"key_long":0,"crc32c":"94b6d259"}
W (2471775) frame-board: PCF85063 read failed: ESP_ERR_INVALID_CRC
{"schema_version":1,"sequence":239,"uptime_us":2473626259,"utc_valid":false,"utc":"","source":"m1","event":"status","mode":"normal","status":"OK","device_id":"c1810c76790e","app":"d73cadb","idf":"v6.0.2","toolchain":"gcc-15.2.0","image_sha256":"b67bb4381a06dcc6f9eb32696df5648bfd3ca00b67d4c624a950776e13bb7927","partitions":true,"reset_reason":11,"tf":"READY","wifi":"CONNECTING","ap_setup":false,"rtc":true,"shtc3":true,"sensor_valid":true,"temperature_tenths_c":270,"humidity_tenths_percent":469,"key_short":0,"key_long":0,"crc32c":"556d3687"}
W (2481785) frame-board: PCF85063 read failed: ESP_ERR_INVALID_CRC
{"schema_version":1,"sequence":240,"uptime_us":2483642271,"utc_valid":false,"utc":"","source":"m1","event":"status","mode":"normal","status":"OK","device_id":"c1810c76790e","app":"d73cadb","idf":"v6.0.2","toolchain":"gcc-15.2.0","image_sha256":"b67bb4381a06dcc6f9eb32696df5648bfd3ca00b67d4c624a950776e13bb7927","partitions":true,"reset_reason":11,"tf":"READY","wifi":"CONNECTING","ap_setup":false,"rtc":true,"shtc3":true,"sensor_valid":true,"temperature_tenths_c":270,"humidity_tenths_percent":468,"key_short":0,"key_long":0,"crc32c":"c88d6007"}
status --json
{"schema_version":1,"firmware":"0.1.0-dev.1","idf":"v6.0.2","toolchain":"gcc-15.2.0","device_id":"c1810c76790e","health":"OK","target_ok":true,"cores":2,"flash_bytes":16777216,"psram_bytes":8388608,"partitions_ok":true,"reset_reason":11,"display":"OK","tf":"READY","rtc":true,"rtc_valid":false,"utc":"","shtc3":true,"sensor_valid":true,"wifi":"CONNECTING","ap_active":false,"credentials_persisted":true,"tf_logging":true,"logging_error":0,"temperature_tenths_c":270,"humidity_tenths_percent":468,"key_short":0,"key_long":0,"elf_sha256":"1e04bf7cd44f4813a9df1b472ef7cc39e25b03a19a8aa2f37e6c316e4466c630","image_sha256":"b67bb4381a06dcc6f9eb32696df5648bfd3ca00b67d4c624a950776e13bb7927"}
frame>  
frame>  
W (2491786) frame-board: PCF85063 read failed: ESP_ERR_INVALID_CRC
{"schema_version":1,"sequence":241,"uptime_us":2493661261,"utc_valid":false,"utc":"","source":"m1","event":"status","mode":"normal","status":"OK","device_id":"c1810c76790e","app":"d73cadb","idf":"v6.0.2","toolchain":"gcc-15.2.0","image_sha256":"b67bb4381a06dcc6f9eb32696df5648bfd3ca00b67d4c624a950776e13bb7927","partitions":true,"reset_reason":11,"tf":"READY","wifi":"CONNECTING","ap_setup":false,"rtc":true,"shtc3":true,"sensor_valid":true,"temperature_tenths_c":270,"humidity_tenths_percent":466,"key_short":0,"key_long":0,"crc32c":"94ca5528"}
W (2501788) frame-board: PCF85063 read failed: ESP_ERR_INVALID_CRC
{"schema_version":1,"sequence":242,"uptime_us":2503677260,"utc_valid":false,"utc":"","source":"m1","event":"status","mode":"normal","status":"OK","device_id":"c1810c76790e","app":"d73cadb","idf":"v6.0.2","toolchain":"gcc-15.2.0","image_sha256":"b67bb4381a06dcc6f9eb32696df5648bfd3ca00b67d4c624a950776e13bb7927","partitions":true,"reset_reason":11,"tf":"READY","wifi":"CONNECTING","ap_setup":false,"rtc":true,"shtc3":true,"sensor_valid":true,"temperature_tenths_c":270,"humidity_tenths_percent":466,"key_short":0,"key_long":0,"crc32c":"fc4d1163"}
W (2511788) frame-board: PCF85063 read failed: ESP_ERR_INVALID_CRC
{"schema_version":1,"sequence":243,"uptime_us":2513693258,"utc_valid":false,"utc":"","source":"m1","event":"status","mode":"normal","status":"OK","device_id":"c1810c76790e","app":"d73cadb","idf":"v6.0.2","toolchain":"gcc-15.2.0","image_sha256":"b67bb4381a06dcc6f9eb32696df5648bfd3ca00b67d4c624a950776e13bb7927","partitions":true,"reset_reason":11,"tf":"READY","wifi":"CONNECTING","ap_setup":false,"rtc":true,"shtc3":true,"sensor_valid":true,"temperature_tenths_c":270,"humidity_tenths_percent":466,"key_short":0,"key_long":0,"crc32c":"4b7788f4"}
W (2521788) frame-board: PCF85063 read failed: ESP_ERR_INVALID_CRC
{"schema_version":1,"sequence":244,"uptime_us":2523709258,"utc_valid":false,"utc":"","source":"m1","event":"status","mode":"normal","status":"OK","device_id":"c1810c76790e","app":"d73cadb","idf":"v6.0.2","toolchain":"gcc-15.2.0","image_sha256":"b67bb4381a06dcc6f9eb32696df5648bfd3ca00b67d4c624a950776e13bb7927","partitions":true,"reset_reason":11,"tf":"READY","wifi":"CONNECTING","ap_setup":false,"rtc":true,"shtc3":true,"sensor_valid":true,"temperature_tenths_c":270,"humidity_tenths_percent":466,"key_short":0,"key_long":0,"crc32c":"700f43b3"}
W (2531797) frame-board: PCF85063 read failed: ESP_ERR_INVALID_CRC
{"schema_version":1,"sequence":245,"uptime_us":2533726261,"utc_valid":false,"utc":"","source":"m1","event":"status","mode":"normal","status":"OK","device_id":"c1810c76790e","app":"d73cadb","idf":"v6.0.2","toolchain":"gcc-15.2.0","image_sha256":"b67bb4381a06dcc6f9eb32696df5648bfd3ca00b67d4c624a950776e13bb7927","partitions":true,"reset_reason":11,"tf":"READY","wifi":"CONNECTING","ap_setup":false,"rtc":true,"shtc3":true,"sensor_valid":true,"temperature_tenths_c":270,"humidity_tenths_percent":467,"key_short":0,"key_long":0,"crc32c":"e94f0f67"}
W (2541798) frame-board: PCF85063 read failed: ESP_ERR_INVALID_CRC
{"schema_version":1,"sequence":246,"uptime_us":2543742256,"utc_valid":false,"utc":"","source":"m1","event":"status","mode":"normal","status":"OK","device_id":"c1810c76790e","app":"d73cadb","idf":"v6.0.2","toolchain":"gcc-15.2.0","image_sha256":"b67bb4381a06dcc6f9eb32696df5648bfd3ca00b67d4c624a950776e13bb7927","partitions":true,"reset_reason":11,"tf":"READY","wifi":"CONNECTING","ap_setup":false,"rtc":true,"shtc3":true,"sensor_valid":true,"temperature_tenths_c":270,"humidity_tenths_percent":467,"key_short":0,"key_long":0,"crc32c":"100e4f1c"}
W (2551807) frame-board: PCF85063 read failed: ESP_ERR_INVALID_CRC
{"schema_version":1,"sequence":247,"uptime_us":2553761265,"utc_valid":false,"utc":"","source":"m1","event":"status","mode":"normal","status":"OK","device_id":"c1810c76790e","app":"d73cadb","idf":"v6.0.2","toolchain":"gcc-15.2.0","image_sha256":"b67bb4381a06dcc6f9eb32696df5648bfd3ca00b67d4c624a950776e13bb7927","partitions":true,"reset_reason":11,"tf":"READY","wifi":"CONNECTING","ap_setup":false,"rtc":true,"shtc3":true,"sensor_valid":true,"temperature_tenths_c":270,"humidity_tenths_percent":467,"key_short":0,"key_long":0,"crc32c":"466879e4"}
W (2561808) frame-board: PCF85063 read failed: ESP_ERR_INVALID_CRC
{"schema_version":1,"sequence":248,"uptime_us":2563776267,"utc_valid":false,"utc":"","source":"m1","event":"status","mode":"normal","status":"OK","device_id":"c1810c76790e","app":"d73cadb","idf":"v6.0.2","toolchain":"gcc-15.2.0","image_sha256":"b67bb4381a06dcc6f9eb32696df5648bfd3ca00b67d4c624a950776e13bb7927","partitions":true,"reset_reason":11,"tf":"READY","wifi":"CONNECTING","ap_setup":false,"rtc":true,"shtc3":true,"sensor_valid":true,"temperature_tenths_c":270,"humidity_tenths_percent":467,"key_short":0,"key_long":0,"crc32c":"feae1913"}
W (2571810) frame-board: PCF85063 read failed: ESP_ERR_INVALID_CRC
{"schema_version":1,"sequence":249,"uptime_us":2573792257,"utc_valid":false,"utc":"","source":"m1","event":"status","mode":"normal","status":"OK","device_id":"c1810c76790e","app":"d73cadb","idf":"v6.0.2","toolchain":"gcc-15.2.0","image_sha256":"b67bb4381a06dcc6f9eb32696df5648bfd3ca00b67d4c624a950776e13bb7927","partitions":true,"reset_reason":11,"tf":"READY","wifi":"CONNECTING","ap_setup":false,"rtc":true,"shtc3":true,"sensor_valid":true,"temperature_tenths_c":270,"humidity_tenths_percent":467,"key_short":0,"key_long":0,"crc32c":"c0e3b80e"}
W (2581810) frame-board: PCF85063 read failed: ESP_ERR_INVALID_CRC
{"schema_version":1,"sequence":250,"uptime_us":2583808259,"utc_valid":false,"utc":"","source":"m1","event":"status","mode":"normal","status":"OK","device_id":"c1810c76790e","app":"d73cadb","idf":"v6.0.2","toolchain":"gcc-15.2.0","image_sha256":"b67bb4381a06dcc6f9eb32696df5648bfd3ca00b67d4c624a950776e13bb7927","partitions":true,"reset_reason":11,"tf":"READY","wifi":"CONNECTING","ap_setup":false,"rtc":true,"shtc3":true,"sensor_valid":true,"temperature_tenths_c":270,"humidity_tenths_percent":467,"key_short":0,"key_long":0,"crc32c":"b00490c9"}
W (2591811) frame-board: PCF85063 read failed: ESP_ERR_INVALID_CRC
{"schema_version":1,"sequence":251,"uptime_us":2593824271,"utc_valid":false,"utc":"","source":"m1","event":"status","mode":"normal","status":"OK","device_id":"c1810c76790e","app":"d73cadb","idf":"v6.0.2","toolchain":"gcc-15.2.0","image_sha256":"b67bb4381a06dcc6f9eb32696df5648bfd3ca00b67d4c624a950776e13bb7927","partitions":true,"reset_reason":11,"tf":"READY","wifi":"CONNECTING","ap_setup":false,"rtc":true,"shtc3":true,"sensor_valid":true,"temperature_tenths_c":270,"humidity_tenths_percent":468,"key_short":0,"key_long":0,"crc32c":"b5a11033"}
W (2601820) frame-board: PCF85063 read failed: ESP_ERR_INVALID_CRC
{"schema_version":1,"sequence":252,"uptime_us":2603840267,"utc_valid":false,"utc":"","source":"m1","event":"status","mode":"normal","status":"OK","device_id":"c1810c76790e","app":"d73cadb","idf":"v6.0.2","toolchain":"gcc-15.2.0","image_sha256":"b67bb4381a06dcc6f9eb32696df5648bfd3ca00b67d4c624a950776e13bb7927","partitions":true,"reset_reason":11,"tf":"READY","wifi":"CONNECTING","ap_setup":false,"rtc":true,"shtc3":true,"sensor_valid":true,"temperature_tenths_c":270,"humidity_tenths_percent":468,"key_short":0,"key_long":0,"crc32c":"9607dbf6"}
status --json
{"schema_version":1,"firmware":"0.1.0-dev.1","idf":"v6.0.2","toolchain":"gcc-15.2.0","device_id":"c1810c76790e","health":"OK","target_ok":true,"cores":2,"flash_bytes":16777216,"psram_bytes":8388608,"partitions_ok":true,"reset_reason":11,"display":"OK","tf":"READY","rtc":true,"rtc_valid":false,"utc":"","shtc3":true,"sensor_valid":true,"wifi":"CONNECTING","ap_active":false,"credentials_persisted":true,"tf_logging":true,"logging_error":0,"temperature_tenths_c":270,"humidity_tenths_percent":468,"key_short":0,"key_long":0,"elf_sha256":"1e04bf7cd44f4813a9df1b472ef7cc39e25b03a19a8aa2f37e6c316e4466c630","image_sha256":"b67bb4381a06dcc6f9eb32696df5648bfd3ca00b67d4c624a950776e13bb7927"}
frame>  
frame>  
W (2611820) frame-board: PCF85063 read failed: ESP_ERR_INVALID_CRC
{"schema_version":1,"sequence":253,"uptime_us":2613856265,"utc_valid":false,"utc":"","source":"m1","event":"status","mode":"normal","status":"OK","device_id":"c1810c76790e","app":"d73cadb","idf":"v6.0.2","toolchain":"gcc-15.2.0","image_sha256":"b67bb4381a06dcc6f9eb32696df5648bfd3ca00b67d4c624a950776e13bb7927","partitions":true,"reset_reason":11,"tf":"READY","wifi":"CONNECTING","ap_setup":false,"rtc":true,"shtc3":true,"sensor_valid":true,"temperature_tenths_c":270,"humidity_tenths_percent":468,"key_short":0,"key_long":0,"crc32c":"55e5b1ed"}
W (2621820) frame-board: PCF85063 read failed: ESP_ERR_INVALID_CRC
{"schema_version":1,"sequence":254,"uptime_us":2623875257,"utc_valid":false,"utc":"","source":"m1","event":"status","mode":"normal","status":"OK","device_id":"c1810c76790e","app":"d73cadb","idf":"v6.0.2","toolchain":"gcc-15.2.0","image_sha256":"b67bb4381a06dcc6f9eb32696df5648bfd3ca00b67d4c624a950776e13bb7927","partitions":true,"reset_reason":11,"tf":"READY","wifi":"CONNECTING","ap_setup":false,"rtc":true,"shtc3":true,"sensor_valid":true,"temperature_tenths_c":270,"humidity_tenths_percent":468,"key_short":0,"key_long":0,"crc32c":"689bec3e"}
W (2631829) frame-board: PCF85063 read failed: ESP_ERR_INVALID_CRC
{"schema_version":1,"sequence":255,"uptime_us":2633890264,"utc_valid":false,"utc":"","source":"m1","event":"status","mode":"normal","status":"OK","device_id":"c1810c76790e","app":"d73cadb","idf":"v6.0.2","toolchain":"gcc-15.2.0","image_sha256":"b67bb4381a06dcc6f9eb32696df5648bfd3ca00b67d4c624a950776e13bb7927","partitions":true,"reset_reason":11,"tf":"READY","wifi":"CONNECTING","ap_setup":false,"rtc":true,"shtc3":true,"sensor_valid":true,"temperature_tenths_c":270,"humidity_tenths_percent":468,"key_short":0,"key_long":0,"crc32c":"559ad595"}
W (2641838) frame-board: PCF85063 read failed: ESP_ERR_INVALID_CRC
{"schema_version":1,"sequence":256,"uptime_us":2643906258,"utc_valid":false,"utc":"","source":"m1","event":"status","mode":"normal","status":"OK","device_id":"c1810c76790e","app":"d73cadb","idf":"v6.0.2","toolchain":"gcc-15.2.0","image_sha256":"b67bb4381a06dcc6f9eb32696df5648bfd3ca00b67d4c624a950776e13bb7927","partitions":true,"reset_reason":11,"tf":"READY","wifi":"CONNECTING","ap_setup":false,"rtc":true,"shtc3":true,"sensor_valid":true,"temperature_tenths_c":270,"humidity_tenths_percent":468,"key_short":0,"key_long":0,"crc32c":"05d55c63"}
W (2651839) frame-board: PCF85063 read failed: ESP_ERR_INVALID_CRC
{"schema_version":1,"sequence":257,"uptime_us":2653922263,"utc_valid":false,"utc":"","source":"m1","event":"status","mode":"normal","status":"OK","device_id":"c1810c76790e","app":"d73cadb","idf":"v6.0.2","toolchain":"gcc-15.2.0","image_sha256":"b67bb4381a06dcc6f9eb32696df5648bfd3ca00b67d4c624a950776e13bb7927","partitions":true,"reset_reason":11,"tf":"READY","wifi":"CONNECTING","ap_setup":false,"rtc":true,"shtc3":true,"sensor_valid":true,"temperature_tenths_c":270,"humidity_tenths_percent":469,"key_short":0,"key_long":0,"crc32c":"a914d000"}
W (2661840) frame-board: PCF85063 read failed: ESP_ERR_INVALID_CRC
{"schema_version":1,"sequence":258,"uptime_us":2663938262,"utc_valid":false,"utc":"","source":"m1","event":"status","mode":"normal","status":"OK","device_id":"c1810c76790e","app":"d73cadb","idf":"v6.0.2","toolchain":"gcc-15.2.0","image_sha256":"b67bb4381a06dcc6f9eb32696df5648bfd3ca00b67d4c624a950776e13bb7927","partitions":true,"reset_reason":11,"tf":"READY","wifi":"CONNECTING","ap_setup":false,"rtc":true,"shtc3":true,"sensor_valid":true,"temperature_tenths_c":270,"humidity_tenths_percent":469,"key_short":0,"key_long":0,"crc32c":"56711489"}
W (2671850) frame-board: PCF85063 read failed: ESP_ERR_INVALID_CRC
{"schema_version":1,"sequence":259,"uptime_us":2673954255,"utc_valid":false,"utc":"","source":"m1","event":"status","mode":"normal","status":"OK","device_id":"c1810c76790e","app":"d73cadb","idf":"v6.0.2","toolchain":"gcc-15.2.0","image_sha256":"b67bb4381a06dcc6f9eb32696df5648bfd3ca00b67d4c624a950776e13bb7927","partitions":true,"reset_reason":11,"tf":"READY","wifi":"CONNECTING","ap_setup":false,"rtc":true,"shtc3":true,"sensor_valid":true,"temperature_tenths_c":270,"humidity_tenths_percent":467,"key_short":0,"key_long":0,"crc32c":"159445b2"}
W (2681851) frame-board: PCF85063 read failed: ESP_ERR_INVALID_CRC
{"schema_version":1,"sequence":260,"uptime_us":2683974262,"utc_valid":false,"utc":"","source":"m1","event":"status","mode":"normal","status":"OK","device_id":"c1810c76790e","app":"d73cadb","idf":"v6.0.2","toolchain":"gcc-15.2.0","image_sha256":"b67bb4381a06dcc6f9eb32696df5648bfd3ca00b67d4c624a950776e13bb7927","partitions":true,"reset_reason":11,"tf":"READY","wifi":"CONNECTING","ap_setup":false,"rtc":true,"shtc3":true,"sensor_valid":true,"temperature_tenths_c":270,"humidity_tenths_percent":468,"key_short":0,"key_long":0,"crc32c":"b2521ee2"}
W (2691859) frame-board: PCF85063 read failed: ESP_ERR_INVALID_CRC
{"schema_version":1,"sequence":261,"uptime_us":2693989258,"utc_valid":false,"utc":"","source":"m1","event":"status","mode":"normal","status":"OK","device_id":"c1810c76790e","app":"d73cadb","idf":"v6.0.2","toolchain":"gcc-15.2.0","image_sha256":"b67bb4381a06dcc6f9eb32696df5648bfd3ca00b67d4c624a950776e13bb7927","partitions":true,"reset_reason":11,"tf":"READY","wifi":"CONNECTING","ap_setup":false,"rtc":true,"shtc3":true,"sensor_valid":true,"temperature_tenths_c":270,"humidity_tenths_percent":469,"key_short":0,"key_long":0,"crc32c":"c396b8ad"}
W (2701860) frame-board: PCF85063 read failed: ESP_ERR_INVALID_CRC
{"schema_version":1,"sequence":262,"uptime_us":2704004346,"utc_valid":false,"utc":"","source":"m1","event":"status","mode":"normal","status":"OK","device_id":"c1810c76790e","app":"d73cadb","idf":"v6.0.2","toolchain":"gcc-15.2.0","image_sha256":"b67bb4381a06dcc6f9eb32696df5648bfd3ca00b67d4c624a950776e13bb7927","partitions":true,"reset_reason":11,"tf":"READY","wifi":"CONNECTING","ap_setup":false,"rtc":true,"shtc3":true,"sensor_valid":true,"temperature_tenths_c":270,"humidity_tenths_percent":469,"key_short":0,"key_long":0,"crc32c":"b0478f47"}
W (2711869) frame-board: PCF85063 read failed: ESP_ERR_INVALID_CRC
{"schema_version":1,"sequence":263,"uptime_us":2714020266,"utc_valid":false,"utc":"","source":"m1","event":"status","mode":"normal","status":"OK","device_id":"c1810c76790e","app":"d73cadb","idf":"v6.0.2","toolchain":"gcc-15.2.0","image_sha256":"b67bb4381a06dcc6f9eb32696df5648bfd3ca00b67d4c624a950776e13bb7927","partitions":true,"reset_reason":11,"tf":"READY","wifi":"CONNECTING","ap_setup":false,"rtc":true,"shtc3":true,"sensor_valid":true,"temperature_tenths_c":270,"humidity_tenths_percent":470,"key_short":0,"key_long":0,"crc32c":"51ee9396"}
W (2721870) frame-board: PCF85063 read failed: ESP_ERR_INVALID_CRC
{"schema_version":1,"sequence":264,"uptime_us":2724036298,"utc_valid":false,"utc":"","source":"m1","event":"status","mode":"normal","status":"OK","device_id":"c1810c76790e","app":"d73cadb","idf":"v6.0.2","toolchain":"gcc-15.2.0","image_sha256":"b67bb4381a06dcc6f9eb32696df5648bfd3ca00b67d4c624a950776e13bb7927","partitions":true,"reset_reason":11,"tf":"READY","wifi":"CONNECTING","ap_setup":false,"rtc":true,"shtc3":true,"sensor_valid":true,"temperature_tenths_c":270,"humidity_tenths_percent":472,"key_short":0,"key_long":0,"crc32c":"9f4d8f88"}
status --json
{"schema_version":1,"firmware":"0.1.0-dev.1","idf":"v6.0.2","toolchain":"gcc-15.2.0","device_id":"c1810c76790e","health":"OK","target_ok":true,"cores":2,"flash_bytes":16777216,"psram_bytes":8388608,"partitions_ok":true,"reset_reason":11,"display":"OK","tf":"READY","rtc":true,"rtc_valid":false,"utc":"","shtc3":true,"sensor_valid":true,"wifi":"CONNECTING","ap_active":false,"credentials_persisted":true,"tf_logging":true,"logging_error":0,"temperature_tenths_c":270,"humidity_tenths_percent":472,"key_short":0,"key_long":0,"elf_sha256":"1e04bf7cd44f4813a9df1b472ef7cc39e25b03a19a8aa2f37e6c316e4466c630","image_sha256":"b67bb4381a06dcc6f9eb32696df5648bfd3ca00b67d4c624a950776e13bb7927"}
frame>  
frame>  wifi reconnect
W (2730764) wifi:sta is connected, disconnect before connecting to new ap
wifi reconnect: ESP_OK
frame>  
frame>  
W (2731872) frame-board: PCF85063 read failed: ESP_ERR_INVALID_CRC
{"schema_version":1,"sequence":265,"uptime_us":2734052258,"utc_valid":false,"utc":"","source":"m1","event":"status","mode":"normal","status":"OK","device_id":"c1810c76790e","app":"d73cadb","idf":"v6.0.2","toolchain":"gcc-15.2.0","image_sha256":"b67bb4381a06dcc6f9eb32696df5648bfd3ca00b67d4c624a950776e13bb7927","partitions":true,"reset_reason":11,"tf":"READY","wifi":"CONNECTING","ap_setup":false,"rtc":true,"shtc3":true,"sensor_valid":true,"temperature_tenths_c":270,"humidity_tenths_percent":471,"key_short":0,"key_long":0,"crc32c":"75912a98"}
W (2741877) frame-board: PCF85063 read failed: ESP_ERR_INVALID_CRC
{"schema_version":1,"sequence":266,"uptime_us":2744069265,"utc_valid":false,"utc":"","source":"m1","event":"status","mode":"normal","status":"OK","device_id":"c1810c76790e","app":"d73cadb","idf":"v6.0.2","toolchain":"gcc-15.2.0","image_sha256":"b67bb4381a06dcc6f9eb32696df5648bfd3ca00b67d4c624a950776e13bb7927","partitions":true,"reset_reason":11,"tf":"READY","wifi":"CONNECTING","ap_setup":false,"rtc":true,"shtc3":true,"sensor_valid":true,"temperature_tenths_c":270,"humidity_tenths_percent":471,"key_short":0,"key_long":0,"crc32c":"876f25a3"}
W (2751877) frame-board: PCF85063 read failed: ESP_ERR_INVALID_CRC
{"schema_version":1,"sequence":267,"uptime_us":2754088267,"utc_valid":false,"utc":"","source":"m1","event":"status","mode":"normal","status":"OK","device_id":"c1810c76790e","app":"d73cadb","idf":"v6.0.2","toolchain":"gcc-15.2.0","image_sha256":"b67bb4381a06dcc6f9eb32696df5648bfd3ca00b67d4c624a950776e13bb7927","partitions":true,"reset_reason":11,"tf":"READY","wifi":"CONNECTING","ap_setup":false,"rtc":true,"shtc3":true,"sensor_valid":true,"temperature_tenths_c":270,"humidity_tenths_percent":474,"key_short":0,"key_long":0,"crc32c":"2c0a9f25"}
W (2761877) frame-board: PCF85063 read failed: ESP_ERR_INVALID_CRC
{"schema_version":1,"sequence":268,"uptime_us":2764104261,"utc_valid":false,"utc":"","source":"m1","event":"status","mode":"normal","status":"OK","device_id":"c1810c76790e","app":"d73cadb","idf":"v6.0.2","toolchain":"gcc-15.2.0","image_sha256":"b67bb4381a06dcc6f9eb32696df5648bfd3ca00b67d4c624a950776e13bb7927","partitions":true,"reset_reason":11,"tf":"READY","wifi":"CONNECTING","ap_setup":false,"rtc":true,"shtc3":true,"sensor_valid":true,"temperature_tenths_c":270,"humidity_tenths_percent":473,"key_short":0,"key_long":0,"crc32c":"b171a985"}
W (2771887) frame-board: PCF85063 read failed: ESP_ERR_INVALID_CRC
{"schema_version":1,"sequence":269,"uptime_us":2774120262,"utc_valid":false,"utc":"","source":"m1","event":"status","mode":"normal","status":"OK","device_id":"c1810c76790e","app":"d73cadb","idf":"v6.0.2","toolchain":"gcc-15.2.0","image_sha256":"b67bb4381a06dcc6f9eb32696df5648bfd3ca00b67d4c624a950776e13bb7927","partitions":true,"reset_reason":11,"tf":"READY","wifi":"CONNECTING","ap_setup":false,"rtc":true,"shtc3":true,"sensor_valid":true,"temperature_tenths_c":270,"humidity_tenths_percent":475,"key_short":0,"key_long":0,"crc32c":"d3cfc262"}
W (2781896) frame-board: PCF85063 read failed: ESP_ERR_INVALID_CRC
{"schema_version":1,"sequence":270,"uptime_us":2784136257,"utc_valid":false,"utc":"","source":"m1","event":"status","mode":"normal","status":"OK","device_id":"c1810c76790e","app":"d73cadb","idf":"v6.0.2","toolchain":"gcc-15.2.0","image_sha256":"b67bb4381a06dcc6f9eb32696df5648bfd3ca00b67d4c624a950776e13bb7927","partitions":true,"reset_reason":11,"tf":"READY","wifi":"CONNECTING","ap_setup":false,"rtc":true,"shtc3":true,"sensor_valid":true,"temperature_tenths_c":270,"humidity_tenths_percent":473,"key_short":0,"key_long":0,"crc32c":"e8e26d22"}
W (2791897) frame-board: PCF85063 read failed: ESP_ERR_INVALID_CRC
{"schema_version":1,"sequence":271,"uptime_us":2794152261,"utc_valid":false,"utc":"","source":"m1","event":"status","mode":"normal","status":"OK","device_id":"c1810c76790e","app":"d73cadb","idf":"v6.0.2","toolchain":"gcc-15.2.0","image_sha256":"b67bb4381a06dcc6f9eb32696df5648bfd3ca00b67d4c624a950776e13bb7927","partitions":true,"reset_reason":11,"tf":"READY","wifi":"CONNECTING","ap_setup":false,"rtc":true,"shtc3":true,"sensor_valid":true,"temperature_tenths_c":271,"humidity_tenths_percent":474,"key_short":0,"key_long":0,"crc32c":"6ad29d3e"}
W (2801906) frame-board: PCF85063 read failed: ESP_ERR_INVALID_CRC
{"schema_version":1,"sequence":272,"uptime_us":2804168260,"utc_valid":false,"utc":"","source":"m1","event":"status","mode":"normal","status":"OK","device_id":"c1810c76790e","app":"d73cadb","idf":"v6.0.2","toolchain":"gcc-15.2.0","image_sha256":"b67bb4381a06dcc6f9eb32696df5648bfd3ca00b67d4c624a950776e13bb7927","partitions":true,"reset_reason":11,"tf":"READY","wifi":"CONNECTING","ap_setup":false,"rtc":true,"shtc3":true,"sensor_valid":true,"temperature_tenths_c":270,"humidity_tenths_percent":474,"key_short":0,"key_long":0,"crc32c":"fb2f10d9"}
W (2811906) frame-board: PCF85063 read failed: ESP_ERR_INVALID_CRC
{"schema_version":1,"sequence":273,"uptime_us":2814187265,"utc_valid":false,"utc":"","source":"m1","event":"status","mode":"normal","status":"OK","device_id":"c1810c76790e","app":"d73cadb","idf":"v6.0.2","toolchain":"gcc-15.2.0","image_sha256":"b67bb4381a06dcc6f9eb32696df5648bfd3ca00b67d4c624a950776e13bb7927","partitions":true,"reset_reason":11,"tf":"READY","wifi":"CONNECTING","ap_setup":false,"rtc":true,"shtc3":true,"sensor_valid":true,"temperature_tenths_c":271,"humidity_tenths_percent":475,"key_short":0,"key_long":0,"crc32c":"74924290"}
W (2821906) frame-board: PCF85063 read failed: ESP_ERR_INVALID_CRC
{"schema_version":1,"sequence":274,"uptime_us":2824203258,"utc_valid":false,"utc":"","source":"m1","event":"status","mode":"normal","status":"OK","device_id":"c1810c76790e","app":"d73cadb","idf":"v6.0.2","toolchain":"gcc-15.2.0","image_sha256":"b67bb4381a06dcc6f9eb32696df5648bfd3ca00b67d4c624a950776e13bb7927","partitions":true,"reset_reason":11,"tf":"READY","wifi":"CONNECTING","ap_setup":false,"rtc":true,"shtc3":true,"sensor_valid":true,"temperature_tenths_c":271,"humidity_tenths_percent":473,"key_short":0,"key_long":0,"crc32c":"72a9d797"}
W (2831906) frame-board: PCF85063 read failed: ESP_ERR_INVALID_CRC
{"schema_version":1,"sequence":275,"uptime_us":2834220263,"utc_valid":false,"utc":"","source":"m1","event":"status","mode":"normal","status":"OK","device_id":"c1810c76790e","app":"d73cadb","idf":"v6.0.2","toolchain":"gcc-15.2.0","image_sha256":"b67bb4381a06dcc6f9eb32696df5648bfd3ca00b67d4c624a950776e13bb7927","partitions":true,"reset_reason":11,"tf":"READY","wifi":"CONNECTING","ap_setup":false,"rtc":true,"shtc3":true,"sensor_valid":true,"temperature_tenths_c":271,"humidity_tenths_percent":474,"key_short":0,"key_long":0,"crc32c":"cde4f37a"}
W (2841907) frame-board: PCF85063 read failed: ESP_ERR_INVALID_CRC
{"schema_version":1,"sequence":276,"uptime_us":2844236256,"utc_valid":false,"utc":"","source":"m1","event":"status","mode":"normal","status":"OK","device_id":"c1810c76790e","app":"d73cadb","idf":"v6.0.2","toolchain":"gcc-15.2.0","image_sha256":"b67bb4381a06dcc6f9eb32696df5648bfd3ca00b67d4c624a950776e13bb7927","partitions":true,"reset_reason":11,"tf":"READY","wifi":"CONNECTING","ap_setup":false,"rtc":true,"shtc3":true,"sensor_valid":true,"temperature_tenths_c":271,"humidity_tenths_percent":474,"key_short":0,"key_long":0,"crc32c":"631a41e3"}
status --json
{"schema_version":1,"firmware":"0.1.0-dev.1","idf":"v6.0.2","toolchain":"gcc-15.2.0","device_id":"c1810c76790e","health":"OK","target_ok":true,"cores":2,"flash_bytes":16777216,"psram_bytes":8388608,"partitions_ok":true,"reset_reason":11,"display":"OK","tf":"READY","rtc":true,"rtc_valid":false,"utc":"","shtc3":true,"sensor_valid":true,"wifi":"CONNECTING","ap_active":false,"credentials_persisted":true,"tf_logging":true,"logging_error":0,"temperature_tenths_c":271,"humidity_tenths_percent":474,"key_short":0,"key_long":0,"elf_sha256":"1e04bf7cd44f4813a9df1b472ef7cc39e25b03a19a8aa2f37e6c316e4466c630","image_sha256":"b67bb4381a06dcc6f9eb32696df5648bfd3ca00b67d4c624a950776e13bb7927"}
frame>  
frame>  
W (2851907) frame-board: PCF85063 read failed: ESP_ERR_INVALID_CRC
{"schema_version":1,"sequence":277,"uptime_us":2854252254,"utc_valid":false,"utc":"","source":"m1","event":"status","mode":"normal","status":"OK","device_id":"c1810c76790e","app":"d73cadb","idf":"v6.0.2","toolchain":"gcc-15.2.0","image_sha256":"b67bb4381a06dcc6f9eb32696df5648bfd3ca00b67d4c624a950776e13bb7927","partitions":true,"reset_reason":11,"tf":"READY","wifi":"CONNECTING","ap_setup":false,"rtc":true,"shtc3":true,"sensor_valid":true,"temperature_tenths_c":270,"humidity_tenths_percent":473,"key_short":0,"key_long":0,"crc32c":"82c5d82b"}
W (2861916) frame-board: PCF85063 read failed: ESP_ERR_INVALID_CRC
{"schema_version":1,"sequence":278,"uptime_us":2864268424,"utc_valid":false,"utc":"","source":"m1","event":"status","mode":"normal","status":"OK","device_id":"c1810c76790e","app":"d73cadb","idf":"v6.0.2","toolchain":"gcc-15.2.0","image_sha256":"b67bb4381a06dcc6f9eb32696df5648bfd3ca00b67d4c624a950776e13bb7927","partitions":true,"reset_reason":11,"tf":"READY","wifi":"CONNECTING","ap_setup":false,"rtc":true,"shtc3":true,"sensor_valid":true,"temperature_tenths_c":270,"humidity_tenths_percent":473,"key_short":0,"key_long":0,"crc32c":"dd8dd8c1"}
W (2871925) frame-board: PCF85063 read failed: ESP_ERR_INVALID_CRC
{"schema_version":1,"sequence":279,"uptime_us":2874287253,"utc_valid":false,"utc":"","source":"m1","event":"status","mode":"normal","status":"OK","device_id":"c1810c76790e","app":"d73cadb","idf":"v6.0.2","toolchain":"gcc-15.2.0","image_sha256":"b67bb4381a06dcc6f9eb32696df5648bfd3ca00b67d4c624a950776e13bb7927","partitions":true,"reset_reason":11,"tf":"READY","wifi":"CONNECTING","ap_setup":false,"rtc":true,"shtc3":true,"sensor_valid":true,"temperature_tenths_c":271,"humidity_tenths_percent":473,"key_short":0,"key_long":0,"crc32c":"c2dce489"}
W (2881926) frame-board: PCF85063 read failed: ESP_ERR_INVALID_CRC
{"schema_version":1,"sequence":280,"uptime_us":2884307260,"utc_valid":false,"utc":"","source":"m1","event":"status","mode":"normal","status":"OK","device_id":"c1810c76790e","app":"d73cadb","idf":"v6.0.2","toolchain":"gcc-15.2.0","image_sha256":"b67bb4381a06dcc6f9eb32696df5648bfd3ca00b67d4c624a950776e13bb7927","partitions":true,"reset_reason":11,"tf":"READY","wifi":"CONNECTING","ap_setup":false,"rtc":true,"shtc3":true,"sensor_valid":true,"temperature_tenths_c":271,"humidity_tenths_percent":474,"key_short":0,"key_long":0,"crc32c":"015b3a05"}
W (2891926) frame-board: PCF85063 read failed: ESP_ERR_INVALID_CRC
{"schema_version":1,"sequence":281,"uptime_us":2894322258,"utc_valid":false,"utc":"","source":"m1","event":"status","mode":"normal","status":"OK","device_id":"c1810c76790e","app":"d73cadb","idf":"v6.0.2","toolchain":"gcc-15.2.0","image_sha256":"b67bb4381a06dcc6f9eb32696df5648bfd3ca00b67d4c624a950776e13bb7927","partitions":true,"reset_reason":11,"tf":"READY","wifi":"CONNECTING","ap_setup":false,"rtc":true,"shtc3":true,"sensor_valid":true,"temperature_tenths_c":271,"humidity_tenths_percent":475,"key_short":0,"key_long":0,"crc32c":"aed62ed0"}
W (2901927) frame-board: PCF85063 read failed: ESP_ERR_INVALID_CRC
{"schema_version":1,"sequence":282,"uptime_us":2904338260,"utc_valid":false,"utc":"","source":"m1","event":"status","mode":"normal","status":"OK","device_id":"c1810c76790e","app":"d73cadb","idf":"v6.0.2","toolchain":"gcc-15.2.0","image_sha256":"b67bb4381a06dcc6f9eb32696df5648bfd3ca00b67d4c624a950776e13bb7927","partitions":true,"reset_reason":11,"tf":"READY","wifi":"CONNECTING","ap_setup":false,"rtc":true,"shtc3":true,"sensor_valid":true,"temperature_tenths_c":271,"humidity_tenths_percent":474,"key_short":0,"key_long":0,"crc32c":"deddead1"}
W (2911927) frame-board: PCF85063 read failed: ESP_ERR_INVALID_CRC
{"schema_version":1,"sequence":283,"uptime_us":2914354268,"utc_valid":false,"utc":"","source":"m1","event":"status","mode":"normal","status":"OK","device_id":"c1810c76790e","app":"d73cadb","idf":"v6.0.2","toolchain":"gcc-15.2.0","image_sha256":"b67bb4381a06dcc6f9eb32696df5648bfd3ca00b67d4c624a950776e13bb7927","partitions":true,"reset_reason":11,"tf":"READY","wifi":"CONNECTING","ap_setup":false,"rtc":true,"shtc3":true,"sensor_valid":true,"temperature_tenths_c":271,"humidity_tenths_percent":474,"key_short":0,"key_long":0,"crc32c":"47e6b07d"}
W (2921927) frame-board: PCF85063 read failed: ESP_ERR_INVALID_CRC
{"schema_version":1,"sequence":284,"uptime_us":2924370261,"utc_valid":false,"utc":"","source":"m1","event":"status","mode":"normal","status":"OK","device_id":"c1810c76790e","app":"d73cadb","idf":"v6.0.2","toolchain":"gcc-15.2.0","image_sha256":"b67bb4381a06dcc6f9eb32696df5648bfd3ca00b67d4c624a950776e13bb7927","partitions":true,"reset_reason":11,"tf":"READY","wifi":"CONNECTING","ap_setup":false,"rtc":true,"shtc3":true,"sensor_valid":true,"temperature_tenths_c":271,"humidity_tenths_percent":475,"key_short":0,"key_long":0,"crc32c":"5795ad53"}
W (2931927) frame-board: PCF85063 read failed: ESP_ERR_INVALID_CRC
{"schema_version":1,"sequence":285,"uptime_us":2934387259,"utc_valid":false,"utc":"","source":"m1","event":"status","mode":"normal","status":"OK","device_id":"c1810c76790e","app":"d73cadb","idf":"v6.0.2","toolchain":"gcc-15.2.0","image_sha256":"b67bb4381a06dcc6f9eb32696df5648bfd3ca00b67d4c624a950776e13bb7927","partitions":true,"reset_reason":11,"tf":"READY","wifi":"CONNECTING","ap_setup":false,"rtc":true,"shtc3":true,"sensor_valid":true,"temperature_tenths_c":271,"humidity_tenths_percent":475,"key_short":0,"key_long":0,"crc32c":"4277d7de"}
W (2941936) frame-board: PCF85063 read failed: ESP_ERR_INVALID_CRC
{"schema_version":1,"sequence":286,"uptime_us":2944406266,"utc_valid":false,"utc":"","source":"m1","event":"status","mode":"normal","status":"OK","device_id":"c1810c76790e","app":"d73cadb","idf":"v6.0.2","toolchain":"gcc-15.2.0","image_sha256":"b67bb4381a06dcc6f9eb32696df5648bfd3ca00b67d4c624a950776e13bb7927","partitions":true,"reset_reason":11,"tf":"READY","wifi":"CONNECTING","ap_setup":false,"rtc":true,"shtc3":true,"sensor_valid":true,"temperature_tenths_c":271,"humidity_tenths_percent":475,"key_short":0,"key_long":0,"crc32c":"7026514f"}
W (2951936) frame-board: PCF85063 read failed: ESP_ERR_INVALID_CRC
{"schema_version":1,"sequence":287,"uptime_us":2954421263,"utc_valid":false,"utc":"","source":"m1","event":"status","mode":"normal","status":"OK","device_id":"c1810c76790e","app":"d73cadb","idf":"v6.0.2","toolchain":"gcc-15.2.0","image_sha256":"b67bb4381a06dcc6f9eb32696df5648bfd3ca00b67d4c624a950776e13bb7927","partitions":true,"reset_reason":11,"tf":"READY","wifi":"CONNECTING","ap_setup":false,"rtc":true,"shtc3":true,"sensor_valid":true,"temperature_tenths_c":271,"humidity_tenths_percent":474,"key_short":0,"key_long":0,"crc32c":"87efb61a"}
W (2961946) frame-board: PCF85063 read failed: ESP_ERR_INVALID_CRC
{"schema_version":1,"sequence":288,"uptime_us":2964436257,"utc_valid":false,"utc":"","source":"m1","event":"status","mode":"normal","status":"OK","device_id":"c1810c76790e","app":"d73cadb","idf":"v6.0.2","toolchain":"gcc-15.2.0","image_sha256":"b67bb4381a06dcc6f9eb32696df5648bfd3ca00b67d4c624a950776e13bb7927","partitions":true,"reset_reason":11,"tf":"READY","wifi":"CONNECTING","ap_setup":false,"rtc":true,"shtc3":true,"sensor_valid":true,"temperature_tenths_c":271,"humidity_tenths_percent":475,"key_short":0,"key_long":0,"crc32c":"5e78c157"}
status --json
{"schema_version":1,"firmware":"0.1.0-dev.1","idf":"v6.0.2","toolchain":"gcc-15.2.0","device_id":"c1810c76790e","health":"OK","target_ok":true,"cores":2,"flash_bytes":16777216,"psram_bytes":8388608,"partitions_ok":true,"reset_reason":11,"display":"OK","tf":"READY","rtc":true,"rtc_valid":false,"utc":"","shtc3":true,"sensor_valid":true,"wifi":"CONNECTING","ap_active":false,"credentials_persisted":true,"tf_logging":true,"logging_error":0,"temperature_tenths_c":271,"humidity_tenths_percent":475,"key_short":0,"key_long":0,"elf_sha256":"1e04bf7cd44f4813a9df1b472ef7cc39e25b03a19a8aa2f37e6c316e4466c630","image_sha256":"b67bb4381a06dcc6f9eb32696df5648bfd3ca00b67d4c624a950776e13bb7927"}
frame>  
frame>  
W (2971945) frame-board: PCF85063 read failed: ESP_ERR_INVALID_CRC
{"schema_version":1,"sequence":289,"uptime_us":2974452258,"utc_valid":false,"utc":"","source":"m1","event":"status","mode":"normal","status":"OK","device_id":"c1810c76790e","app":"d73cadb","idf":"v6.0.2","toolchain":"gcc-15.2.0","image_sha256":"b67bb4381a06dcc6f9eb32696df5648bfd3ca00b67d4c624a950776e13bb7927","partitions":true,"reset_reason":11,"tf":"READY","wifi":"CONNECTING","ap_setup":false,"rtc":true,"shtc3":true,"sensor_valid":true,"temperature_tenths_c":271,"humidity_tenths_percent":474,"key_short":0,"key_long":0,"crc32c":"550279a2"}
W (2981926) frame-board: SHTC3 sample failed: ESP_ERR_INVALID_RESPONSE
W (2981927) frame-board: PCF85063 read failed: ESP_ERR_INVALID_CRC
{"schema_version":1,"sequence":290,"uptime_us":2984469258,"utc_valid":false,"utc":"","source":"m1","event":"status","mode":"normal","status":"DEGRADED","device_id":"c1810c76790e","app":"d73cadb","idf":"v6.0.2","toolchain":"gcc-15.2.0","image_sha256":"b67bb4381a06dcc6f9eb32696df5648bfd3ca00b67d4c624a950776e13bb7927","partitions":true,"reset_reason":11,"tf":"READY","wifi":"CONNECTING","ap_setup":false,"rtc":true,"shtc3":true,"sensor_valid":false,"temperature_tenths_c":0,"humidity_tenths_percent":0,"key_short":0,"key_long":0,"crc32c":"0623f5f8"}
W (2991956) frame-board: PCF85063 read failed: ESP_ERR_INVALID_CRC
{"schema_version":1,"sequence":291,"uptime_us":2994485262,"utc_valid":false,"utc":"","source":"m1","event":"status","mode":"normal","status":"OK","device_id":"c1810c76790e","app":"d73cadb","idf":"v6.0.2","toolchain":"gcc-15.2.0","image_sha256":"b67bb4381a06dcc6f9eb32696df5648bfd3ca00b67d4c624a950776e13bb7927","partitions":true,"reset_reason":11,"tf":"READY","wifi":"CONNECTING","ap_setup":false,"rtc":true,"shtc3":true,"sensor_valid":true,"temperature_tenths_c":272,"humidity_tenths_percent":475,"key_short":0,"key_long":0,"crc32c":"a14c69d3"}
W (3001958) frame-board: PCF85063 read failed: ESP_ERR_INVALID_CRC
{"schema_version":1,"sequence":292,"uptime_us":3004501261,"utc_valid":false,"utc":"","source":"m1","event":"status","mode":"normal","status":"OK","device_id":"c1810c76790e","app":"d73cadb","idf":"v6.0.2","toolchain":"gcc-15.2.0","image_sha256":"b67bb4381a06dcc6f9eb32696df5648bfd3ca00b67d4c624a950776e13bb7927","partitions":true,"reset_reason":11,"tf":"READY","wifi":"CONNECTING","ap_setup":false,"rtc":true,"shtc3":true,"sensor_valid":true,"temperature_tenths_c":272,"humidity_tenths_percent":475,"key_short":0,"key_long":0,"crc32c":"0659fdbb"}
W (3011958) frame-board: PCF85063 read failed: ESP_ERR_INVALID_CRC
{"schema_version":1,"sequence":293,"uptime_us":3014520260,"utc_valid":false,"utc":"","source":"m1","event":"status","mode":"normal","status":"OK","device_id":"c1810c76790e","app":"d73cadb","idf":"v6.0.2","toolchain":"gcc-15.2.0","image_sha256":"b67bb4381a06dcc6f9eb32696df5648bfd3ca00b67d4c624a950776e13bb7927","partitions":true,"reset_reason":11,"tf":"READY","wifi":"CONNECTING","ap_setup":false,"rtc":true,"shtc3":true,"sensor_valid":true,"temperature_tenths_c":272,"humidity_tenths_percent":474,"key_short":0,"key_long":0,"crc32c":"975c18cf"}
W (3021960) frame-board: PCF85063 read failed: ESP_ERR_INVALID_CRC
{"schema_version":1,"sequence":294,"uptime_us":3024535261,"utc_valid":false,"utc":"","source":"m1","event":"status","mode":"normal","status":"OK","device_id":"c1810c76790e","app":"d73cadb","idf":"v6.0.2","toolchain":"gcc-15.2.0","image_sha256":"b67bb4381a06dcc6f9eb32696df5648bfd3ca00b67d4c624a950776e13bb7927","partitions":true,"reset_reason":11,"tf":"READY","wifi":"CONNECTING","ap_setup":false,"rtc":true,"shtc3":true,"sensor_valid":true,"temperature_tenths_c":272,"humidity_tenths_percent":475,"key_short":0,"key_long":0,"crc32c":"2c23a8a3"}
W (3031969) frame-board: PCF85063 read failed: ESP_ERR_INVALID_CRC
{"schema_version":1,"sequence":295,"uptime_us":3034551262,"utc_valid":false,"utc":"","source":"m1","event":"status","mode":"normal","status":"OK","device_id":"c1810c76790e","app":"d73cadb","idf":"v6.0.2","toolchain":"gcc-15.2.0","image_sha256":"b67bb4381a06dcc6f9eb32696df5648bfd3ca00b67d4c624a950776e13bb7927","partitions":true,"reset_reason":11,"tf":"READY","wifi":"CONNECTING","ap_setup":false,"rtc":true,"shtc3":true,"sensor_valid":true,"temperature_tenths_c":271,"humidity_tenths_percent":475,"key_short":0,"key_long":0,"crc32c":"92f22a40"}
W (3041969) frame-board: PCF85063 read failed: ESP_ERR_INVALID_CRC
{"schema_version":1,"sequence":296,"uptime_us":3044567263,"utc_valid":false,"utc":"","source":"m1","event":"status","mode":"normal","status":"OK","device_id":"c1810c76790e","app":"d73cadb","idf":"v6.0.2","toolchain":"gcc-15.2.0","image_sha256":"b67bb4381a06dcc6f9eb32696df5648bfd3ca00b67d4c624a950776e13bb7927","partitions":true,"reset_reason":11,"tf":"READY","wifi":"CONNECTING","ap_setup":false,"rtc":true,"shtc3":true,"sensor_valid":true,"temperature_tenths_c":271,"humidity_tenths_percent":475,"key_short":0,"key_long":0,"crc32c":"3dc9dfac"}
W (3051978) frame-board: PCF85063 read failed: ESP_ERR_INVALID_CRC
{"schema_version":1,"sequence":297,"uptime_us":3054583267,"utc_valid":false,"utc":"","source":"m1","event":"status","mode":"normal","status":"OK","device_id":"c1810c76790e","app":"d73cadb","idf":"v6.0.2","toolchain":"gcc-15.2.0","image_sha256":"b67bb4381a06dcc6f9eb32696df5648bfd3ca00b67d4c624a950776e13bb7927","partitions":true,"reset_reason":11,"tf":"READY","wifi":"CONNECTING","ap_setup":false,"rtc":true,"shtc3":true,"sensor_valid":true,"temperature_tenths_c":272,"humidity_tenths_percent":474,"key_short":0,"key_long":0,"crc32c":"180c89bc"}
W (3061979) frame-board: PCF85063 read failed: ESP_ERR_INVALID_CRC
{"schema_version":1,"sequence":298,"uptime_us":3064599257,"utc_valid":false,"utc":"","source":"m1","event":"status","mode":"normal","status":"OK","device_id":"c1810c76790e","app":"d73cadb","idf":"v6.0.2","toolchain":"gcc-15.2.0","image_sha256":"b67bb4381a06dcc6f9eb32696df5648bfd3ca00b67d4c624a950776e13bb7927","partitions":true,"reset_reason":11,"tf":"READY","wifi":"CONNECTING","ap_setup":false,"rtc":true,"shtc3":true,"sensor_valid":true,"temperature_tenths_c":271,"humidity_tenths_percent":474,"key_short":0,"key_long":0,"crc32c":"4a1a57e4"}
W (3071979) frame-board: PCF85063 read failed: ESP_ERR_INVALID_CRC
{"schema_version":1,"sequence":299,"uptime_us":3074618265,"utc_valid":false,"utc":"","source":"m1","event":"status","mode":"normal","status":"OK","device_id":"c1810c76790e","app":"d73cadb","idf":"v6.0.2","toolchain":"gcc-15.2.0","image_sha256":"b67bb4381a06dcc6f9eb32696df5648bfd3ca00b67d4c624a950776e13bb7927","partitions":true,"reset_reason":11,"tf":"READY","wifi":"CONNECTING","ap_setup":false,"rtc":true,"shtc3":true,"sensor_valid":true,"temperature_tenths_c":271,"humidity_tenths_percent":474,"key_short":0,"key_long":0,"crc32c":"bb5b08a0"}
W (3081979) frame-board: PCF85063 read failed: ESP_ERR_INVALID_CRC
{"schema_version":1,"sequence":300,"uptime_us":3084633269,"utc_valid":false,"utc":"","source":"m1","event":"status","mode":"normal","status":"OK","device_id":"c1810c76790e","app":"d73cadb","idf":"v6.0.2","toolchain":"gcc-15.2.0","image_sha256":"b67bb4381a06dcc6f9eb32696df5648bfd3ca00b67d4c624a950776e13bb7927","partitions":true,"reset_reason":11,"tf":"READY","wifi":"CONNECTING","ap_setup":false,"rtc":true,"shtc3":true,"sensor_valid":true,"temperature_tenths_c":271,"humidity_tenths_percent":474,"key_short":0,"key_long":0,"crc32c":"703d1891"}
status --json
{"schema_version":1,"firmware":"0.1.0-dev.1","idf":"v6.0.2","toolchain":"gcc-15.2.0","device_id":"c1810c76790e","health":"OK","target_ok":true,"cores":2,"flash_bytes":16777216,"psram_bytes":8388608,"partitions_ok":true,"reset_reason":11,"display":"OK","tf":"READY","rtc":true,"rtc_valid":false,"utc":"","shtc3":true,"sensor_valid":true,"wifi":"CONNECTING","ap_active":false,"credentials_persisted":true,"tf_logging":true,"logging_error":0,"temperature_tenths_c":271,"humidity_tenths_percent":474,"key_short":0,"key_long":0,"elf_sha256":"1e04bf7cd44f4813a9df1b472ef7cc39e25b03a19a8aa2f37e6c316e4466c630","image_sha256":"b67bb4381a06dcc6f9eb32696df5648bfd3ca00b67d4c624a950776e13bb7927"}
frame>  
frame>  
W (3091981) frame-board: PCF85063 read failed: ESP_ERR_INVALID_CRC
{"schema_version":1,"sequence":301,"uptime_us":3094649259,"utc_valid":false,"utc":"","source":"m1","event":"status","mode":"normal","status":"OK","device_id":"c1810c76790e","app":"d73cadb","idf":"v6.0.2","toolchain":"gcc-15.2.0","image_sha256":"b67bb4381a06dcc6f9eb32696df5648bfd3ca00b67d4c624a950776e13bb7927","partitions":true,"reset_reason":11,"tf":"READY","wifi":"CONNECTING","ap_setup":false,"rtc":true,"shtc3":true,"sensor_valid":true,"temperature_tenths_c":272,"humidity_tenths_percent":474,"key_short":0,"key_long":0,"crc32c":"0cc32887"}
W (3101990) frame-board: PCF85063 read failed: ESP_ERR_INVALID_CRC
{"schema_version":1,"sequence":302,"uptime_us":3104665261,"utc_valid":false,"utc":"","source":"m1","event":"status","mode":"normal","status":"OK","device_id":"c1810c76790e","app":"d73cadb","idf":"v6.0.2","toolchain":"gcc-15.2.0","image_sha256":"b67bb4381a06dcc6f9eb32696df5648bfd3ca00b67d4c624a950776e13bb7927","partitions":true,"reset_reason":11,"tf":"READY","wifi":"CONNECTING","ap_setup":false,"rtc":true,"shtc3":true,"sensor_valid":true,"temperature_tenths_c":271,"humidity_tenths_percent":473,"key_short":0,"key_long":0,"crc32c":"974dc42d"}
W (3111991) frame-board: PCF85063 read failed: ESP_ERR_INVALID_CRC
{"schema_version":1,"sequence":303,"uptime_us":3114681263,"utc_valid":false,"utc":"","source":"m1","event":"status","mode":"normal","status":"OK","device_id":"c1810c76790e","app":"d73cadb","idf":"v6.0.2","toolchain":"gcc-15.2.0","image_sha256":"b67bb4381a06dcc6f9eb32696df5648bfd3ca00b67d4c624a950776e13bb7927","partitions":true,"reset_reason":11,"tf":"READY","wifi":"CONNECTING","ap_setup":false,"rtc":true,"shtc3":true,"sensor_valid":true,"temperature_tenths_c":272,"humidity_tenths_percent":473,"key_short":0,"key_long":0,"crc32c":"f48d7016"}
W (3121999) frame-board: PCF85063 read failed: ESP_ERR_INVALID_CRC
{"schema_version":1,"sequence":304,"uptime_us":3124697257,"utc_valid":false,"utc":"","source":"m1","event":"status","mode":"normal","status":"OK","device_id":"c1810c76790e","app":"d73cadb","idf":"v6.0.2","toolchain":"gcc-15.2.0","image_sha256":"b67bb4381a06dcc6f9eb32696df5648bfd3ca00b67d4c624a950776e13bb7927","partitions":true,"reset_reason":11,"tf":"READY","wifi":"CONNECTING","ap_setup":false,"rtc":true,"shtc3":true,"sensor_valid":true,"temperature_tenths_c":272,"humidity_tenths_percent":473,"key_short":0,"key_long":0,"crc32c":"cf661705"}
W (3131999) frame-board: PCF85063 read failed: ESP_ERR_INVALID_CRC
{"schema_version":1,"sequence":305,"uptime_us":3134714268,"utc_valid":false,"utc":"","source":"m1","event":"status","mode":"normal","status":"OK","device_id":"c1810c76790e","app":"d73cadb","idf":"v6.0.2","toolchain":"gcc-15.2.0","image_sha256":"b67bb4381a06dcc6f9eb32696df5648bfd3ca00b67d4c624a950776e13bb7927","partitions":true,"reset_reason":11,"tf":"READY","wifi":"CONNECTING","ap_setup":false,"rtc":true,"shtc3":true,"sensor_valid":true,"temperature_tenths_c":272,"humidity_tenths_percent":473,"key_short":0,"key_long":0,"crc32c":"117552db"}
W (3141999) frame-board: PCF85063 read failed: ESP_ERR_INVALID_CRC
{"schema_version":1,"sequence":306,"uptime_us":3144733262,"utc_valid":false,"utc":"","source":"m1","event":"status","mode":"normal","status":"OK","device_id":"c1810c76790e","app":"d73cadb","idf":"v6.0.2","toolchain":"gcc-15.2.0","image_sha256":"b67bb4381a06dcc6f9eb32696df5648bfd3ca00b67d4c624a950776e13bb7927","partitions":true,"reset_reason":11,"tf":"READY","wifi":"CONNECTING","ap_setup":false,"rtc":true,"shtc3":true,"sensor_valid":true,"temperature_tenths_c":271,"humidity_tenths_percent":474,"key_short":0,"key_long":0,"crc32c":"3db81451"}
W (3152009) frame-board: PCF85063 read failed: ESP_ERR_INVALID_CRC
{"schema_version":1,"sequence":307,"uptime_us":3154749262,"utc_valid":false,"utc":"","source":"m1","event":"status","mode":"normal","status":"OK","device_id":"c1810c76790e","app":"d73cadb","idf":"v6.0.2","toolchain":"gcc-15.2.0","image_sha256":"b67bb4381a06dcc6f9eb32696df5648bfd3ca00b67d4c624a950776e13bb7927","partitions":true,"reset_reason":11,"tf":"READY","wifi":"CONNECTING","ap_setup":false,"rtc":true,"shtc3":true,"sensor_valid":true,"temperature_tenths_c":272,"humidity_tenths_percent":474,"key_short":0,"key_long":0,"crc32c":"6612d1d6"}
W (3162011) frame-board: PCF85063 read failed: ESP_ERR_INVALID_CRC
{"schema_version":1,"sequence":308,"uptime_us":3164765258,"utc_valid":false,"utc":"","source":"m1","event":"status","mode":"normal","status":"OK","device_id":"c1810c76790e","app":"d73cadb","idf":"v6.0.2","toolchain":"gcc-15.2.0","image_sha256":"b67bb4381a06dcc6f9eb32696df5648bfd3ca00b67d4c624a950776e13bb7927","partitions":true,"reset_reason":11,"tf":"READY","wifi":"CONNECTING","ap_setup":false,"rtc":true,"shtc3":true,"sensor_valid":true,"temperature_tenths_c":272,"humidity_tenths_percent":473,"key_short":0,"key_long":0,"crc32c":"544861c1"}
W (3172011) frame-board: PCF85063 read failed: ESP_ERR_INVALID_CRC
{"schema_version":1,"sequence":309,"uptime_us":3174781268,"utc_valid":false,"utc":"","source":"m1","event":"status","mode":"normal","status":"OK","device_id":"c1810c76790e","app":"d73cadb","idf":"v6.0.2","toolchain":"gcc-15.2.0","image_sha256":"b67bb4381a06dcc6f9eb32696df5648bfd3ca00b67d4c624a950776e13bb7927","partitions":true,"reset_reason":11,"tf":"READY","wifi":"CONNECTING","ap_setup":false,"rtc":true,"shtc3":true,"sensor_valid":true,"temperature_tenths_c":272,"humidity_tenths_percent":473,"key_short":0,"key_long":0,"crc32c":"6a05c0dc"}
W (3182020) frame-board: PCF85063 read failed: ESP_ERR_INVALID_CRC
{"schema_version":1,"sequence":310,"uptime_us":3184797255,"utc_valid":false,"utc":"","source":"m1","event":"status","mode":"normal","status":"OK","device_id":"c1810c76790e","app":"d73cadb","idf":"v6.0.2","toolchain":"gcc-15.2.0","image_sha256":"b67bb4381a06dcc6f9eb32696df5648bfd3ca00b67d4c624a950776e13bb7927","partitions":true,"reset_reason":11,"tf":"READY","wifi":"CONNECTING","ap_setup":false,"rtc":true,"shtc3":true,"sensor_valid":true,"temperature_tenths_c":272,"humidity_tenths_percent":473,"key_short":0,"key_long":0,"crc32c":"1a16f6bd"}
W (3192029) frame-board: PCF85063 read failed: ESP_ERR_INVALID_CRC
{"schema_version":1,"sequence":311,"uptime_us":3194813259,"utc_valid":false,"utc":"","source":"m1","event":"status","mode":"normal","status":"OK","device_id":"c1810c76790e","app":"d73cadb","idf":"v6.0.2","toolchain":"gcc-15.2.0","image_sha256":"b67bb4381a06dcc6f9eb32696df5648bfd3ca00b67d4c624a950776e13bb7927","partitions":true,"reset_reason":11,"tf":"READY","wifi":"CONNECTING","ap_setup":false,"rtc":true,"shtc3":true,"sensor_valid":true,"temperature_tenths_c":272,"humidity_tenths_percent":473,"key_short":0,"key_long":0,"crc32c":"76486160"}
W (3202030) frame-board: PCF85063 read failed: ESP_ERR_INVALID_CRC
{"schema_version":1,"sequence":312,"uptime_us":3204833266,"utc_valid":false,"utc":"","source":"m1","event":"status","mode":"normal","status":"OK","device_id":"c1810c76790e","app":"d73cadb","idf":"v6.0.2","toolchain":"gcc-15.2.0","image_sha256":"b67bb4381a06dcc6f9eb32696df5648bfd3ca00b67d4c624a950776e13bb7927","partitions":true,"reset_reason":11,"tf":"READY","wifi":"CONNECTING","ap_setup":false,"rtc":true,"shtc3":true,"sensor_valid":true,"temperature_tenths_c":272,"humidity_tenths_percent":476,"key_short":0,"key_long":0,"crc32c":"939ae0cf"}
status --json
{"schema_version":1,"firmware":"0.1.0-dev.1","idf":"v6.0.2","toolchain":"gcc-15.2.0","device_id":"c1810c76790e","health":"OK","target_ok":true,"cores":2,"flash_bytes":16777216,"psram_bytes":8388608,"partitions_ok":true,"reset_reason":11,"display":"OK","tf":"READY","rtc":true,"rtc_valid":false,"utc":"","shtc3":true,"sensor_valid":true,"wifi":"CONNECTING","ap_active":false,"credentials_persisted":true,"tf_logging":true,"logging_error":0,"temperature_tenths_c":272,"humidity_tenths_percent":476,"key_short":0,"key_long":0,"elf_sha256":"1e04bf7cd44f4813a9df1b472ef7cc39e25b03a19a8aa2f37e6c316e4466c630","image_sha256":"b67bb4381a06dcc6f9eb32696df5648bfd3ca00b67d4c624a950776e13bb7927"}
frame>  
frame>  
W (3212039) frame-board: PCF85063 read failed: ESP_ERR_INVALID_CRC
{"schema_version":1,"sequence":313,"uptime_us":3214848256,"utc_valid":false,"utc":"","source":"m1","event":"status","mode":"normal","status":"OK","device_id":"c1810c76790e","app":"d73cadb","idf":"v6.0.2","toolchain":"gcc-15.2.0","image_sha256":"b67bb4381a06dcc6f9eb32696df5648bfd3ca00b67d4c624a950776e13bb7927","partitions":true,"reset_reason":11,"tf":"READY","wifi":"CONNECTING","ap_setup":false,"rtc":true,"shtc3":true,"sensor_valid":true,"temperature_tenths_c":272,"humidity_tenths_percent":474,"key_short":0,"key_long":0,"crc32c":"876332ec"}
W (3222049) frame-board: PCF85063 read failed: ESP_ERR_INVALID_CRC
{"schema_version":1,"sequence":314,"uptime_us":3224863262,"utc_valid":false,"utc":"","source":"m1","event":"status","mode":"normal","status":"OK","device_id":"c1810c76790e","app":"d73cadb","idf":"v6.0.2","toolchain":"gcc-15.2.0","image_sha256":"b67bb4381a06dcc6f9eb32696df5648bfd3ca00b67d4c624a950776e13bb7927","partitions":true,"reset_reason":11,"tf":"READY","wifi":"CONNECTING","ap_setup":false,"rtc":true,"shtc3":true,"sensor_valid":true,"temperature_tenths_c":272,"humidity_tenths_percent":474,"key_short":0,"key_long":0,"crc32c":"da1cfcff"}
W (3232049) frame-board: PCF85063 read failed: ESP_ERR_INVALID_CRC
{"schema_version":1,"sequence":315,"uptime_us":3234879266,"utc_valid":false,"utc":"","source":"m1","event":"status","mode":"normal","status":"OK","device_id":"c1810c76790e","app":"d73cadb","idf":"v6.0.2","toolchain":"gcc-15.2.0","image_sha256":"b67bb4381a06dcc6f9eb32696df5648bfd3ca00b67d4c624a950776e13bb7927","partitions":true,"reset_reason":11,"tf":"READY","wifi":"CONNECTING","ap_setup":false,"rtc":true,"shtc3":true,"sensor_valid":true,"temperature_tenths_c":272,"humidity_tenths_percent":474,"key_short":0,"key_long":0,"crc32c":"b901c333"}
W (3242049) frame-board: PCF85063 read failed: ESP_ERR_INVALID_CRC
{"schema_version":1,"sequence":316,"uptime_us":3244895265,"utc_valid":false,"utc":"","source":"m1","event":"status","mode":"normal","status":"OK","device_id":"c1810c76790e","app":"d73cadb","idf":"v6.0.2","toolchain":"gcc-15.2.0","image_sha256":"b67bb4381a06dcc6f9eb32696df5648bfd3ca00b67d4c624a950776e13bb7927","partitions":true,"reset_reason":11,"tf":"READY","wifi":"CONNECTING","ap_setup":false,"rtc":true,"shtc3":true,"sensor_valid":true,"temperature_tenths_c":272,"humidity_tenths_percent":473,"key_short":0,"key_long":0,"crc32c":"4aa6f6a9"}
W (3252051) frame-board: PCF85063 read failed: ESP_ERR_INVALID_CRC
{"schema_version":1,"sequence":317,"uptime_us":3254911260,"utc_valid":false,"utc":"","source":"m1","event":"status","mode":"normal","status":"OK","device_id":"c1810c76790e","app":"d73cadb","idf":"v6.0.2","toolchain":"gcc-15.2.0","image_sha256":"b67bb4381a06dcc6f9eb32696df5648bfd3ca00b67d4c624a950776e13bb7927","partitions":true,"reset_reason":11,"tf":"READY","wifi":"CONNECTING","ap_setup":false,"rtc":true,"shtc3":true,"sensor_valid":true,"temperature_tenths_c":272,"humidity_tenths_percent":473,"key_short":0,"key_long":0,"crc32c":"4bf88213"}
W (3262060) frame-board: PCF85063 read failed: ESP_ERR_INVALID_CRC
{"schema_version":1,"sequence":318,"uptime_us":3264927263,"utc_valid":false,"utc":"","source":"m1","event":"status","mode":"normal","status":"OK","device_id":"c1810c76790e","app":"d73cadb","idf":"v6.0.2","toolchain":"gcc-15.2.0","image_sha256":"b67bb4381a06dcc6f9eb32696df5648bfd3ca00b67d4c624a950776e13bb7927","partitions":true,"reset_reason":11,"tf":"READY","wifi":"CONNECTING","ap_setup":false,"rtc":true,"shtc3":true,"sensor_valid":true,"temperature_tenths_c":271,"humidity_tenths_percent":474,"key_short":0,"key_long":0,"crc32c":"88dd9edb"}
W (3272061) frame-board: PCF85063 read failed: ESP_ERR_INVALID_CRC
{"schema_version":1,"sequence":319,"uptime_us":3274946261,"utc_valid":false,"utc":"","source":"m1","event":"status","mode":"normal","status":"OK","device_id":"c1810c76790e","app":"d73cadb","idf":"v6.0.2","toolchain":"gcc-15.2.0","image_sha256":"b67bb4381a06dcc6f9eb32696df5648bfd3ca00b67d4c624a950776e13bb7927","partitions":true,"reset_reason":11,"tf":"READY","wifi":"CONNECTING","ap_setup":false,"rtc":true,"shtc3":true,"sensor_valid":true,"temperature_tenths_c":271,"humidity_tenths_percent":475,"key_short":0,"key_long":0,"crc32c":"2d72291a"}
W (3282070) frame-board: PCF85063 read failed: ESP_ERR_INVALID_CRC
{"schema_version":1,"sequence":320,"uptime_us":3284963257,"utc_valid":false,"utc":"","source":"m1","event":"status","mode":"normal","status":"OK","device_id":"c1810c76790e","app":"d73cadb","idf":"v6.0.2","toolchain":"gcc-15.2.0","image_sha256":"b67bb4381a06dcc6f9eb32696df5648bfd3ca00b67d4c624a950776e13bb7927","partitions":true,"reset_reason":11,"tf":"READY","wifi":"CONNECTING","ap_setup":false,"rtc":true,"shtc3":true,"sensor_valid":true,"temperature_tenths_c":272,"humidity_tenths_percent":476,"key_short":0,"key_long":0,"crc32c":"b2a0f9fb"}
W (3292071) frame-board: PCF85063 read failed: ESP_ERR_INVALID_CRC
{"schema_version":1,"sequence":321,"uptime_us":3294979265,"utc_valid":false,"utc":"","source":"m1","event":"status","mode":"normal","status":"OK","device_id":"c1810c76790e","app":"d73cadb","idf":"v6.0.2","toolchain":"gcc-15.2.0","image_sha256":"b67bb4381a06dcc6f9eb32696df5648bfd3ca00b67d4c624a950776e13bb7927","partitions":true,"reset_reason":11,"tf":"READY","wifi":"CONNECTING","ap_setup":false,"rtc":true,"shtc3":true,"sensor_valid":true,"temperature_tenths_c":272,"humidity_tenths_percent":475,"key_short":0,"key_long":0,"crc32c":"f12bb114"}
W (3302071) frame-board: PCF85063 read failed: ESP_ERR_INVALID_CRC
{"schema_version":1,"sequence":322,"uptime_us":3304995263,"utc_valid":false,"utc":"","source":"m1","event":"status","mode":"normal","status":"OK","device_id":"c1810c76790e","app":"d73cadb","idf":"v6.0.2","toolchain":"gcc-15.2.0","image_sha256":"b67bb4381a06dcc6f9eb32696df5648bfd3ca00b67d4c624a950776e13bb7927","partitions":true,"reset_reason":11,"tf":"READY","wifi":"CONNECTING","ap_setup":false,"rtc":true,"shtc3":true,"sensor_valid":true,"temperature_tenths_c":272,"humidity_tenths_percent":475,"key_short":0,"key_long":0,"crc32c":"d3a857ff"}
W (3312072) frame-board: PCF85063 read failed: ESP_ERR_INVALID_CRC
{"schema_version":1,"sequence":323,"uptime_us":3315011263,"utc_valid":false,"utc":"","source":"m1","event":"status","mode":"normal","status":"OK","device_id":"c1810c76790e","app":"d73cadb","idf":"v6.0.2","toolchain":"gcc-15.2.0","image_sha256":"b67bb4381a06dcc6f9eb32696df5648bfd3ca00b67d4c624a950776e13bb7927","partitions":true,"reset_reason":11,"tf":"READY","wifi":"CONNECTING","ap_setup":false,"rtc":true,"shtc3":true,"sensor_valid":true,"temperature_tenths_c":272,"humidity_tenths_percent":476,"key_short":0,"key_long":0,"crc32c":"ee4f788a"}
W (3322074) frame-board: PCF85063 read failed: ESP_ERR_INVALID_CRC
{"schema_version":1,"sequence":324,"uptime_us":3325027259,"utc_valid":false,"utc":"","source":"m1","event":"status","mode":"normal","status":"OK","device_id":"c1810c76790e","app":"d73cadb","idf":"v6.0.2","toolchain":"gcc-15.2.0","image_sha256":"b67bb4381a06dcc6f9eb32696df5648bfd3ca00b67d4c624a950776e13bb7927","partitions":true,"reset_reason":11,"tf":"READY","wifi":"CONNECTING","ap_setup":false,"rtc":true,"shtc3":true,"sensor_valid":true,"temperature_tenths_c":272,"humidity_tenths_percent":477,"key_short":0,"key_long":0,"crc32c":"78fceb99"}
status --json
{"schema_version":1,"firmware":"0.1.0-dev.1","idf":"v6.0.2","toolchain":"gcc-15.2.0","device_id":"c1810c76790e","health":"OK","target_ok":true,"cores":2,"flash_bytes":16777216,"psram_bytes":8388608,"partitions_ok":true,"reset_reason":11,"display":"OK","tf":"READY","rtc":true,"rtc_valid":false,"utc":"","shtc3":true,"sensor_valid":true,"wifi":"CONNECTING","ap_active":false,"credentials_persisted":true,"tf_logging":true,"logging_error":0,"temperature_tenths_c":272,"humidity_tenths_percent":477,"key_short":0,"key_long":0,"elf_sha256":"1e04bf7cd44f4813a9df1b472ef7cc39e25b03a19a8aa2f37e6c316e4466c630","image_sha256":"b67bb4381a06dcc6f9eb32696df5648bfd3ca00b67d4c624a950776e13bb7927"}
frame>  
frame>  wifi reconnect
W (3330755) wifi:sta is connected, disconnect before connecting to new ap
wifi reconnect: ESP_OK
frame>  
frame>  
W (3332074) frame-board: PCF85063 read failed: ESP_ERR_INVALID_CRC
{"schema_version":1,"sequence":325,"uptime_us":3335046254,"utc_valid":false,"utc":"","source":"m1","event":"status","mode":"normal","status":"OK","device_id":"c1810c76790e","app":"d73cadb","idf":"v6.0.2","toolchain":"gcc-15.2.0","image_sha256":"b67bb4381a06dcc6f9eb32696df5648bfd3ca00b67d4c624a950776e13bb7927","partitions":true,"reset_reason":11,"tf":"READY","wifi":"CONNECTING","ap_setup":false,"rtc":true,"shtc3":true,"sensor_valid":true,"temperature_tenths_c":272,"humidity_tenths_percent":477,"key_short":0,"key_long":0,"crc32c":"42747c54"}
W (3342075) frame-board: PCF85063 read failed: ESP_ERR_INVALID_CRC
{"schema_version":1,"sequence":326,"uptime_us":3345061255,"utc_valid":false,"utc":"","source":"m1","event":"status","mode":"normal","status":"OK","device_id":"c1810c76790e","app":"d73cadb","idf":"v6.0.2","toolchain":"gcc-15.2.0","image_sha256":"b67bb4381a06dcc6f9eb32696df5648bfd3ca00b67d4c624a950776e13bb7927","partitions":true,"reset_reason":11,"tf":"READY","wifi":"CONNECTING","ap_setup":false,"rtc":true,"shtc3":true,"sensor_valid":true,"temperature_tenths_c":272,"humidity_tenths_percent":481,"key_short":0,"key_long":0,"crc32c":"04d7169c"}
W (3352084) frame-board: PCF85063 read failed: ESP_ERR_INVALID_CRC
{"schema_version":1,"sequence":327,"uptime_us":3355077006,"utc_valid":false,"utc":"","source":"m1","event":"status","mode":"normal","status":"OK","device_id":"c1810c76790e","app":"d73cadb","idf":"v6.0.2","toolchain":"gcc-15.2.0","image_sha256":"b67bb4381a06dcc6f9eb32696df5648bfd3ca00b67d4c624a950776e13bb7927","partitions":true,"reset_reason":11,"tf":"READY","wifi":"CONNECTING","ap_setup":false,"rtc":true,"shtc3":true,"sensor_valid":true,"temperature_tenths_c":272,"humidity_tenths_percent":479,"key_short":0,"key_long":0,"crc32c":"2bf0f6fb"}
W (3362085) frame-board: PCF85063 read failed: ESP_ERR_INVALID_CRC
{"schema_version":1,"sequence":328,"uptime_us":3365092261,"utc_valid":false,"utc":"","source":"m1","event":"status","mode":"normal","status":"OK","device_id":"c1810c76790e","app":"d73cadb","idf":"v6.0.2","toolchain":"gcc-15.2.0","image_sha256":"b67bb4381a06dcc6f9eb32696df5648bfd3ca00b67d4c624a950776e13bb7927","partitions":true,"reset_reason":11,"tf":"READY","wifi":"CONNECTING","ap_setup":false,"rtc":true,"shtc3":true,"sensor_valid":true,"temperature_tenths_c":272,"humidity_tenths_percent":480,"key_short":0,"key_long":0,"crc32c":"c459355d"}
W (3372094) frame-board: PCF85063 read failed: ESP_ERR_INVALID_CRC
{"schema_version":1,"sequence":329,"uptime_us":3375108259,"utc_valid":false,"utc":"","source":"m1","event":"status","mode":"normal","status":"OK","device_id":"c1810c76790e","app":"d73cadb","idf":"v6.0.2","toolchain":"gcc-15.2.0","image_sha256":"b67bb4381a06dcc6f9eb32696df5648bfd3ca00b67d4c624a950776e13bb7927","partitions":true,"reset_reason":11,"tf":"READY","wifi":"CONNECTING","ap_setup":false,"rtc":true,"shtc3":true,"sensor_valid":true,"temperature_tenths_c":272,"humidity_tenths_percent":475,"key_short":0,"key_long":0,"crc32c":"20546d67"}
W (3382104) frame-board: PCF85063 read failed: ESP_ERR_INVALID_CRC
{"schema_version":1,"sequence":330,"uptime_us":3385124258,"utc_valid":false,"utc":"","source":"m1","event":"status","mode":"normal","status":"OK","device_id":"c1810c76790e","app":"d73cadb","idf":"v6.0.2","toolchain":"gcc-15.2.0","image_sha256":"b67bb4381a06dcc6f9eb32696df5648bfd3ca00b67d4c624a950776e13bb7927","partitions":true,"reset_reason":11,"tf":"READY","wifi":"CONNECTING","ap_setup":false,"rtc":true,"shtc3":true,"sensor_valid":true,"temperature_tenths_c":272,"humidity_tenths_percent":477,"key_short":0,"key_long":0,"crc32c":"4c49cae4"}
W (3392105) frame-board: PCF85063 read failed: ESP_ERR_INVALID_CRC
{"schema_version":1,"sequence":331,"uptime_us":3395140263,"utc_valid":false,"utc":"","source":"m1","event":"status","mode":"normal","status":"OK","device_id":"c1810c76790e","app":"d73cadb","idf":"v6.0.2","toolchain":"gcc-15.2.0","image_sha256":"b67bb4381a06dcc6f9eb32696df5648bfd3ca00b67d4c624a950776e13bb7927","partitions":true,"reset_reason":11,"tf":"READY","wifi":"CONNECTING","ap_setup":false,"rtc":true,"shtc3":true,"sensor_valid":true,"temperature_tenths_c":272,"humidity_tenths_percent":477,"key_short":0,"key_long":0,"crc32c":"86c990f1"}
W (3402106) frame-board: PCF85063 read failed: ESP_ERR_INVALID_CRC
{"schema_version":1,"sequence":332,"uptime_us":3405159253,"utc_valid":false,"utc":"","source":"m1","event":"status","mode":"normal","status":"OK","device_id":"c1810c76790e","app":"d73cadb","idf":"v6.0.2","toolchain":"gcc-15.2.0","image_sha256":"b67bb4381a06dcc6f9eb32696df5648bfd3ca00b67d4c624a950776e13bb7927","partitions":true,"reset_reason":11,"tf":"READY","wifi":"CONNECTING","ap_setup":false,"rtc":true,"shtc3":true,"sensor_valid":true,"temperature_tenths_c":272,"humidity_tenths_percent":476,"key_short":0,"key_long":0,"crc32c":"514a7a55"}
W (3412107) frame-board: PCF85063 read failed: ESP_ERR_INVALID_CRC
{"schema_version":1,"sequence":333,"uptime_us":3415174266,"utc_valid":false,"utc":"","source":"m1","event":"status","mode":"normal","status":"OK","device_id":"c1810c76790e","app":"d73cadb","idf":"v6.0.2","toolchain":"gcc-15.2.0","image_sha256":"b67bb4381a06dcc6f9eb32696df5648bfd3ca00b67d4c624a950776e13bb7927","partitions":true,"reset_reason":11,"tf":"READY","wifi":"CONNECTING","ap_setup":false,"rtc":true,"shtc3":true,"sensor_valid":true,"temperature_tenths_c":272,"humidity_tenths_percent":476,"key_short":0,"key_long":0,"crc32c":"455a4109"}
W (3422115) frame-board: PCF85063 read failed: ESP_ERR_INVALID_CRC
{"schema_version":1,"sequence":334,"uptime_us":3425190264,"utc_valid":false,"utc":"","source":"m1","event":"status","mode":"normal","status":"OK","device_id":"c1810c76790e","app":"d73cadb","idf":"v6.0.2","toolchain":"gcc-15.2.0","image_sha256":"b67bb4381a06dcc6f9eb32696df5648bfd3ca00b67d4c624a950776e13bb7927","partitions":true,"reset_reason":11,"tf":"READY","wifi":"CONNECTING","ap_setup":false,"rtc":true,"shtc3":true,"sensor_valid":true,"temperature_tenths_c":272,"humidity_tenths_percent":476,"key_short":0,"key_long":0,"crc32c":"c7a57159"}
W (3432117) frame-board: PCF85063 read failed: ESP_ERR_INVALID_CRC
{"schema_version":1,"sequence":335,"uptime_us":3435207259,"utc_valid":false,"utc":"","source":"m1","event":"status","mode":"normal","status":"OK","device_id":"c1810c76790e","app":"d73cadb","idf":"v6.0.2","toolchain":"gcc-15.2.0","image_sha256":"b67bb4381a06dcc6f9eb32696df5648bfd3ca00b67d4c624a950776e13bb7927","partitions":true,"reset_reason":11,"tf":"READY","wifi":"CONNECTING","ap_setup":false,"rtc":true,"shtc3":true,"sensor_valid":true,"temperature_tenths_c":272,"humidity_tenths_percent":476,"key_short":0,"key_long":0,"crc32c":"9a423769"}
W (3442125) frame-board: PCF85063 read failed: ESP_ERR_INVALID_CRC
{"schema_version":1,"sequence":336,"uptime_us":3445223256,"utc_valid":false,"utc":"","source":"m1","event":"status","mode":"normal","status":"OK","device_id":"c1810c76790e","app":"d73cadb","idf":"v6.0.2","toolchain":"gcc-15.2.0","image_sha256":"b67bb4381a06dcc6f9eb32696df5648bfd3ca00b67d4c624a950776e13bb7927","partitions":true,"reset_reason":11,"tf":"READY","wifi":"CONNECTING","ap_setup":false,"rtc":true,"shtc3":true,"sensor_valid":true,"temperature_tenths_c":272,"humidity_tenths_percent":477,"key_short":0,"key_long":0,"crc32c":"ab616c7f"}
status --json
{"schema_version":1,"firmware":"0.1.0-dev.1","idf":"v6.0.2","toolchain":"gcc-15.2.0","device_id":"c1810c76790e","health":"OK","target_ok":true,"cores":2,"flash_bytes":16777216,"psram_bytes":8388608,"partitions_ok":true,"reset_reason":11,"display":"OK","tf":"READY","rtc":true,"rtc_valid":false,"utc":"","shtc3":true,"sensor_valid":true,"wifi":"CONNECTING","ap_active":false,"credentials_persisted":true,"tf_logging":true,"logging_error":0,"temperature_tenths_c":272,"humidity_tenths_percent":477,"key_short":0,"key_long":0,"elf_sha256":"1e04bf7cd44f4813a9df1b472ef7cc39e25b03a19a8aa2f37e6c316e4466c630","image_sha256":"b67bb4381a06dcc6f9eb32696df5648bfd3ca00b67d4c624a950776e13bb7927"}
frame>  
frame>  
W (3452135) frame-board: PCF85063 read failed: ESP_ERR_INVALID_CRC
{"schema_version":1,"sequence":337,"uptime_us":3455239263,"utc_valid":false,"utc":"","source":"m1","event":"status","mode":"normal","status":"OK","device_id":"c1810c76790e","app":"d73cadb","idf":"v6.0.2","toolchain":"gcc-15.2.0","image_sha256":"b67bb4381a06dcc6f9eb32696df5648bfd3ca00b67d4c624a950776e13bb7927","partitions":true,"reset_reason":11,"tf":"READY","wifi":"CONNECTING","ap_setup":false,"rtc":true,"shtc3":true,"sensor_valid":true,"temperature_tenths_c":272,"humidity_tenths_percent":476,"key_short":0,"key_long":0,"crc32c":"1d68d7bb"}
W (3462135) frame-board: PCF85063 read failed: ESP_ERR_INVALID_CRC
{"schema_version":1,"sequence":338,"uptime_us":3465257272,"utc_valid":false,"utc":"","source":"m1","event":"status","mode":"normal","status":"OK","device_id":"c1810c76790e","app":"d73cadb","idf":"v6.0.2","toolchain":"gcc-15.2.0","image_sha256":"b67bb4381a06dcc6f9eb32696df5648bfd3ca00b67d4c624a950776e13bb7927","partitions":true,"reset_reason":11,"tf":"READY","wifi":"CONNECTING","ap_setup":false,"rtc":true,"shtc3":true,"sensor_valid":true,"temperature_tenths_c":272,"humidity_tenths_percent":476,"key_short":0,"key_long":0,"crc32c":"2a5d2661"}
W (3472135) frame-board: PCF85063 read failed: ESP_ERR_INVALID_CRC
{"schema_version":1,"sequence":339,"uptime_us":3475275260,"utc_valid":false,"utc":"","source":"m1","event":"status","mode":"normal","status":"OK","device_id":"c1810c76790e","app":"d73cadb","idf":"v6.0.2","toolchain":"gcc-15.2.0","image_sha256":"b67bb4381a06dcc6f9eb32696df5648bfd3ca00b67d4c624a950776e13bb7927","partitions":true,"reset_reason":11,"tf":"READY","wifi":"CONNECTING","ap_setup":false,"rtc":true,"shtc3":true,"sensor_valid":true,"temperature_tenths_c":272,"humidity_tenths_percent":476,"key_short":0,"key_long":0,"crc32c":"e5bb246b"}
W (3482137) frame-board: PCF85063 read failed: ESP_ERR_INVALID_CRC
{"schema_version":1,"sequence":340,"uptime_us":3485291253,"utc_valid":false,"utc":"","source":"m1","event":"status","mode":"normal","status":"OK","device_id":"c1810c76790e","app":"d73cadb","idf":"v6.0.2","toolchain":"gcc-15.2.0","image_sha256":"b67bb4381a06dcc6f9eb32696df5648bfd3ca00b67d4c624a950776e13bb7927","partitions":true,"reset_reason":11,"tf":"READY","wifi":"CONNECTING","ap_setup":false,"rtc":true,"shtc3":true,"sensor_valid":true,"temperature_tenths_c":272,"humidity_tenths_percent":476,"key_short":0,"key_long":0,"crc32c":"33b0ae58"}
W (3492137) frame-board: PCF85063 read failed: ESP_ERR_INVALID_CRC
{"schema_version":1,"sequence":341,"uptime_us":3495307261,"utc_valid":false,"utc":"","source":"m1","event":"status","mode":"normal","status":"OK","device_id":"c1810c76790e","app":"d73cadb","idf":"v6.0.2","toolchain":"gcc-15.2.0","image_sha256":"b67bb4381a06dcc6f9eb32696df5648bfd3ca00b67d4c624a950776e13bb7927","partitions":true,"reset_reason":11,"tf":"READY","wifi":"CONNECTING","ap_setup":false,"rtc":true,"shtc3":true,"sensor_valid":true,"temperature_tenths_c":272,"humidity_tenths_percent":483,"key_short":0,"key_long":0,"crc32c":"ba8e077a"}
W (3502139) frame-board: PCF85063 read failed: ESP_ERR_INVALID_CRC
{"schema_version":1,"sequence":342,"uptime_us":3505323256,"utc_valid":false,"utc":"","source":"m1","event":"status","mode":"normal","status":"OK","device_id":"c1810c76790e","app":"d73cadb","idf":"v6.0.2","toolchain":"gcc-15.2.0","image_sha256":"b67bb4381a06dcc6f9eb32696df5648bfd3ca00b67d4c624a950776e13bb7927","partitions":true,"reset_reason":11,"tf":"READY","wifi":"CONNECTING","ap_setup":false,"rtc":true,"shtc3":true,"sensor_valid":true,"temperature_tenths_c":272,"humidity_tenths_percent":477,"key_short":0,"key_long":0,"crc32c":"ca03c191"}
W (3512148) frame-board: PCF85063 read failed: ESP_ERR_INVALID_CRC
{"schema_version":1,"sequence":343,"uptime_us":3515339259,"utc_valid":false,"utc":"","source":"m1","event":"status","mode":"normal","status":"OK","device_id":"c1810c76790e","app":"d73cadb","idf":"v6.0.2","toolchain":"gcc-15.2.0","image_sha256":"b67bb4381a06dcc6f9eb32696df5648bfd3ca00b67d4c624a950776e13bb7927","partitions":true,"reset_reason":11,"tf":"READY","wifi":"CONNECTING","ap_setup":false,"rtc":true,"shtc3":true,"sensor_valid":true,"temperature_tenths_c":272,"humidity_tenths_percent":477,"key_short":0,"key_long":0,"crc32c":"d097c920"}
W (3522149) frame-board: PCF85063 read failed: ESP_ERR_INVALID_CRC
{"schema_version":1,"sequence":344,"uptime_us":3525355260,"utc_valid":false,"utc":"","source":"m1","event":"status","mode":"normal","status":"OK","device_id":"c1810c76790e","app":"d73cadb","idf":"v6.0.2","toolchain":"gcc-15.2.0","image_sha256":"b67bb4381a06dcc6f9eb32696df5648bfd3ca00b67d4c624a950776e13bb7927","partitions":true,"reset_reason":11,"tf":"READY","wifi":"CONNECTING","ap_setup":false,"rtc":true,"shtc3":true,"sensor_valid":true,"temperature_tenths_c":273,"humidity_tenths_percent":475,"key_short":0,"key_long":0,"crc32c":"f152b35b"}
W (3532158) frame-board: PCF85063 read failed: ESP_ERR_INVALID_CRC
{"schema_version":1,"sequence":345,"uptime_us":3535374257,"utc_valid":false,"utc":"","source":"m1","event":"status","mode":"normal","status":"OK","device_id":"c1810c76790e","app":"d73cadb","idf":"v6.0.2","toolchain":"gcc-15.2.0","image_sha256":"b67bb4381a06dcc6f9eb32696df5648bfd3ca00b67d4c624a950776e13bb7927","partitions":true,"reset_reason":11,"tf":"READY","wifi":"CONNECTING","ap_setup":false,"rtc":true,"shtc3":true,"sensor_valid":true,"temperature_tenths_c":272,"humidity_tenths_percent":475,"key_short":0,"key_long":0,"crc32c":"b4739f61"}
W (3542159) frame-board: PCF85063 read failed: ESP_ERR_INVALID_CRC
{"schema_version":1,"sequence":346,"uptime_us":3545389258,"utc_valid":false,"utc":"","source":"m1","event":"status","mode":"normal","status":"OK","device_id":"c1810c76790e","app":"d73cadb","idf":"v6.0.2","toolchain":"gcc-15.2.0","image_sha256":"b67bb4381a06dcc6f9eb32696df5648bfd3ca00b67d4c624a950776e13bb7927","partitions":true,"reset_reason":11,"tf":"READY","wifi":"CONNECTING","ap_setup":false,"rtc":true,"shtc3":true,"sensor_valid":true,"temperature_tenths_c":273,"humidity_tenths_percent":475,"key_short":0,"key_long":0,"crc32c":"1f604136"}
W (3552160) frame-board: PCF85063 read failed: ESP_ERR_INVALID_CRC
{"schema_version":1,"sequence":347,"uptime_us":3555405261,"utc_valid":false,"utc":"","source":"m1","event":"status","mode":"normal","status":"OK","device_id":"c1810c76790e","app":"d73cadb","idf":"v6.0.2","toolchain":"gcc-15.2.0","image_sha256":"b67bb4381a06dcc6f9eb32696df5648bfd3ca00b67d4c624a950776e13bb7927","partitions":true,"reset_reason":11,"tf":"READY","wifi":"CONNECTING","ap_setup":false,"rtc":true,"shtc3":true,"sensor_valid":true,"temperature_tenths_c":272,"humidity_tenths_percent":474,"key_short":0,"key_long":0,"crc32c":"9711ee50"}
W (3562161) frame-board: PCF85063 read failed: ESP_ERR_INVALID_CRC
{"schema_version":1,"sequence":348,"uptime_us":3565421265,"utc_valid":false,"utc":"","source":"m1","event":"status","mode":"normal","status":"OK","device_id":"c1810c76790e","app":"d73cadb","idf":"v6.0.2","toolchain":"gcc-15.2.0","image_sha256":"b67bb4381a06dcc6f9eb32696df5648bfd3ca00b67d4c624a950776e13bb7927","partitions":true,"reset_reason":11,"tf":"READY","wifi":"CONNECTING","ap_setup":false,"rtc":true,"shtc3":true,"sensor_valid":true,"temperature_tenths_c":273,"humidity_tenths_percent":474,"key_short":0,"key_long":0,"crc32c":"be40f4f7"}
status --json
{"schema_version":1,"firmware":"0.1.0-dev.1","idf":"v6.0.2","toolchain":"gcc-15.2.0","device_id":"c1810c76790e","health":"OK","target_ok":true,"cores":2,"flash_bytes":16777216,"psram_bytes":8388608,"partitions_ok":true,"reset_reason":11,"display":"OK","tf":"READY","rtc":true,"rtc_valid":false,"utc":"","shtc3":true,"sensor_valid":true,"wifi":"CONNECTING","ap_active":false,"credentials_persisted":true,"tf_logging":true,"logging_error":0,"temperature_tenths_c":273,"humidity_tenths_percent":474,"key_short":0,"key_long":0,"elf_sha256":"1e04bf7cd44f4813a9df1b472ef7cc39e25b03a19a8aa2f37e6c316e4466c630","image_sha256":"b67bb4381a06dcc6f9eb32696df5648bfd3ca00b67d4c624a950776e13bb7927"}
frame>  
frame>  
W (3572163) frame-board: PCF85063 read failed: ESP_ERR_INVALID_CRC
{"schema_version":1,"sequence":349,"uptime_us":3575437273,"utc_valid":false,"utc":"","source":"m1","event":"status","mode":"normal","status":"OK","device_id":"c1810c76790e","app":"d73cadb","idf":"v6.0.2","toolchain":"gcc-15.2.0","image_sha256":"b67bb4381a06dcc6f9eb32696df5648bfd3ca00b67d4c624a950776e13bb7927","partitions":true,"reset_reason":11,"tf":"READY","wifi":"CONNECTING","ap_setup":false,"rtc":true,"shtc3":true,"sensor_valid":true,"temperature_tenths_c":273,"humidity_tenths_percent":473,"key_short":0,"key_long":0,"crc32c":"447684b9"}
W (3582163) frame-board: PCF85063 read failed: ESP_ERR_INVALID_CRC
{"schema_version":1,"sequence":350,"uptime_us":3585455265,"utc_valid":false,"utc":"","source":"m1","event":"status","mode":"normal","status":"OK","device_id":"c1810c76790e","app":"d73cadb","idf":"v6.0.2","toolchain":"gcc-15.2.0","image_sha256":"b67bb4381a06dcc6f9eb32696df5648bfd3ca00b67d4c624a950776e13bb7927","partitions":true,"reset_reason":11,"tf":"READY","wifi":"CONNECTING","ap_setup":false,"rtc":true,"shtc3":true,"sensor_valid":true,"temperature_tenths_c":273,"humidity_tenths_percent":474,"key_short":0,"key_long":0,"crc32c":"c2b46ff8"}
W (3592164) frame-board: PCF85063 read failed: ESP_ERR_INVALID_CRC
{"schema_version":1,"sequence":351,"uptime_us":3595474263,"utc_valid":false,"utc":"","source":"m1","event":"status","mode":"normal","status":"OK","device_id":"c1810c76790e","app":"d73cadb","idf":"v6.0.2","toolchain":"gcc-15.2.0","image_sha256":"b67bb4381a06dcc6f9eb32696df5648bfd3ca00b67d4c624a950776e13bb7927","partitions":true,"reset_reason":11,"tf":"READY","wifi":"CONNECTING","ap_setup":false,"rtc":true,"shtc3":true,"sensor_valid":true,"temperature_tenths_c":273,"humidity_tenths_percent":473,"key_short":0,"key_long":0,"crc32c":"25bdb895"}
W (3602173) frame-board: PCF85063 read failed: ESP_ERR_INVALID_CRC
{"schema_version":1,"sequence":352,"uptime_us":3605489259,"utc_valid":false,"utc":"","source":"m1","event":"status","mode":"normal","status":"OK","device_id":"c1810c76790e","app":"d73cadb","idf":"v6.0.2","toolchain":"gcc-15.2.0","image_sha256":"b67bb4381a06dcc6f9eb32696df5648bfd3ca00b67d4c624a950776e13bb7927","partitions":true,"reset_reason":11,"tf":"READY","wifi":"CONNECTING","ap_setup":false,"rtc":true,"shtc3":true,"sensor_valid":true,"temperature_tenths_c":273,"humidity_tenths_percent":472,"key_short":0,"key_long":0,"crc32c":"1aa18876"}
W (3612174) frame-board: PCF85063 read failed: ESP_ERR_INVALID_CRC
{"schema_version":1,"sequence":353,"uptime_us":3615505260,"utc_valid":false,"utc":"","source":"m1","event":"status","mode":"normal","status":"OK","device_id":"c1810c76790e","app":"d73cadb","idf":"v6.0.2","toolchain":"gcc-15.2.0","image_sha256":"b67bb4381a06dcc6f9eb32696df5648bfd3ca00b67d4c624a950776e13bb7927","partitions":true,"reset_reason":11,"tf":"READY","wifi":"CONNECTING","ap_setup":false,"rtc":true,"shtc3":true,"sensor_valid":true,"temperature_tenths_c":273,"humidity_tenths_percent":471,"key_short":0,"key_long":0,"crc32c":"96a4bce0"}
W (3622183) frame-board: PCF85063 read failed: ESP_ERR_INVALID_CRC
{"schema_version":1,"sequence":354,"uptime_us":3625521261,"utc_valid":false,"utc":"","source":"m1","event":"status","mode":"normal","status":"OK","device_id":"c1810c76790e","app":"d73cadb","idf":"v6.0.2","toolchain":"gcc-15.2.0","image_sha256":"b67bb4381a06dcc6f9eb32696df5648bfd3ca00b67d4c624a950776e13bb7927","partitions":true,"reset_reason":11,"tf":"READY","wifi":"CONNECTING","ap_setup":false,"rtc":true,"shtc3":true,"sensor_valid":true,"temperature_tenths_c":273,"humidity_tenths_percent":471,"key_short":0,"key_long":0,"crc32c":"adb51270"}
W (3632183) frame-board: PCF85063 read failed: ESP_ERR_INVALID_CRC
{"schema_version":1,"sequence":355,"uptime_us":3635537258,"utc_valid":false,"utc":"","source":"m1","event":"status","mode":"normal","status":"OK","device_id":"c1810c76790e","app":"d73cadb","idf":"v6.0.2","toolchain":"gcc-15.2.0","image_sha256":"b67bb4381a06dcc6f9eb32696df5648bfd3ca00b67d4c624a950776e13bb7927","partitions":true,"reset_reason":11,"tf":"READY","wifi":"CONNECTING","ap_setup":false,"rtc":true,"shtc3":true,"sensor_valid":true,"temperature_tenths_c":273,"humidity_tenths_percent":471,"key_short":0,"key_long":0,"crc32c":"308aba87"}
W (3642184) frame-board: PCF85063 read failed: ESP_ERR_INVALID_CRC
{"schema_version":1,"sequence":356,"uptime_us":3645553261,"utc_valid":false,"utc":"","source":"m1","event":"status","mode":"normal","status":"OK","device_id":"c1810c76790e","app":"d73cadb","idf":"v6.0.2","toolchain":"gcc-15.2.0","image_sha256":"b67bb4381a06dcc6f9eb32696df5648bfd3ca00b67d4c624a950776e13bb7927","partitions":true,"reset_reason":11,"tf":"READY","wifi":"CONNECTING","ap_setup":false,"rtc":true,"shtc3":true,"sensor_valid":true,"temperature_tenths_c":273,"humidity_tenths_percent":472,"key_short":0,"key_long":0,"crc32c":"477e40c4"}
W (3652185) frame-board: PCF85063 read failed: ESP_ERR_INVALID_CRC
{"schema_version":1,"sequence":357,"uptime_us":3655569259,"utc_valid":false,"utc":"","source":"m1","event":"status","mode":"normal","status":"OK","device_id":"c1810c76790e","app":"d73cadb","idf":"v6.0.2","toolchain":"gcc-15.2.0","image_sha256":"b67bb4381a06dcc6f9eb32696df5648bfd3ca00b67d4c624a950776e13bb7927","partitions":true,"reset_reason":11,"tf":"READY","wifi":"CONNECTING","ap_setup":false,"rtc":true,"shtc3":true,"sensor_valid":true,"temperature_tenths_c":273,"humidity_tenths_percent":472,"key_short":0,"key_long":0,"crc32c":"acd100f7"}
W (3662237) frame-board: PCF85063 read failed: ESP_ERR_INVALID_CRC
{"schema_version":1,"sequence":358,"uptime_us":3665588259,"utc_valid":false,"utc":"","source":"m1","event":"status","mode":"normal","status":"OK","device_id":"c1810c76790e","app":"d73cadb","idf":"v6.0.2","toolchain":"gcc-15.2.0","image_sha256":"b67bb4381a06dcc6f9eb32696df5648bfd3ca00b67d4c624a950776e13bb7927","partitions":true,"reset_reason":11,"tf":"READY","wifi":"CONNECTING","ap_setup":false,"rtc":true,"shtc3":true,"sensor_valid":true,"temperature_tenths_c":273,"humidity_tenths_percent":473,"key_short":0,"key_long":0,"crc32c":"ac0713b4"}
W (3672296) frame-board: PCF85063 read failed: ESP_ERR_INVALID_CRC
{"schema_version":1,"sequence":359,"uptime_us":3675603259,"utc_valid":false,"utc":"","source":"m1","event":"status","mode":"normal","status":"OK","device_id":"c1810c76790e","app":"d73cadb","idf":"v6.0.2","toolchain":"gcc-15.2.0","image_sha256":"b67bb4381a06dcc6f9eb32696df5648bfd3ca00b67d4c624a950776e13bb7927","partitions":true,"reset_reason":11,"tf":"READY","wifi":"CONNECTING","ap_setup":false,"rtc":true,"shtc3":true,"sensor_valid":true,"temperature_tenths_c":273,"humidity_tenths_percent":473,"key_short":0,"key_long":0,"crc32c":"bc21ee97"}
W (3682240) frame-board: PCF85063 read failed: ESP_ERR_INVALID_CRC
{"schema_version":1,"sequence":360,"uptime_us":3685618263,"utc_valid":false,"utc":"","source":"m1","event":"status","mode":"normal","status":"OK","device_id":"c1810c76790e","app":"d73cadb","idf":"v6.0.2","toolchain":"gcc-15.2.0","image_sha256":"b67bb4381a06dcc6f9eb32696df5648bfd3ca00b67d4c624a950776e13bb7927","partitions":true,"reset_reason":11,"tf":"READY","wifi":"CONNECTING","ap_setup":false,"rtc":true,"shtc3":true,"sensor_valid":true,"temperature_tenths_c":273,"humidity_tenths_percent":473,"key_short":0,"key_long":0,"crc32c":"a03002cb"}
status --json
{"schema_version":1,"firmware":"0.1.0-dev.1","idf":"v6.0.2","toolchain":"gcc-15.2.0","device_id":"c1810c76790e","health":"OK","target_ok":true,"cores":2,"flash_bytes":16777216,"psram_bytes":8388608,"partitions_ok":true,"reset_reason":11,"display":"OK","tf":"READY","rtc":true,"rtc_valid":false,"utc":"","shtc3":true,"sensor_valid":true,"wifi":"CONNECTING","ap_active":false,"credentials_persisted":true,"tf_logging":true,"logging_error":0,"temperature_tenths_c":273,"humidity_tenths_percent":473,"key_short":0,"key_long":0,"elf_sha256":"1e04bf7cd44f4813a9df1b472ef7cc39e25b03a19a8aa2f37e6c316e4466c630","image_sha256":"b67bb4381a06dcc6f9eb32696df5648bfd3ca00b67d4c624a950776e13bb7927"}
frame>  
frame>  
W (3692248) frame-board: PCF85063 read failed: ESP_ERR_INVALID_CRC
{"schema_version":1,"sequence":361,"uptime_us":3695635262,"utc_valid":false,"utc":"","source":"m1","event":"status","mode":"normal","status":"OK","device_id":"c1810c76790e","app":"d73cadb","idf":"v6.0.2","toolchain":"gcc-15.2.0","image_sha256":"b67bb4381a06dcc6f9eb32696df5648bfd3ca00b67d4c624a950776e13bb7927","partitions":true,"reset_reason":11,"tf":"READY","wifi":"CONNECTING","ap_setup":false,"rtc":true,"shtc3":true,"sensor_valid":true,"temperature_tenths_c":273,"humidity_tenths_percent":474,"key_short":0,"key_long":0,"crc32c":"b7937adc"}
W (3702257) frame-board: PCF85063 read failed: ESP_ERR_INVALID_CRC
{"schema_version":1,"sequence":362,"uptime_us":3705651265,"utc_valid":false,"utc":"","source":"m1","event":"status","mode":"normal","status":"OK","device_id":"c1810c76790e","app":"d73cadb","idf":"v6.0.2","toolchain":"gcc-15.2.0","image_sha256":"b67bb4381a06dcc6f9eb32696df5648bfd3ca00b67d4c624a950776e13bb7927","partitions":true,"reset_reason":11,"tf":"READY","wifi":"CONNECTING","ap_setup":false,"rtc":true,"shtc3":true,"sensor_valid":true,"temperature_tenths_c":272,"humidity_tenths_percent":473,"key_short":0,"key_long":0,"crc32c":"1939a45b"}
W (3712257) frame-board: PCF85063 read failed: ESP_ERR_INVALID_CRC
{"schema_version":1,"sequence":363,"uptime_us":3715667265,"utc_valid":false,"utc":"","source":"m1","event":"status","mode":"normal","status":"OK","device_id":"c1810c76790e","app":"d73cadb","idf":"v6.0.2","toolchain":"gcc-15.2.0","image_sha256":"b67bb4381a06dcc6f9eb32696df5648bfd3ca00b67d4c624a950776e13bb7927","partitions":true,"reset_reason":11,"tf":"READY","wifi":"CONNECTING","ap_setup":false,"rtc":true,"shtc3":true,"sensor_valid":true,"temperature_tenths_c":273,"humidity_tenths_percent":475,"key_short":0,"key_long":0,"crc32c":"6f666ae4"}
W (3722257) frame-board: PCF85063 read failed: ESP_ERR_INVALID_CRC
{"schema_version":1,"sequence":364,"uptime_us":3725683260,"utc_valid":false,"utc":"","source":"m1","event":"status","mode":"normal","status":"OK","device_id":"c1810c76790e","app":"d73cadb","idf":"v6.0.2","toolchain":"gcc-15.2.0","image_sha256":"b67bb4381a06dcc6f9eb32696df5648bfd3ca00b67d4c624a950776e13bb7927","partitions":true,"reset_reason":11,"tf":"READY","wifi":"CONNECTING","ap_setup":false,"rtc":true,"shtc3":true,"sensor_valid":true,"temperature_tenths_c":273,"humidity_tenths_percent":474,"key_short":0,"key_long":0,"crc32c":"fbc94232"}
W (3732258) frame-board: PCF85063 read failed: ESP_ERR_INVALID_CRC
{"schema_version":1,"sequence":365,"uptime_us":3735703260,"utc_valid":false,"utc":"","source":"m1","event":"status","mode":"normal","status":"OK","device_id":"c1810c76790e","app":"d73cadb","idf":"v6.0.2","toolchain":"gcc-15.2.0","image_sha256":"b67bb4381a06dcc6f9eb32696df5648bfd3ca00b67d4c624a950776e13bb7927","partitions":true,"reset_reason":11,"tf":"READY","wifi":"CONNECTING","ap_setup":false,"rtc":true,"shtc3":true,"sensor_valid":true,"temperature_tenths_c":273,"humidity_tenths_percent":473,"key_short":0,"key_long":0,"crc32c":"4edbbce8"}
W (3742260) frame-board: PCF85063 read failed: ESP_ERR_INVALID_CRC
{"schema_version":1,"sequence":366,"uptime_us":3745718259,"utc_valid":false,"utc":"","source":"m1","event":"status","mode":"normal","status":"OK","device_id":"c1810c76790e","app":"d73cadb","idf":"v6.0.2","toolchain":"gcc-15.2.0","image_sha256":"b67bb4381a06dcc6f9eb32696df5648bfd3ca00b67d4c624a950776e13bb7927","partitions":true,"reset_reason":11,"tf":"READY","wifi":"CONNECTING","ap_setup":false,"rtc":true,"shtc3":true,"sensor_valid":true,"temperature_tenths_c":273,"humidity_tenths_percent":474,"key_short":0,"key_long":0,"crc32c":"fae82ba8"}
W (3752261) frame-board: PCF85063 read failed: ESP_ERR_INVALID_CRC
{"schema_version":1,"sequence":367,"uptime_us":3755734267,"utc_valid":false,"utc":"","source":"m1","event":"status","mode":"normal","status":"OK","device_id":"c1810c76790e","app":"d73cadb","idf":"v6.0.2","toolchain":"gcc-15.2.0","image_sha256":"b67bb4381a06dcc6f9eb32696df5648bfd3ca00b67d4c624a950776e13bb7927","partitions":true,"reset_reason":11,"tf":"READY","wifi":"CONNECTING","ap_setup":false,"rtc":true,"shtc3":true,"sensor_valid":true,"temperature_tenths_c":273,"humidity_tenths_percent":472,"key_short":0,"key_long":0,"crc32c":"a68a1163"}
W (3762263) frame-board: PCF85063 read failed: ESP_ERR_INVALID_CRC
{"schema_version":1,"sequence":368,"uptime_us":3765750255,"utc_valid":false,"utc":"","source":"m1","event":"status","mode":"normal","status":"OK","device_id":"c1810c76790e","app":"d73cadb","idf":"v6.0.2","toolchain":"gcc-15.2.0","image_sha256":"b67bb4381a06dcc6f9eb32696df5648bfd3ca00b67d4c624a950776e13bb7927","partitions":true,"reset_reason":11,"tf":"READY","wifi":"CONNECTING","ap_setup":false,"rtc":true,"shtc3":true,"sensor_valid":true,"temperature_tenths_c":273,"humidity_tenths_percent":472,"key_short":0,"key_long":0,"crc32c":"3dbe14fc"}
W (3772272) frame-board: PCF85063 read failed: ESP_ERR_INVALID_CRC
{"schema_version":1,"sequence":369,"uptime_us":3775766259,"utc_valid":false,"utc":"","source":"m1","event":"status","mode":"normal","status":"OK","device_id":"c1810c76790e","app":"d73cadb","idf":"v6.0.2","toolchain":"gcc-15.2.0","image_sha256":"b67bb4381a06dcc6f9eb32696df5648bfd3ca00b67d4c624a950776e13bb7927","partitions":true,"reset_reason":11,"tf":"READY","wifi":"CONNECTING","ap_setup":false,"rtc":true,"shtc3":true,"sensor_valid":true,"temperature_tenths_c":272,"humidity_tenths_percent":474,"key_short":0,"key_long":0,"crc32c":"862d7e8c"}
W (3782282) frame-board: PCF85063 read failed: ESP_ERR_INVALID_CRC
{"schema_version":1,"sequence":370,"uptime_us":3785782261,"utc_valid":false,"utc":"","source":"m1","event":"status","mode":"normal","status":"OK","device_id":"c1810c76790e","app":"d73cadb","idf":"v6.0.2","toolchain":"gcc-15.2.0","image_sha256":"b67bb4381a06dcc6f9eb32696df5648bfd3ca00b67d4c624a950776e13bb7927","partitions":true,"reset_reason":11,"tf":"READY","wifi":"CONNECTING","ap_setup":false,"rtc":true,"shtc3":true,"sensor_valid":true,"temperature_tenths_c":273,"humidity_tenths_percent":473,"key_short":0,"key_long":0,"crc32c":"4da911a3"}
W (3792291) frame-board: PCF85063 read failed: ESP_ERR_INVALID_CRC
{"schema_version":1,"sequence":371,"uptime_us":3795801259,"utc_valid":false,"utc":"","source":"m1","event":"status","mode":"normal","status":"OK","device_id":"c1810c76790e","app":"d73cadb","idf":"v6.0.2","toolchain":"gcc-15.2.0","image_sha256":"b67bb4381a06dcc6f9eb32696df5648bfd3ca00b67d4c624a950776e13bb7927","partitions":true,"reset_reason":11,"tf":"READY","wifi":"CONNECTING","ap_setup":false,"rtc":true,"shtc3":true,"sensor_valid":true,"temperature_tenths_c":272,"humidity_tenths_percent":475,"key_short":0,"key_long":0,"crc32c":"e4e199d0"}
W (3802291) frame-board: PCF85063 read failed: ESP_ERR_INVALID_CRC
{"schema_version":1,"sequence":372,"uptime_us":3805817256,"utc_valid":false,"utc":"","source":"m1","event":"status","mode":"normal","status":"OK","device_id":"c1810c76790e","app":"d73cadb","idf":"v6.0.2","toolchain":"gcc-15.2.0","image_sha256":"b67bb4381a06dcc6f9eb32696df5648bfd3ca00b67d4c624a950776e13bb7927","partitions":true,"reset_reason":11,"tf":"READY","wifi":"CONNECTING","ap_setup":false,"rtc":true,"shtc3":true,"sensor_valid":true,"temperature_tenths_c":273,"humidity_tenths_percent":474,"key_short":0,"key_long":0,"crc32c":"9cabdcff"}
status --json
{"schema_version":1,"firmware":"0.1.0-dev.1","idf":"v6.0.2","toolchain":"gcc-15.2.0","device_id":"c1810c76790e","health":"OK","target_ok":true,"cores":2,"flash_bytes":16777216,"psram_bytes":8388608,"partitions_ok":true,"reset_reason":11,"display":"OK","tf":"READY","rtc":true,"rtc_valid":false,"utc":"","shtc3":true,"sensor_valid":true,"wifi":"CONNECTING","ap_active":false,"credentials_persisted":true,"tf_logging":true,"logging_error":0,"temperature_tenths_c":273,"humidity_tenths_percent":474,"key_short":0,"key_long":0,"elf_sha256":"1e04bf7cd44f4813a9df1b472ef7cc39e25b03a19a8aa2f37e6c316e4466c630","image_sha256":"b67bb4381a06dcc6f9eb32696df5648bfd3ca00b67d4c624a950776e13bb7927"}
frame>  
frame>  
W (3812300) frame-board: PCF85063 read failed: ESP_ERR_INVALID_CRC
{"schema_version":1,"sequence":373,"uptime_us":3815833254,"utc_valid":false,"utc":"","source":"m1","event":"status","mode":"normal","status":"OK","device_id":"c1810c76790e","app":"d73cadb","idf":"v6.0.2","toolchain":"gcc-15.2.0","image_sha256":"b67bb4381a06dcc6f9eb32696df5648bfd3ca00b67d4c624a950776e13bb7927","partitions":true,"reset_reason":11,"tf":"READY","wifi":"CONNECTING","ap_setup":false,"rtc":true,"shtc3":true,"sensor_valid":true,"temperature_tenths_c":273,"humidity_tenths_percent":474,"key_short":0,"key_long":0,"crc32c":"6c09ec1e"}
W (3822301) frame-board: PCF85063 read failed: ESP_ERR_INVALID_CRC
{"schema_version":1,"sequence":374,"uptime_us":3825849260,"utc_valid":false,"utc":"","source":"m1","event":"status","mode":"normal","status":"OK","device_id":"c1810c76790e","app":"d73cadb","idf":"v6.0.2","toolchain":"gcc-15.2.0","image_sha256":"b67bb4381a06dcc6f9eb32696df5648bfd3ca00b67d4c624a950776e13bb7927","partitions":true,"reset_reason":11,"tf":"READY","wifi":"CONNECTING","ap_setup":false,"rtc":true,"shtc3":true,"sensor_valid":true,"temperature_tenths_c":273,"humidity_tenths_percent":473,"key_short":0,"key_long":0,"crc32c":"d52feeb9"}
W (3832302) frame-board: PCF85063 read failed: ESP_ERR_INVALID_CRC
{"schema_version":1,"sequence":375,"uptime_us":3835865266,"utc_valid":false,"utc":"","source":"m1","event":"status","mode":"normal","status":"OK","device_id":"c1810c76790e","app":"d73cadb","idf":"v6.0.2","toolchain":"gcc-15.2.0","image_sha256":"b67bb4381a06dcc6f9eb32696df5648bfd3ca00b67d4c624a950776e13bb7927","partitions":true,"reset_reason":11,"tf":"READY","wifi":"CONNECTING","ap_setup":false,"rtc":true,"shtc3":true,"sensor_valid":true,"temperature_tenths_c":273,"humidity_tenths_percent":472,"key_short":0,"key_long":0,"crc32c":"473233f6"}
W (3842311) frame-board: PCF85063 read failed: ESP_ERR_INVALID_CRC
{"schema_version":1,"sequence":376,"uptime_us":3845881267,"utc_valid":false,"utc":"","source":"m1","event":"status","mode":"normal","status":"OK","device_id":"c1810c76790e","app":"d73cadb","idf":"v6.0.2","toolchain":"gcc-15.2.0","image_sha256":"b67bb4381a06dcc6f9eb32696df5648bfd3ca00b67d4c624a950776e13bb7927","partitions":true,"reset_reason":11,"tf":"READY","wifi":"CONNECTING","ap_setup":false,"rtc":true,"shtc3":true,"sensor_valid":true,"temperature_tenths_c":272,"humidity_tenths_percent":471,"key_short":0,"key_long":0,"crc32c":"a6d4162f"}
W (3852313) frame-board: PCF85063 read failed: ESP_ERR_INVALID_CRC
{"schema_version":1,"sequence":377,"uptime_us":3855898260,"utc_valid":false,"utc":"","source":"m1","event":"status","mode":"normal","status":"OK","device_id":"c1810c76790e","app":"d73cadb","idf":"v6.0.2","toolchain":"gcc-15.2.0","image_sha256":"b67bb4381a06dcc6f9eb32696df5648bfd3ca00b67d4c624a950776e13bb7927","partitions":true,"reset_reason":11,"tf":"READY","wifi":"CONNECTING","ap_setup":false,"rtc":true,"shtc3":true,"sensor_valid":true,"temperature_tenths_c":273,"humidity_tenths_percent":471,"key_short":0,"key_long":0,"crc32c":"917937d2"}
W (3862322) frame-board: PCF85063 read failed: ESP_ERR_INVALID_CRC
{"schema_version":1,"sequence":378,"uptime_us":3865917259,"utc_valid":false,"utc":"","source":"m1","event":"status","mode":"normal","status":"OK","device_id":"c1810c76790e","app":"d73cadb","idf":"v6.0.2","toolchain":"gcc-15.2.0","image_sha256":"b67bb4381a06dcc6f9eb32696df5648bfd3ca00b67d4c624a950776e13bb7927","partitions":true,"reset_reason":11,"tf":"READY","wifi":"CONNECTING","ap_setup":false,"rtc":true,"shtc3":true,"sensor_valid":true,"temperature_tenths_c":273,"humidity_tenths_percent":473,"key_short":0,"key_long":0,"crc32c":"26c4daef"}
W (3872322) frame-board: PCF85063 read failed: ESP_ERR_INVALID_CRC
{"schema_version":1,"sequence":379,"uptime_us":3875933259,"utc_valid":false,"utc":"","source":"m1","event":"status","mode":"normal","status":"OK","device_id":"c1810c76790e","app":"d73cadb","idf":"v6.0.2","toolchain":"gcc-15.2.0","image_sha256":"b67bb4381a06dcc6f9eb32696df5648bfd3ca00b67d4c624a950776e13bb7927","partitions":true,"reset_reason":11,"tf":"READY","wifi":"CONNECTING","ap_setup":false,"rtc":true,"shtc3":true,"sensor_valid":true,"temperature_tenths_c":273,"humidity_tenths_percent":472,"key_short":0,"key_long":0,"crc32c":"d4d89460"}
W (3882331) frame-board: PCF85063 read failed: ESP_ERR_INVALID_CRC
{"schema_version":1,"sequence":380,"uptime_us":3885950262,"utc_valid":false,"utc":"","source":"m1","event":"status","mode":"normal","status":"OK","device_id":"c1810c76790e","app":"d73cadb","idf":"v6.0.2","toolchain":"gcc-15.2.0","image_sha256":"b67bb4381a06dcc6f9eb32696df5648bfd3ca00b67d4c624a950776e13bb7927","partitions":true,"reset_reason":11,"tf":"READY","wifi":"CONNECTING","ap_setup":false,"rtc":true,"shtc3":true,"sensor_valid":true,"temperature_tenths_c":273,"humidity_tenths_percent":470,"key_short":0,"key_long":0,"crc32c":"2f657df9"}
W (3892332) frame-board: PCF85063 read failed: ESP_ERR_INVALID_CRC
{"schema_version":1,"sequence":381,"uptime_us":3895966264,"utc_valid":false,"utc":"","source":"m1","event":"status","mode":"normal","status":"OK","device_id":"c1810c76790e","app":"d73cadb","idf":"v6.0.2","toolchain":"gcc-15.2.0","image_sha256":"b67bb4381a06dcc6f9eb32696df5648bfd3ca00b67d4c624a950776e13bb7927","partitions":true,"reset_reason":11,"tf":"READY","wifi":"CONNECTING","ap_setup":false,"rtc":true,"shtc3":true,"sensor_valid":true,"temperature_tenths_c":272,"humidity_tenths_percent":470,"key_short":0,"key_long":0,"crc32c":"7f637bf2"}
W (3902332) frame-board: PCF85063 read failed: ESP_ERR_INVALID_CRC
{"schema_version":1,"sequence":382,"uptime_us":3905982260,"utc_valid":false,"utc":"","source":"m1","event":"status","mode":"normal","status":"OK","device_id":"c1810c76790e","app":"d73cadb","idf":"v6.0.2","toolchain":"gcc-15.2.0","image_sha256":"b67bb4381a06dcc6f9eb32696df5648bfd3ca00b67d4c624a950776e13bb7927","partitions":true,"reset_reason":11,"tf":"READY","wifi":"CONNECTING","ap_setup":false,"rtc":true,"shtc3":true,"sensor_valid":true,"temperature_tenths_c":273,"humidity_tenths_percent":469,"key_short":0,"key_long":0,"crc32c":"9b10f8ec"}
W (3912332) frame-board: PCF85063 read failed: ESP_ERR_INVALID_CRC
{"schema_version":1,"sequence":383,"uptime_us":3915998258,"utc_valid":false,"utc":"","source":"m1","event":"status","mode":"normal","status":"OK","device_id":"c1810c76790e","app":"d73cadb","idf":"v6.0.2","toolchain":"gcc-15.2.0","image_sha256":"b67bb4381a06dcc6f9eb32696df5648bfd3ca00b67d4c624a950776e13bb7927","partitions":true,"reset_reason":11,"tf":"READY","wifi":"CONNECTING","ap_setup":false,"rtc":true,"shtc3":true,"sensor_valid":true,"temperature_tenths_c":273,"humidity_tenths_percent":468,"key_short":0,"key_long":0,"crc32c":"b0801d4a"}
W (3922334) frame-board: PCF85063 read failed: ESP_ERR_INVALID_CRC
{"schema_version":1,"sequence":384,"uptime_us":3926017256,"utc_valid":false,"utc":"","source":"m1","event":"status","mode":"normal","status":"OK","device_id":"c1810c76790e","app":"d73cadb","idf":"v6.0.2","toolchain":"gcc-15.2.0","image_sha256":"b67bb4381a06dcc6f9eb32696df5648bfd3ca00b67d4c624a950776e13bb7927","partitions":true,"reset_reason":11,"tf":"READY","wifi":"CONNECTING","ap_setup":false,"rtc":true,"shtc3":true,"sensor_valid":true,"temperature_tenths_c":273,"humidity_tenths_percent":467,"key_short":0,"key_long":0,"crc32c":"d4372039"}
