=== task-6 poc-a-dynamic-elf: C++ feature rejection matrix ===
=== worktree cab9664 (T5 cab9664) + T6 changes, board /dev/ttyACM0, 2026-08-31T15:05:42Z ===
=== phase 1: PRE-p4 build (gate4 L1 rejection proof + positive pipeline must stay green) ===
[0;33mCMake presets file found but no preset name given; using 'default' preset[0m
Executing action: all (aliases: build)
Running cmake in directory /home/lain/Projects/esp_study/poc-a-wt/poc/apps/poc_a/${sourceDir}/build/default
Executing "cmake -G Ninja -B /home/lain/Projects/esp_study/poc-a-wt/poc/apps/poc_a/${sourceDir}/build/default -DPYTHON_DEPS_CHECKED=1 -DPYTHON=/home/lain/.espressif/tools/python/v6.0.2/venv/bin/python -DESP_PLATFORM=1 -DCCACHE_ENABLE=False /home/lain/Projects/esp_study/poc-a-wt/poc/apps/poc_a --preset default"...
-- Found Git: /usr/bin/git (found version "2.55.0")
-- Component directory /home/lain/.espressif/v6.0.2/esp-idf/components/mqtt does not contain a CMakeLists.txt file. No component will be added
-- Minimal build - OFF
-- The C compiler identification is GNU 15.2.0
-- The CXX compiler identification is GNU 15.2.0
-- The ASM compiler identification is GNU
-- Found assembler: /home/lain/.espressif/tools/xtensa-esp-elf/esp-15.2.0_20251204/xtensa-esp-elf/bin/xtensa-esp32s3-elf-gcc
-- Detecting C compiler ABI info
-- Detecting C compiler ABI info - done
-- Check for working C compiler: /home/lain/.espressif/tools/xtensa-esp-elf/esp-15.2.0_20251204/xtensa-esp-elf/bin/xtensa-esp32s3-elf-gcc - skipped
-- Detecting C compile features
-- Detecting C compile features - done
-- Detecting CXX compiler ABI info
-- Detecting CXX compiler ABI info - done
-- Check for working CXX compiler: /home/lain/.espressif/tools/xtensa-esp-elf/esp-15.2.0_20251204/xtensa-esp-elf/bin/xtensa-esp32s3-elf-g++ - skipped
-- Detecting CXX compile features
-- Detecting CXX compile features - done
-- Building ESP-IDF components for target esp32s3
NOTICE: Processing 2 dependencies:
NOTICE: [1/2] espressif/cmake_utilities (0.5.3)
NOTICE: [2/2] idf (6.0.2)
-- ESP-TEE is currently supported only on the esp32c6;esp32h2;esp32c5;esp32c61 SoCs
-- KCONFIG_REPORT_VERBOSITY not set, using default
-- Project sdkconfig file /home/lain/Projects/esp_study/poc-a-wt/poc/apps/poc_a/build/default/sdkconfig
NOTE: /home/lain/.espressif/v6.0.2/esp-idf/components/bt/host/nimble/Kconfig.in:1421: BT_NIMBLE_MESH_PROVISIONER: 'default 0' is not a valid bool value (only 'y' and 'n' are allowed). Value is treated as 'n'.
NOTE: /home/lain/.espressif/v6.0.2/esp-idf/components/fatfs/Kconfig:230: FATFS_PRINT_LLI: 'default 0' is not a valid bool value (only 'y' and 'n' are allowed). Value is treated as 'n'.
NOTE: /home/lain/.espressif/v6.0.2/esp-idf/components/fatfs/Kconfig:235: FATFS_PRINT_FLOAT: 'default 0' is not a valid bool value (only 'y' and 'n' are allowed). Value is treated as 'n'.
NOTE: /home/lain/.espressif/v6.0.2/esp-idf/components/bt/sdkconfig.rename.esp32s3:4: duplicate rename mapping for CONFIG_BT_NIMBLE_COEX_PHY_CODED_TX_RX_TLIM_EN: previous target CONFIG_BT_LE_COEX_PHY_CODED_TX_RX_TLIM_EN, new target CONFIG_BT_CTRL_COEX_PHY_CODED_TX_RX_TLIM_EN - last mapping is used
NOTE: /home/lain/.espressif/v6.0.2/esp-idf/components/bt/sdkconfig.rename.esp32s3:5: duplicate rename mapping for CONFIG_BT_NIMBLE_COEX_PHY_CODED_TX_RX_TLIM_DIS: previous target CONFIG_BT_LE_COEX_PHY_CODED_TX_RX_TLIM_DIS, new target CONFIG_BT_CTRL_COEX_PHY_CODED_TX_RX_TLIM_DIS - last mapping is used
Loading defaults file /home/lain/Projects/esp_study/poc-a-wt/poc/apps/poc_a/sdkconfig.defaults...
NOTE: Kconfig parser version: 1
NOTE: Kconfig defaults policy: use sdkconfig
NOTE: Status: Finished successfully
-- Compiler supported targets: xtensa-esp-elf
-- Detecting C compiler ABI info
-- Detecting C compiler ABI info - done
-- Detecting CXX compiler ABI info
-- Detecting CXX compiler ABI info - done
-- Detecting C compiler ABI info
-- Detecting C compiler ABI info - done
-- Detecting CXX compiler ABI info
-- Detecting CXX compiler ABI info - done
-- App "frame_poc_a" version: cab9664-dirty
-- Found Python3: /home/lain/.espressif/tools/python/v6.0.2/venv/bin/python (found version "3.14.7") found components: Interpreter
-- Performing Test CMAKE_HAVE_LIBC_PTHREAD
CMake Error at /home/lain/Projects/esp_study/poc-a-wt/poc/apps/poc_a/${sourceDir}/build/default/CMakeFiles/CMakeScratch/TryCompile-q2f65Q/CMakeLists.txt:23 (target_sources):
  Cannot find source file:

    /home/lain/Projects/esp_study/poc-a-wt/poc/apps/poc_a/build/default/CMakeFiles/CMakeScratch/TryCompile-q2f65Q/src.c


CMake Error at /home/lain/Projects/esp_study/poc-a-wt/poc/apps/poc_a/${sourceDir}/build/default/CMakeFiles/CMakeScratch/TryCompile-q2f65Q/CMakeLists.txt:22 (add_executable):
  No SOURCES given to target: cmTC_d05f6


CMake Error at /usr/share/cmake/Modules/Internal/CheckSourceCompiles.cmake:81 (try_compile):
  Failed to generate test project build system.
Call Stack (most recent call first):
  /usr/share/cmake/Modules/CheckCSourceCompiles.cmake:103 (cmake_check_source_compiles)
  /usr/share/cmake/Modules/FindThreads.cmake:160 (check_c_source_compiles)
  /usr/share/cmake/Modules/FindThreads.cmake:226 (_threads_check_libc)
  /home/lain/.espressif/v6.0.2/esp-idf/components/mbedtls/mbedtls/CMakeLists.txt:127 (find_package)


-- Configuring incomplete, errors occurred!
cmake failed with exit code 1, output of the command is in the /home/lain/Projects/esp_study/poc-a-wt/poc/apps/poc_a/${sourceDir}/build/default/log/idf_py_stderr_output_356832 and /home/lain/Projects/esp_study/poc-a-wt/poc/apps/poc_a/${sourceDir}/build/default/log/idf_py_stdout_output_356832
BUILD_RC=2
--- configure: cmake --preset default (CI convention) ---
-- Found Git: /usr/bin/git (found version "2.55.0")
-- Component directory /home/lain/.espressif/v6.0.2/esp-idf/components/mqtt does not contain a CMakeLists.txt file. No component will be added
-- Minimal build - OFF
-- The C compiler identification is GNU 15.2.0
-- The CXX compiler identification is GNU 15.2.0
-- The ASM compiler identification is GNU
-- Found assembler: /home/lain/.espressif/tools/xtensa-esp-elf/esp-15.2.0_20251204/xtensa-esp-elf/bin/xtensa-esp32s3-elf-gcc
-- Detecting C compiler ABI info
-- Detecting C compiler ABI info - done
-- Check for working C compiler: /home/lain/.espressif/tools/xtensa-esp-elf/esp-15.2.0_20251204/xtensa-esp-elf/bin/xtensa-esp32s3-elf-gcc - skipped
-- Detecting C compile features
-- Detecting C compile features - done
-- Detecting CXX compiler ABI info
-- Detecting CXX compiler ABI info - done
-- Check for working CXX compiler: /home/lain/.espressif/tools/xtensa-esp-elf/esp-15.2.0_20251204/xtensa-esp-elf/bin/xtensa-esp32s3-elf-g++ - skipped
-- Detecting CXX compile features
-- Detecting CXX compile features - done
-- Building ESP-IDF components for target esp32s3
-- Checking Python dependencies...
Python requirements are satisfied.
Constraint file: /home/lain/.espressif/tools/espidf.constraints.v6.0.txt
Requirement files:
 - /home/lain/.espressif/v6.0.2/esp-idf/tools/requirements/requirements.core.txt
Python being checked: /home/lain/.espressif/tools/python/v6.0.2/venv/bin/python
NOTICE: Processing 2 dependencies:
NOTICE: [1/2] espressif/cmake_utilities (0.5.3)
NOTICE: [2/2] idf (6.0.2)
-- ESP-TEE is currently supported only on the esp32c6;esp32h2;esp32c5;esp32c61 SoCs
-- KCONFIG_REPORT_VERBOSITY not set, using default
-- Project sdkconfig file /home/lain/Projects/esp_study/poc-a-wt/poc/apps/poc_a/build/default/sdkconfig
NOTE: /home/lain/.espressif/v6.0.2/esp-idf/components/bt/host/nimble/Kconfig.in:1421: BT_NIMBLE_MESH_PROVISIONER: 'default 0' is not a valid bool value (only 'y' and 'n' are allowed). Value is treated as 'n'.
NOTE: /home/lain/.espressif/v6.0.2/esp-idf/components/fatfs/Kconfig:230: FATFS_PRINT_LLI: 'default 0' is not a valid bool value (only 'y' and 'n' are allowed). Value is treated as 'n'.
NOTE: /home/lain/.espressif/v6.0.2/esp-idf/components/fatfs/Kconfig:235: FATFS_PRINT_FLOAT: 'default 0' is not a valid bool value (only 'y' and 'n' are allowed). Value is treated as 'n'.
NOTE: /home/lain/.espressif/v6.0.2/esp-idf/components/bt/sdkconfig.rename.esp32s3:4: duplicate rename mapping for CONFIG_BT_NIMBLE_COEX_PHY_CODED_TX_RX_TLIM_EN: previous target CONFIG_BT_LE_COEX_PHY_CODED_TX_RX_TLIM_EN, new target CONFIG_BT_CTRL_COEX_PHY_CODED_TX_RX_TLIM_EN - last mapping is used
NOTE: /home/lain/.espressif/v6.0.2/esp-idf/components/bt/sdkconfig.rename.esp32s3:5: duplicate rename mapping for CONFIG_BT_NIMBLE_COEX_PHY_CODED_TX_RX_TLIM_DIS: previous target CONFIG_BT_LE_COEX_PHY_CODED_TX_RX_TLIM_DIS, new target CONFIG_BT_CTRL_COEX_PHY_CODED_TX_RX_TLIM_DIS - last mapping is used
Loading defaults file /home/lain/Projects/esp_study/poc-a-wt/poc/apps/poc_a/sdkconfig.defaults...
NOTE: Kconfig parser version: 1
NOTE: Kconfig defaults policy: use sdkconfig
NOTE: Status: Finished successfully
-- Compiler supported targets: xtensa-esp-elf
-- Detecting C compiler ABI info
-- Detecting C compiler ABI info - done
-- Detecting CXX compiler ABI info
-- Detecting CXX compiler ABI info - done
-- Detecting C compiler ABI info
-- Detecting C compiler ABI info - done
-- Detecting CXX compiler ABI info
-- Detecting CXX compiler ABI info - done
-- App "frame_poc_a" version: cab9664-dirty
-- Found Python3: /home/lain/.espressif/tools/python/v6.0.2/venv/bin/python3.14 (found version "3.14.7") found components: Interpreter
-- Performing Test CMAKE_HAVE_LIBC_PTHREAD
-- Performing Test CMAKE_HAVE_LIBC_PTHREAD - Success
-- Found Threads: TRUE
-- Performing Test C_COMPILER_SUPPORTS_WFORMAT_SIGNEDNESS
-- Performing Test C_COMPILER_SUPPORTS_WFORMAT_SIGNEDNESS - Success
-- Setting up mbedtls configuration
-- Linkage type is PUBLIC
-- Adding linker script /home/lain/.espressif/v6.0.2/esp-idf/components/esp_hal_wdt/esp32s3/rom.wdt.ld
-- Adding linker script /home/lain/.espressif/v6.0.2/esp-idf/components/esp_system/ld/esp32s3/memory.ld.in
--   -> Preprocessing .in script: /home/lain/.espressif/v6.0.2/esp-idf/components/esp_system/ld/esp32s3/memory.ld.in
-- Adding linker script /home/lain/.espressif/v6.0.2/esp-idf/components/esp_system/ld/esp32s3/sections.ld.in
--   -> Preprocessing .in script: /home/lain/.espressif/v6.0.2/esp-idf/components/esp_system/ld/esp32s3/sections.ld.in
--   -> Applying ldgen processing: /home/lain/Projects/esp_study/poc-a-wt/poc/apps/poc_a/build/default/esp-idf/esp_system/ld/sections.ld.in
-- Adding linker script /home/lain/.espressif/v6.0.2/esp-idf/components/esp_rom/esp32s3/ld/esp32s3.rom.ld
-- Adding linker script /home/lain/.espressif/v6.0.2/esp-idf/components/esp_rom/esp32s3/ld/esp32s3.rom.api.ld
-- Adding linker script /home/lain/.espressif/v6.0.2/esp-idf/components/esp_rom/esp32s3/ld/esp32s3.rom.bt_funcs.ld
-- Adding linker script /home/lain/.espressif/v6.0.2/esp-idf/components/esp_rom/esp32s3/ld/esp32s3.rom.libgcc.ld
-- Adding linker script /home/lain/.espressif/v6.0.2/esp-idf/components/esp_rom/esp32s3/ld/esp32s3.rom.version.ld
-- Adding linker script /home/lain/.espressif/v6.0.2/esp-idf/components/esp_rom/esp32s3/ld/esp32s3.rom.ble_master.ld
-- Adding linker script /home/lain/.espressif/v6.0.2/esp-idf/components/esp_rom/esp32s3/ld/esp32s3.rom.ble_50.ld
-- Adding linker script /home/lain/.espressif/v6.0.2/esp-idf/components/esp_rom/esp32s3/ld/esp32s3.rom.ble_smp.ld
-- Adding linker script /home/lain/.espressif/v6.0.2/esp-idf/components/esp_rom/esp32s3/ld/esp32s3.rom.ble_dtm.ld
-- Adding linker script /home/lain/.espressif/v6.0.2/esp-idf/components/esp_rom/esp32s3/ld/esp32s3.rom.ble_test.ld
-- Adding linker script /home/lain/.espressif/v6.0.2/esp-idf/components/esp_rom/esp32s3/ld/esp32s3.rom.ble_scan.ld
-- Adding linker script /home/lain/.espressif/v6.0.2/esp-idf/components/esp_rom/esp32s3/ld/esp32s3.rom.libc.ld
-- Adding linker script /home/lain/.espressif/v6.0.2/esp-idf/components/soc/esp32s3/ld/esp32s3.peripherals.ld
-- ELF_LOADER: 1.3.3
-- [poca-plugin] pubkey key_id=e5677a1c point=0x04||X||Y(64B) -> /home/lain/Projects/esp_study/poc-a-wt/poc/apps/poc_a/build/default/plugins/generated/poca_pubkey.h
-- [poca-plugin] registered baseline (entry frame_plugin_entry, version 1.0.0)
-- [poca-plugin] registered globdat (entry frame_plugin_entry, version 1.0.0)
-- [poca-plugin] registered plt (entry frame_plugin_entry, version 1.0.0)
-- [poca-plugin] registered import_neg (entry frame_plugin_entry, version 1.0.0)
-- [cxx-probe] registered cxx_ctor (entry frame_plugin_entry, expect-reject: forbidden C++ feature section;\.ctors)
-- [cxx-probe] registered cxx_dtor (entry frame_plugin_entry, expect-reject: forbidden C++ feature section;\.dtors)
-- [cxx-probe] registered cxx_tls (entry frame_plugin_entry, expect-reject: relocation allowlist violated;R_XTENSA_TLS)
-- [cxx-probe] registered cxx_exceptions (entry frame_plugin_entry, expect-reject: forbidden C++ feature section;\.eh_frame)
-- [cxx-probe] registered cxx_rtti (entry frame_plugin_entry, expect-reject: import gate failed;__dynamic_cast)
-- [cxx-probe] registered cxx_unwind (entry frame_plugin_entry, expect-reject: forbidden C++ feature section;\.eh_frame)
-- Component idf::esp_trace will be linked with -Wl,--whole-archive
-- Components: app_trace app_update bootloader bootloader_support bt cmock console cxx driver efuse elf_loader esp-tls esp_adc esp_app_format esp_blockdev esp_blockdev_util esp_bootloader_format esp_coex esp_common esp_driver_ana_cmpr esp_driver_bitscrambler esp_driver_cam esp_driver_dac esp_driver_dma esp_driver_gpio esp_driver_gptimer esp_driver_i2c esp_driver_i2s esp_driver_i3c esp_driver_isp esp_driver_jpeg esp_driver_ledc esp_driver_mcpwm esp_driver_parlio esp_driver_pcnt esp_driver_ppa esp_driver_rmt esp_driver_sd_intf esp_driver_sdio esp_driver_sdm esp_driver_sdmmc esp_driver_sdspi esp_driver_spi esp_driver_touch_sens esp_driver_tsens esp_driver_twai esp_driver_uart esp_driver_usb_serial_jtag esp_eth esp_event esp_gdbstub esp_hal_ana_cmpr esp_hal_ana_conv esp_hal_cam esp_hal_clock esp_hal_dma esp_hal_gpio esp_hal_gpspi esp_hal_i2c esp_hal_i2s esp_hal_ieee802154 esp_hal_jpeg esp_hal_lcd esp_hal_ledc esp_hal_mcpwm esp_hal_mspi esp_hal_parlio esp_hal_pcnt esp_hal_pmu esp_hal_ppa esp_hal_rmt esp_hal_rtc_timer esp_hal_sd esp_hal_security esp_hal_timg esp_hal_touch_sens esp_hal_twai esp_hal_uart esp_hal_usb esp_hal_wdt esp_hid esp_http_client esp_http_server esp_https_ota esp_https_server esp_hw_support esp_lcd esp_libc esp_local_ctrl esp_mm esp_netif esp_netif_stack esp_partition esp_phy esp_pm esp_psram esp_ringbuf esp_rom esp_security esp_stdio esp_system esp_timer esp_trace esp_usb_cdc_rom_console esp_wifi espcoredump espressif__cmake_utilities esptool_py fatfs frame_poc_mpb frame_poc_runtime freertos hal heap http_parser idf_test ieee802154 log lwip main mbedtls nvs_flash nvs_sec_provider openthread partition_table perfmon protobuf-c protocomm pthread rt sdmmc soc spi_flash spiffs tcp_transport ulp unity vfs wear_levelling wpa_supplicant xtensa
-- Component paths: /home/lain/.espressif/v6.0.2/esp-idf/components/app_trace /home/lain/.espressif/v6.0.2/esp-idf/components/app_update /home/lain/.espressif/v6.0.2/esp-idf/components/bootloader /home/lain/.espressif/v6.0.2/esp-idf/components/bootloader_support /home/lain/.espressif/v6.0.2/esp-idf/components/bt /home/lain/.espressif/v6.0.2/esp-idf/components/cmock /home/lain/.espressif/v6.0.2/esp-idf/components/console /home/lain/.espressif/v6.0.2/esp-idf/components/cxx /home/lain/.espressif/v6.0.2/esp-idf/components/driver /home/lain/.espressif/v6.0.2/esp-idf/components/efuse /home/lain/Projects/esp_study/poc-a-wt/poc/apps/poc_a/components/elf_loader /home/lain/.espressif/v6.0.2/esp-idf/components/esp-tls /home/lain/.espressif/v6.0.2/esp-idf/components/esp_adc /home/lain/.espressif/v6.0.2/esp-idf/components/esp_app_format /home/lain/.espressif/v6.0.2/esp-idf/components/esp_blockdev /home/lain/.espressif/v6.0.2/esp-idf/components/esp_blockdev_util /home/lain/.espressif/v6.0.2/esp-idf/components/esp_bootloader_format /home/lain/.espressif/v6.0.2/esp-idf/components/esp_coex /home/lain/.espressif/v6.0.2/esp-idf/components/esp_common /home/lain/.espressif/v6.0.2/esp-idf/components/esp_driver_ana_cmpr /home/lain/.espressif/v6.0.2/esp-idf/components/esp_driver_bitscrambler /home/lain/.espressif/v6.0.2/esp-idf/components/esp_driver_cam /home/lain/.espressif/v6.0.2/esp-idf/components/esp_driver_dac /home/lain/.espressif/v6.0.2/esp-idf/components/esp_driver_dma /home/lain/.espressif/v6.0.2/esp-idf/components/esp_driver_gpio /home/lain/.espressif/v6.0.2/esp-idf/components/esp_driver_gptimer /home/lain/.espressif/v6.0.2/esp-idf/components/esp_driver_i2c /home/lain/.espressif/v6.0.2/esp-idf/components/esp_driver_i2s /home/lain/.espressif/v6.0.2/esp-idf/components/esp_driver_i3c /home/lain/.espressif/v6.0.2/esp-idf/components/esp_driver_isp /home/lain/.espressif/v6.0.2/esp-idf/components/esp_driver_jpeg /home/lain/.espressif/v6.0.2/esp-idf/components/esp_driver_ledc /home/lain/.espressif/v6.0.2/esp-idf/components/esp_driver_mcpwm /home/lain/.espressif/v6.0.2/esp-idf/components/esp_driver_parlio /home/lain/.espressif/v6.0.2/esp-idf/components/esp_driver_pcnt /home/lain/.espressif/v6.0.2/esp-idf/components/esp_driver_ppa /home/lain/.espressif/v6.0.2/esp-idf/components/esp_driver_rmt /home/lain/.espressif/v6.0.2/esp-idf/components/esp_driver_sd_intf /home/lain/.espressif/v6.0.2/esp-idf/components/esp_driver_sdio /home/lain/.espressif/v6.0.2/esp-idf/components/esp_driver_sdm /home/lain/.espressif/v6.0.2/esp-idf/components/esp_driver_sdmmc /home/lain/.espressif/v6.0.2/esp-idf/components/esp_driver_sdspi /home/lain/.espressif/v6.0.2/esp-idf/components/esp_driver_spi /home/lain/.espressif/v6.0.2/esp-idf/components/esp_driver_touch_sens /home/lain/.espressif/v6.0.2/esp-idf/components/esp_driver_tsens /home/lain/.espressif/v6.0.2/esp-idf/components/esp_driver_twai /home/lain/.espressif/v6.0.2/esp-idf/components/esp_driver_uart /home/lain/.espressif/v6.0.2/esp-idf/components/esp_driver_usb_serial_jtag /home/lain/.espressif/v6.0.2/esp-idf/components/esp_eth /home/lain/.espressif/v6.0.2/esp-idf/components/esp_event /home/lain/.espressif/v6.0.2/esp-idf/components/esp_gdbstub /home/lain/.espressif/v6.0.2/esp-idf/components/esp_hal_ana_cmpr /home/lain/.espressif/v6.0.2/esp-idf/components/esp_hal_ana_conv /home/lain/.espressif/v6.0.2/esp-idf/components/esp_hal_cam /home/lain/.espressif/v6.0.2/esp-idf/components/esp_hal_clock /home/lain/.espressif/v6.0.2/esp-idf/components/esp_hal_dma /home/lain/.espressif/v6.0.2/esp-idf/components/esp_hal_gpio /home/lain/.espressif/v6.0.2/esp-idf/components/esp_hal_gpspi /home/lain/.espressif/v6.0.2/esp-idf/components/esp_hal_i2c /home/lain/.espressif/v6.0.2/esp-idf/components/esp_hal_i2s /home/lain/.espressif/v6.0.2/esp-idf/components/esp_hal_ieee802154 /home/lain/.espressif/v6.0.2/esp-idf/components/esp_hal_jpeg /home/lain/.espressif/v6.0.2/esp-idf/components/esp_hal_lcd /home/lain/.espressif/v6.0.2/esp-idf/components/esp_hal_ledc /home/lain/.espressif/v6.0.2/esp-idf/components/esp_hal_mcpwm /home/lain/.espressif/v6.0.2/esp-idf/components/esp_hal_mspi /home/lain/.espressif/v6.0.2/esp-idf/components/esp_hal_parlio /home/lain/.espressif/v6.0.2/esp-idf/components/esp_hal_pcnt /home/lain/.espressif/v6.0.2/esp-idf/components/esp_hal_pmu /home/lain/.espressif/v6.0.2/esp-idf/components/esp_hal_ppa /home/lain/.espressif/v6.0.2/esp-idf/components/esp_hal_rmt /home/lain/.espressif/v6.0.2/esp-idf/components/esp_hal_rtc_timer /home/lain/.espressif/v6.0.2/esp-idf/components/esp_hal_sd /home/lain/.espressif/v6.0.2/esp-idf/components/esp_hal_security /home/lain/.espressif/v6.0.2/esp-idf/components/esp_hal_timg /home/lain/.espressif/v6.0.2/esp-idf/components/esp_hal_touch_sens /home/lain/.espressif/v6.0.2/esp-idf/components/esp_hal_twai /home/lain/.espressif/v6.0.2/esp-idf/components/esp_hal_uart /home/lain/.espressif/v6.0.2/esp-idf/components/esp_hal_usb /home/lain/.espressif/v6.0.2/esp-idf/components/esp_hal_wdt /home/lain/.espressif/v6.0.2/esp-idf/components/esp_hid /home/lain/.espressif/v6.0.2/esp-idf/components/esp_http_client /home/lain/.espressif/v6.0.2/esp-idf/components/esp_http_server /home/lain/.espressif/v6.0.2/esp-idf/components/esp_https_ota /home/lain/.espressif/v6.0.2/esp-idf/components/esp_https_server /home/lain/.espressif/v6.0.2/esp-idf/components/esp_hw_support /home/lain/.espressif/v6.0.2/esp-idf/components/esp_lcd /home/lain/.espressif/v6.0.2/esp-idf/components/esp_libc /home/lain/.espressif/v6.0.2/esp-idf/components/esp_local_ctrl /home/lain/.espressif/v6.0.2/esp-idf/components/esp_mm /home/lain/.espressif/v6.0.2/esp-idf/components/esp_netif /home/lain/.espressif/v6.0.2/esp-idf/components/esp_netif_stack /home/lain/.espressif/v6.0.2/esp-idf/components/esp_partition /home/lain/.espressif/v6.0.2/esp-idf/components/esp_phy /home/lain/.espressif/v6.0.2/esp-idf/components/esp_pm /home/lain/.espressif/v6.0.2/esp-idf/components/esp_psram /home/lain/.espressif/v6.0.2/esp-idf/components/esp_ringbuf /home/lain/.espressif/v6.0.2/esp-idf/components/esp_rom /home/lain/.espressif/v6.0.2/esp-idf/components/esp_security /home/lain/.espressif/v6.0.2/esp-idf/components/esp_stdio /home/lain/.espressif/v6.0.2/esp-idf/components/esp_system /home/lain/.espressif/v6.0.2/esp-idf/components/esp_timer /home/lain/.espressif/v6.0.2/esp-idf/components/esp_trace /home/lain/.espressif/v6.0.2/esp-idf/components/esp_usb_cdc_rom_console /home/lain/.espressif/v6.0.2/esp-idf/components/esp_wifi /home/lain/.espressif/v6.0.2/esp-idf/components/espcoredump /home/lain/Projects/esp_study/poc-a-wt/poc/apps/poc_a/managed_components/espressif__cmake_utilities /home/lain/.espressif/v6.0.2/esp-idf/components/esptool_py /home/lain/.espressif/v6.0.2/esp-idf/components/fatfs /home/lain/Projects/esp_study/poc-a-wt/poc/common/components/frame_poc_mpb /home/lain/Projects/esp_study/poc-a-wt/poc/common/components/frame_poc_runtime /home/lain/.espressif/v6.0.2/esp-idf/components/freertos /home/lain/.espressif/v6.0.2/esp-idf/components/hal /home/lain/.espressif/v6.0.2/esp-idf/components/heap /home/lain/.espressif/v6.0.2/esp-idf/components/http_parser /home/lain/.espressif/v6.0.2/esp-idf/components/idf_test /home/lain/.espressif/v6.0.2/esp-idf/components/ieee802154 /home/lain/.espressif/v6.0.2/esp-idf/components/log /home/lain/.espressif/v6.0.2/esp-idf/components/lwip /home/lain/Projects/esp_study/poc-a-wt/poc/apps/poc_a/main /home/lain/.espressif/v6.0.2/esp-idf/components/mbedtls /home/lain/.espressif/v6.0.2/esp-idf/components/nvs_flash /home/lain/.espressif/v6.0.2/esp-idf/components/nvs_sec_provider /home/lain/.espressif/v6.0.2/esp-idf/components/openthread /home/lain/.espressif/v6.0.2/esp-idf/components/partition_table /home/lain/.espressif/v6.0.2/esp-idf/components/perfmon /home/lain/.espressif/v6.0.2/esp-idf/components/protobuf-c /home/lain/.espressif/v6.0.2/esp-idf/components/protocomm /home/lain/.espressif/v6.0.2/esp-idf/components/pthread /home/lain/.espressif/v6.0.2/esp-idf/components/rt /home/lain/.espressif/v6.0.2/esp-idf/components/sdmmc /home/lain/.espressif/v6.0.2/esp-idf/components/soc /home/lain/.espressif/v6.0.2/esp-idf/components/spi_flash /home/lain/.espressif/v6.0.2/esp-idf/components/spiffs /home/lain/.espressif/v6.0.2/esp-idf/components/tcp_transport /home/lain/.espressif/v6.0.2/esp-idf/components/ulp /home/lain/.espressif/v6.0.2/esp-idf/components/unity /home/lain/.espressif/v6.0.2/esp-idf/components/vfs /home/lain/.espressif/v6.0.2/esp-idf/components/wear_levelling /home/lain/.espressif/v6.0.2/esp-idf/components/wpa_supplicant /home/lain/.espressif/v6.0.2/esp-idf/components/xtensa
-- Frame platform: IDF 7101770dc6db2667b3c477cc31365dd1acd6db4e, xtensa-esp-elf GCC 15.2.0, esp32s3
-- Configuring done (6.4s)
-- Generating done (0.6s)
-- Build files have been written to: /home/lain/Projects/esp_study/poc-a-wt/poc/apps/poc_a/build/default
CONFIGURE_RC=0
--- build: cmake --build --preset default ---
[1/1143] [poca-plugin] compile import_neg.o
[2/1143] Preprocessing linker script /home/lain/.espressif/v6.0.2/esp-idf/components/esp_system/ld/esp32s3/memory.ld.in -> /home/lain/Projects/esp_study/poc-a-wt/poc/apps/poc_a/build/default/esp-idf/esp_system/ld/memory.ld
[3/1143] [poca-plugin] link import_neg.elf
[4/1143] [poca-plugin] compile globdat.o
[5/1143] Preprocessing linker script /home/lain/.espressif/v6.0.2/esp-idf/components/esp_system/ld/esp32s3/sections.ld.in -> /home/lain/Projects/esp_study/poc-a-wt/poc/apps/poc_a/build/default/esp-idf/esp_system/ld/sections.ld.in
[6/1143] [poca-plugin] compile baseline.o
[7/1143] [poca-plugin] strip import_neg.elf (keep frame_plugin_entry)
[8/1143] [poca-plugin] compile plt.o
[9/1143] [cxx-probe] compile cxx_tls.o (flags: )
[10/1143] [cxx-probe] compile cxx_ctor.o (flags: )
[11/1143] [poca-plugin] link globdat.elf
[12/1143] [cxx-probe] compile cxx_dtor.o (flags: )
[13/1143] Building C object esp-idf/esp_http_server/CMakeFiles/__idf_esp_http_server.dir/src/util/ctrl_sock.c.obj
[14/1143] Building C object esp-idf/esp_http_server/CMakeFiles/__idf_esp_http_server.dir/src/httpd_ws.c.obj
[15/1143] Building C object esp-idf/esp_http_server/CMakeFiles/__idf_esp_http_server.dir/src/httpd_uri.c.obj
[16/1143] Building C object esp-idf/esp_http_server/CMakeFiles/__idf_esp_http_server.dir/src/httpd_sess.c.obj
[17/1143] Building C object esp-idf/esp_http_server/CMakeFiles/__idf_esp_http_server.dir/src/httpd_main.c.obj
[18/1143] Building C object esp-idf/esp_http_server/CMakeFiles/__idf_esp_http_server.dir/src/httpd_parse.c.obj
[19/1143] Building C object esp-idf/esp_https_ota/CMakeFiles/__idf_esp_https_ota.dir/src/esp_https_ota.c.obj
[20/1143] Building C object esp-idf/esp_http_server/CMakeFiles/__idf_esp_http_server.dir/src/httpd_txrx.c.obj
[21/1143] Building C object esp-idf/esp_http_client/CMakeFiles/__idf_esp_http_client.dir/lib/http_header.c.obj
[22/1143] Linking C static library esp-idf/esp_https_ota/libesp_https_ota.a
[23/1143] Building C object esp-idf/esp_http_client/CMakeFiles/__idf_esp_http_client.dir/lib/http_utils.c.obj
[24/1143] Linking C static library esp-idf/esp_http_server/libesp_http_server.a
[25/1143] Building C object esp-idf/esp_http_client/CMakeFiles/__idf_esp_http_client.dir/lib/http_auth.c.obj
[26/1143] Building C object esp-idf/tcp_transport/CMakeFiles/__idf_tcp_transport.dir/transport_internal.c.obj
[27/1143] Building C object esp-idf/tcp_transport/CMakeFiles/__idf_tcp_transport.dir/transport_socks_proxy.c.obj
[28/1143] Building C object esp-idf/tcp_transport/CMakeFiles/__idf_tcp_transport.dir/transport.c.obj
[29/1143] Building C object esp-idf/tcp_transport/CMakeFiles/__idf_tcp_transport.dir/transport_ssl.c.obj
[30/1143] Building C object esp-idf/esp_driver_i2s/CMakeFiles/__idf_esp_driver_i2s.dir/i2s_platform.c.obj
[31/1143] Building C object esp-idf/esp_driver_i2s/CMakeFiles/__idf_esp_driver_i2s.dir/i2s_std.c.obj
[32/1143] Building C object esp-idf/esp_driver_i2s/CMakeFiles/__idf_esp_driver_i2s.dir/i2s_tdm.c.obj
[33/1143] Building C object esp-idf/esp_adc/CMakeFiles/__idf_esp_adc.dir/adc_cali.c.obj
[34/1143] Building C object esp-idf/esp_driver_i2s/CMakeFiles/__idf_esp_driver_i2s.dir/i2s_common.c.obj
[35/1143] Building C object esp-idf/tcp_transport/CMakeFiles/__idf_tcp_transport.dir/transport_ws.c.obj
[36/1143] Building C object esp-idf/esp_adc/CMakeFiles/__idf_esp_adc.dir/adc_oneshot.c.obj
[37/1143] Building C object esp-idf/esp_http_client/CMakeFiles/__idf_esp_http_client.dir/esp_http_client.c.obj
[38/1143] Building C object esp-idf/esp_adc/CMakeFiles/__idf_esp_adc.dir/adc_common.c.obj
[39/1143] Building C object esp-idf/esp_driver_i2s/CMakeFiles/__idf_esp_driver_i2s.dir/i2s_pdm.c.obj
[40/1143] Building C object esp-idf/esp_adc/CMakeFiles/__idf_esp_adc.dir/adc_cali_curve_fitting.c.obj
[41/1143] Linking C static library esp-idf/esp_http_client/libesp_http_client.a
[42/1143] Building C object esp-idf/esp_adc/CMakeFiles/__idf_esp_adc.dir/esp32s3/curve_fitting_coefficients.c.obj
[43/1143] Linking C static library esp-idf/tcp_transport/libtcp_transport.a
[44/1143] Building C object esp-idf/esp_adc/CMakeFiles/__idf_esp_adc.dir/gdma/adc_dma.c.obj
[45/1143] Linking C static library esp-idf/esp_driver_i2s/libesp_driver_i2s.a
[46/1143] Building C object esp-idf/esp-tls/CMakeFiles/__idf_esp-tls.dir/esp-tls-crypto/esp_tls_crypto.c.obj
[47/1143] Building C object esp-idf/esp_adc/CMakeFiles/__idf_esp_adc.dir/adc_monitor.c.obj
[48/1143] Building C object esp-idf/esp-tls/CMakeFiles/__idf_esp-tls.dir/esp_tls_platform_port.c.obj
[49/1143] Building C object esp-idf/esp_adc/CMakeFiles/__idf_esp_adc.dir/adc_filter.c.obj
[50/1143] Building C object esp-idf/esp-tls/CMakeFiles/__idf_esp-tls.dir/esp_tls_error_capture.c.obj
[51/1143] Building C object esp-idf/esp_adc/CMakeFiles/__idf_esp_adc.dir/adc_continuous.c.obj
[52/1143] Building C object esp-idf/esp_hal_i2c/CMakeFiles/__idf_esp_hal_i2c.dir/esp32s3/i2c_periph.c.obj
[53/1143] Building C object esp-idf/esp_hal_i2c/CMakeFiles/__idf_esp_hal_i2c.dir/i2c_hal_iram.c.obj
[54/1143] Linking C static library esp-idf/esp_adc/libesp_adc.a
[55/1143] Building C object esp-idf/esp_hal_i2c/CMakeFiles/__idf_esp_hal_i2c.dir/i2c_hal.c.obj
[56/1143] Building ASM object esp-idf/esp_gdbstub/CMakeFiles/__idf_esp_gdbstub.dir/src/port/xtensa/gdbstub-entry.S.obj
[57/1143] Building ASM object esp-idf/esp_gdbstub/CMakeFiles/__idf_esp_gdbstub.dir/src/port/xtensa/xt_debugexception.S.obj
[58/1143] Building C object esp-idf/esp_gdbstub/CMakeFiles/__idf_esp_gdbstub.dir/src/gdbstub_transport.c.obj
[59/1143] Building C object esp-idf/esp_gdbstub/CMakeFiles/__idf_esp_gdbstub.dir/src/packet.c.obj
[60/1143] Building C object esp-idf/esp-tls/CMakeFiles/__idf_esp-tls.dir/esp_tls.c.obj
[61/1143] Building C object esp-idf/esp_gdbstub/CMakeFiles/__idf_esp_gdbstub.dir/src/port/xtensa/gdbstub_xtensa.c.obj
[62/1143] Building C object esp-idf/esp_wifi/CMakeFiles/__idf_esp_wifi.dir/src/lib_printf.c.obj
[63/1143] Building C object esp-idf/esp_gdbstub/CMakeFiles/__idf_esp_gdbstub.dir/src/gdbstub.c.obj
[64/1143] Building C object esp-idf/esp_wifi/CMakeFiles/__idf_esp_wifi.dir/src/mesh_event.c.obj
[65/1143] Building C object esp-idf/esp_wifi/CMakeFiles/__idf_esp_wifi.dir/src/smartconfig.c.obj
[66/1143] Building C object esp-idf/esp_wifi/CMakeFiles/__idf_esp_wifi.dir/src/wifi_default_ap.c.obj
[67/1143] Building C object esp-idf/esp-tls/CMakeFiles/__idf_esp-tls.dir/esp_tls_mbedtls.c.obj
[68/1143] Building C object esp-idf/esp_wifi/CMakeFiles/__idf_esp_wifi.dir/src/wifi_init.c.obj
[69/1143] Building C object esp-idf/esp_wifi/CMakeFiles/__idf_esp_wifi.dir/src/wifi_netif.c.obj
[70/1143] Building C object esp-idf/esp_coex/CMakeFiles/__idf_esp_coex.dir/src/coexist_debug_diagram.c.obj
[71/1143] Building C object esp-idf/esp_wifi/CMakeFiles/__idf_esp_wifi.dir/regulatory/esp_wifi_regulatory.c.obj
[72/1143] Linking C static library esp-idf/esp-tls/libesp-tls.a
[73/1143] Building C object esp-idf/esp_wifi/CMakeFiles/__idf_esp_wifi.dir/src/wifi_default.c.obj
[74/1143] Building C object esp-idf/esp_coex/CMakeFiles/__idf_esp_coex.dir/src/coexist_debug.c.obj
[75/1143] Building C object esp-idf/esp_wifi/CMakeFiles/__idf_esp_wifi.dir/esp32s3/esp_adapter.c.obj
[76/1143] Building C object esp-idf/esp_coex/CMakeFiles/__idf_esp_coex.dir/esp32s3/esp_coex_adapter.c.obj
[77/1143] Building C object esp-idf/esp_wifi/CMakeFiles/__idf_esp_wifi.dir/src/smartconfig_ack.c.obj
[78/1143] Building C object esp-idf/wpa_supplicant/CMakeFiles/__idf_wpa_supplicant.dir/port/os_xtensa.c.obj
[79/1143] Building C object esp-idf/http_parser/CMakeFiles/__idf_http_parser.dir/http_parser.c.obj
[80/1143] Building C object esp-idf/wpa_supplicant/CMakeFiles/__idf_wpa_supplicant.dir/src/ap/ap_config.c.obj
[81/1143] Linking C static library esp-idf/http_parser/libhttp_parser.a
[82/1143] Linking C static library esp-idf/esp_hal_i2c/libesp_hal_i2c.a
[83/1143] Linking C static library esp-idf/esp_gdbstub/libesp_gdbstub.a
[84/1143] Building C object esp-idf/wpa_supplicant/CMakeFiles/__idf_wpa_supplicant.dir/port/eloop.c.obj
[85/1143] Building C object esp-idf/wpa_supplicant/CMakeFiles/__idf_wpa_supplicant.dir/src/ap/ieee802_1x.c.obj
[86/1143] Building C object esp-idf/wpa_supplicant/CMakeFiles/__idf_wpa_supplicant.dir/src/ap/pmksa_cache_auth.c.obj
[87/1143] Linking C static library esp-idf/esp_wifi/libesp_wifi.a
[88/1143] Building C object esp-idf/wpa_supplicant/CMakeFiles/__idf_wpa_supplicant.dir/src/ap/wpa_auth_ie.c.obj
[89/1143] Building C object esp-idf/wpa_supplicant/CMakeFiles/__idf_wpa_supplicant.dir/src/ap/sta_info.c.obj
[90/1143] Building C object esp-idf/wpa_supplicant/CMakeFiles/__idf_wpa_supplicant.dir/src/ap/comeback_token.c.obj
[91/1143] Building C object esp-idf/wpa_supplicant/CMakeFiles/__idf_wpa_supplicant.dir/src/ap/ieee802_11.c.obj
[92/1143] Building C object esp-idf/wpa_supplicant/CMakeFiles/__idf_wpa_supplicant.dir/src/common/dragonfly.c.obj
[93/1143] Building C object esp-idf/wpa_supplicant/CMakeFiles/__idf_wpa_supplicant.dir/src/utils/bitfield.c.obj
[94/1143] Building C object esp-idf/wpa_supplicant/CMakeFiles/__idf_wpa_supplicant.dir/src/crypto/aes-siv.c.obj
[95/1143] Building C object esp-idf/wpa_supplicant/CMakeFiles/__idf_wpa_supplicant.dir/src/crypto/sha256-kdf.c.obj
[96/1143] Building C object esp-idf/wpa_supplicant/CMakeFiles/__idf_wpa_supplicant.dir/src/crypto/crypto_ops.c.obj
[97/1143] Building C object esp-idf/wpa_supplicant/CMakeFiles/__idf_wpa_supplicant.dir/src/common/wpa_common.c.obj
[98/1143] Building C object esp-idf/wpa_supplicant/CMakeFiles/__idf_wpa_supplicant.dir/src/crypto/aes-gcm.c.obj
[99/1143] Building C object esp-idf/wpa_supplicant/CMakeFiles/__idf_wpa_supplicant.dir/src/crypto/dh_group5.c.obj
[100/1143] Building C object esp-idf/wpa_supplicant/CMakeFiles/__idf_wpa_supplicant.dir/src/crypto/ccmp.c.obj
[101/1143] Building C object esp-idf/wpa_supplicant/CMakeFiles/__idf_wpa_supplicant.dir/src/ap/wpa_auth.c.obj
[102/1143] Building C object esp-idf/wpa_supplicant/CMakeFiles/__idf_wpa_supplicant.dir/src/crypto/dh_groups.c.obj
[103/1143] Building C object esp-idf/wpa_supplicant/CMakeFiles/__idf_wpa_supplicant.dir/src/crypto/sha1-tlsprf.c.obj
[104/1143] Building C object esp-idf/wpa_supplicant/CMakeFiles/__idf_wpa_supplicant.dir/src/crypto/sha256-tlsprf.c.obj
[105/1143] Building C object esp-idf/wpa_supplicant/CMakeFiles/__idf_wpa_supplicant.dir/src/crypto/sha384-tlsprf.c.obj
[106/1143] Building C object esp-idf/wpa_supplicant/CMakeFiles/__idf_wpa_supplicant.dir/src/crypto/sha256-prf.c.obj
[107/1143] Building C object esp-idf/wpa_supplicant/CMakeFiles/__idf_wpa_supplicant.dir/src/crypto/sha1-prf.c.obj
[108/1143] Building C object esp-idf/wpa_supplicant/CMakeFiles/__idf_wpa_supplicant.dir/src/crypto/ms_funcs.c.obj
[109/1143] Building C object esp-idf/wpa_supplicant/CMakeFiles/__idf_wpa_supplicant.dir/src/crypto/sha384-prf.c.obj
[110/1143] Building C object esp-idf/wpa_supplicant/CMakeFiles/__idf_wpa_supplicant.dir/src/common/sae.c.obj
[111/1143] Building C object esp-idf/wpa_supplicant/CMakeFiles/__idf_wpa_supplicant.dir/src/eap_common/eap_wsc_common.c.obj
[112/1143] Building C object esp-idf/wpa_supplicant/CMakeFiles/__idf_wpa_supplicant.dir/src/crypto/sha1-tprf.c.obj
[113/1143] Building C object esp-idf/wpa_supplicant/CMakeFiles/__idf_wpa_supplicant.dir/src/eap_peer/chap.c.obj
[114/1143] Building C object esp-idf/wpa_supplicant/CMakeFiles/__idf_wpa_supplicant.dir/src/crypto/md4-internal.c.obj
[115/1143] Building C object esp-idf/wpa_supplicant/CMakeFiles/__idf_wpa_supplicant.dir/src/common/ieee802_11_common.c.obj
[116/1143] Building C object esp-idf/wpa_supplicant/CMakeFiles/__idf_wpa_supplicant.dir/src/eap_peer/eap_common.c.obj
[117/1143] Building C object esp-idf/wpa_supplicant/CMakeFiles/__idf_wpa_supplicant.dir/src/eap_peer/eap_peap_common.c.obj
[118/1143] Building C object esp-idf/wpa_supplicant/CMakeFiles/__idf_wpa_supplicant.dir/src/eap_peer/eap_tls.c.obj
[119/1143] Building C object esp-idf/wpa_supplicant/CMakeFiles/__idf_wpa_supplicant.dir/src/eap_peer/eap.c.obj
[120/1143] Building C object esp-idf/wpa_supplicant/CMakeFiles/__idf_wpa_supplicant.dir/src/eap_peer/eap_mschapv2.c.obj
[121/1143] Building C object esp-idf/wpa_supplicant/CMakeFiles/__idf_wpa_supplicant.dir/src/eap_peer/mschapv2.c.obj
[122/1143] Building C object esp-idf/wpa_supplicant/CMakeFiles/__idf_wpa_supplicant.dir/src/eap_peer/eap_tls_common.c.obj
[123/1143] Building C object esp-idf/wpa_supplicant/CMakeFiles/__idf_wpa_supplicant.dir/src/eap_peer/eap_peap.c.obj
[124/1143] Building C object esp-idf/wpa_supplicant/CMakeFiles/__idf_wpa_supplicant.dir/src/eap_peer/eap_fast_common.c.obj
[125/1143] Building C object esp-idf/wpa_supplicant/CMakeFiles/__idf_wpa_supplicant.dir/src/rsn_supp/pmksa_cache.c.obj
[126/1143] Building C object esp-idf/wpa_supplicant/CMakeFiles/__idf_wpa_supplicant.dir/src/eap_peer/eap_ttls.c.obj
[127/1143] Building C object esp-idf/wpa_supplicant/CMakeFiles/__idf_wpa_supplicant.dir/src/utils/base64.c.obj
[128/1143] Building C object esp-idf/wpa_supplicant/CMakeFiles/__idf_wpa_supplicant.dir/src/eap_peer/eap_fast_pac.c.obj
[129/1143] Building C object esp-idf/wpa_supplicant/CMakeFiles/__idf_wpa_supplicant.dir/src/rsn_supp/wpa_ie.c.obj
[130/1143] Building C object esp-idf/wpa_supplicant/CMakeFiles/__idf_wpa_supplicant.dir/src/utils/ext_password.c.obj
[131/1143] Building C object esp-idf/wpa_supplicant/CMakeFiles/__idf_wpa_supplicant.dir/src/utils/uuid.c.obj
[132/1143] Building C object esp-idf/wpa_supplicant/CMakeFiles/__idf_wpa_supplicant.dir/src/utils/common.c.obj
[133/1143] Building C object esp-idf/wpa_supplicant/CMakeFiles/__idf_wpa_supplicant.dir/src/utils/wpa_debug.c.obj
[134/1143] Building C object esp-idf/wpa_supplicant/CMakeFiles/__idf_wpa_supplicant.dir/src/utils/wpabuf.c.obj
[135/1143] Building C object esp-idf/wpa_supplicant/CMakeFiles/__idf_wpa_supplicant.dir/src/eap_peer/eap_fast.c.obj
[136/1143] Building C object esp-idf/wpa_supplicant/CMakeFiles/__idf_wpa_supplicant.dir/src/utils/json.c.obj
[137/1143] Building C object esp-idf/wpa_supplicant/CMakeFiles/__idf_wpa_supplicant.dir/src/wps/wps_attr_process.c.obj
[138/1143] Building C object esp-idf/wpa_supplicant/CMakeFiles/__idf_wpa_supplicant.dir/src/wps/wps.c.obj
[139/1143] Building C object esp-idf/wpa_supplicant/CMakeFiles/__idf_wpa_supplicant.dir/src/wps/wps_attr_parse.c.obj
[140/1143] Building C object esp-idf/wpa_supplicant/CMakeFiles/__idf_wpa_supplicant.dir/src/wps/wps_attr_build.c.obj
[141/1143] Building C object esp-idf/wpa_supplicant/CMakeFiles/__idf_wpa_supplicant.dir/src/rsn_supp/wpa.c.obj
[142/1143] Building C object esp-idf/wpa_supplicant/CMakeFiles/__idf_wpa_supplicant.dir/src/wps/wps_common.c.obj
[143/1143] Building C object esp-idf/wpa_supplicant/CMakeFiles/__idf_wpa_supplicant.dir/esp_supplicant/src/esp_wpa2_api_port.c.obj
[144/1143] Building C object esp-idf/wpa_supplicant/CMakeFiles/__idf_wpa_supplicant.dir/src/wps/wps_dev_attr.c.obj
[145/1143] Building C object esp-idf/wpa_supplicant/CMakeFiles/__idf_wpa_supplicant.dir/esp_supplicant/src/esp_wpas_glue.c.obj
[146/1143] Building C object esp-idf/wpa_supplicant/CMakeFiles/__idf_wpa_supplicant.dir/src/common/sae_pk.c.obj
[147/1143] Building C object esp-idf/wpa_supplicant/CMakeFiles/__idf_wpa_supplicant.dir/esp_supplicant/src/esp_common.c.obj
[148/1143] Building C object esp-idf/wpa_supplicant/CMakeFiles/__idf_wpa_supplicant.dir/src/wps/wps_enrollee.c.obj
[149/1143] Building C object esp-idf/wpa_supplicant/CMakeFiles/__idf_wpa_supplicant.dir/esp_supplicant/src/esp_owe.c.obj
[150/1143] Building C object esp-idf/wpa_supplicant/CMakeFiles/__idf_wpa_supplicant.dir/esp_supplicant/src/esp_wpa_main.c.obj
[151/1143] Building C object esp-idf/wpa_supplicant/CMakeFiles/__idf_wpa_supplicant.dir/esp_supplicant/src/esp_wpa3.c.obj
[152/1143] Building C object esp-idf/wpa_supplicant/CMakeFiles/__idf_wpa_supplicant.dir/esp_supplicant/src/esp_eap_client.c.obj
[153/1143] Building C object esp-idf/wpa_supplicant/CMakeFiles/__idf_wpa_supplicant.dir/esp_supplicant/src/esp_hostap.c.obj
[154/1143] Building C object esp-idf/wpa_supplicant/CMakeFiles/__idf_wpa_supplicant.dir/esp_supplicant/src/esp_wps.c.obj
[155/1143] Building C object esp-idf/wpa_supplicant/CMakeFiles/__idf_wpa_supplicant.dir/esp_supplicant/src/crypto/fastpsk.c.obj
[156/1143] Building C object esp-idf/wpa_supplicant/CMakeFiles/__idf_wpa_supplicant.dir/esp_supplicant/src/crypto/tls_mbedtls.c.obj
[157/1143] Building C object esp-idf/wpa_supplicant/CMakeFiles/__idf_wpa_supplicant.dir/src/crypto/rc4.c.obj
[158/1143] Building C object esp-idf/wpa_supplicant/CMakeFiles/__idf_wpa_supplicant.dir/esp_supplicant/src/crypto/crypto_mbedtls.c.obj
[159/1143] Building C object esp-idf/wpa_supplicant/CMakeFiles/__idf_wpa_supplicant.dir/esp_supplicant/src/crypto/crypto_mbedtls-rsa.c.obj
[160/1143] Linking C static library esp-idf/esp_coex/libesp_coex.a
[161/1143] Building C object esp-idf/wpa_supplicant/CMakeFiles/__idf_wpa_supplicant.dir/esp_supplicant/src/crypto/crypto_mbedtls-bignum.c.obj
[162/1143] Building C object esp-idf/wpa_supplicant/CMakeFiles/__idf_wpa_supplicant.dir/src/crypto/aes-wrap.c.obj
[163/1143] Building C object esp-idf/wpa_supplicant/CMakeFiles/__idf_wpa_supplicant.dir/src/crypto/des-internal.c.obj
[164/1143] Building C object esp-idf/esp_netif/CMakeFiles/__idf_esp_netif.dir/esp_netif_defaults.c.obj
[165/1143] Building C object esp-idf/esp_netif/CMakeFiles/__idf_esp_netif.dir/esp_netif_objects.c.obj
[166/1143] Building C object esp-idf/wpa_supplicant/CMakeFiles/__idf_wpa_supplicant.dir/src/crypto/aes-unwrap.c.obj
[167/1143] Building C object esp-idf/esp_netif/CMakeFiles/__idf_esp_netif.dir/esp_netif_handlers.c.obj
[168/1143] Building C object esp-idf/wpa_supplicant/CMakeFiles/__idf_wpa_supplicant.dir/src/crypto/aes-ccm.c.obj
[169/1143] Building C object esp-idf/esp_netif/CMakeFiles/__idf_esp_netif.dir/lwip/esp_netif_lwip_defaults.c.obj
[170/1143] Building C object esp-idf/esp_netif/CMakeFiles/__idf_esp_netif.dir/lwip/netif/wlanif.c.obj
[171/1143] Building C object esp-idf/esp_netif/CMakeFiles/__idf_esp_netif.dir/lwip/netif/ethernetif.c.obj
[172/1143] Building C object esp-idf/esp_netif/CMakeFiles/__idf_esp_netif.dir/lwip/netif/esp_pbuf_ref.c.obj
[173/1143] Building C object esp-idf/esp_netif/CMakeFiles/__idf_esp_netif.dir/lwip/esp_netif_sntp.c.obj
[174/1143] Building C object esp-idf/lwip/CMakeFiles/__idf_lwip.dir/apps/sntp/sntp.c.obj
[175/1143] Building C object esp-idf/lwip/CMakeFiles/__idf_lwip.dir/lwip/src/api/err.c.obj
[176/1143] Building C object esp-idf/lwip/CMakeFiles/__idf_lwip.dir/lwip/src/api/if_api.c.obj
[177/1143] Building C object esp-idf/lwip/CMakeFiles/__idf_lwip.dir/lwip/src/api/netbuf.c.obj
[178/1143] Building C object esp-idf/lwip/CMakeFiles/__idf_lwip.dir/lwip/src/api/api_lib.c.obj
[179/1143] Building C object esp-idf/lwip/CMakeFiles/__idf_lwip.dir/lwip/src/api/netifapi.c.obj
[180/1143] Building C object esp-idf/lwip/CMakeFiles/__idf_lwip.dir/lwip/src/api/netdb.c.obj
[181/1143] Building C object esp-idf/wpa_supplicant/CMakeFiles/__idf_wpa_supplicant.dir/esp_supplicant/src/crypto/crypto_mbedtls-ec.c.obj
[182/1143] Building C object esp-idf/lwip/CMakeFiles/__idf_lwip.dir/lwip/src/api/tcpip.c.obj
[183/1143] Building C object esp-idf/lwip/CMakeFiles/__idf_lwip.dir/lwip/src/core/def.c.obj
[184/1143] Building C object esp-idf/lwip/CMakeFiles/__idf_lwip.dir/lwip/src/apps/netbiosns/netbiosns.c.obj
[185/1143] Building C object esp-idf/lwip/CMakeFiles/__idf_lwip.dir/lwip/src/apps/sntp/sntp.c.obj
[186/1143] Building C object esp-idf/lwip/CMakeFiles/__idf_lwip.dir/lwip/src/api/api_msg.c.obj
[187/1143] Linking C static library esp-idf/wpa_supplicant/libwpa_supplicant.a
[188/1143] Building C object esp-idf/lwip/CMakeFiles/__idf_lwip.dir/lwip/src/core/ip.c.obj
[189/1143] Building C object esp-idf/lwip/CMakeFiles/__idf_lwip.dir/lwip/src/core/mem.c.obj
[190/1143] Building C object esp-idf/lwip/CMakeFiles/__idf_lwip.dir/lwip/src/core/init.c.obj
[191/1143] Building C object esp-idf/lwip/CMakeFiles/__idf_lwip.dir/lwip/src/core/inet_chksum.c.obj
[192/1143] Building C object esp-idf/esp_netif/CMakeFiles/__idf_esp_netif.dir/lwip/esp_netif_lwip.c.obj
[193/1143] Building C object esp-idf/lwip/CMakeFiles/__idf_lwip.dir/lwip/src/core/memp.c.obj
[194/1143] Building C object esp-idf/lwip/CMakeFiles/__idf_lwip.dir/lwip/src/core/dns.c.obj
[195/1143] Building C object esp-idf/lwip/CMakeFiles/__idf_lwip.dir/lwip/src/core/stats.c.obj
[196/1143] Building C object esp-idf/lwip/CMakeFiles/__idf_lwip.dir/lwip/src/core/sys.c.obj
[197/1143] Building C object esp-idf/lwip/CMakeFiles/__idf_lwip.dir/lwip/src/core/raw.c.obj
[198/1143] Building C object esp-idf/lwip/CMakeFiles/__idf_lwip.dir/lwip/src/core/pbuf.c.obj
[199/1143] Building C object esp-idf/lwip/CMakeFiles/__idf_lwip.dir/lwip/src/core/timeouts.c.obj
[200/1143] Building C object esp-idf/lwip/CMakeFiles/__idf_lwip.dir/lwip/src/core/netif.c.obj
[201/1143] Building C object esp-idf/lwip/CMakeFiles/__idf_lwip.dir/lwip/src/api/sockets.c.obj
[202/1143] Building C object esp-idf/lwip/CMakeFiles/__idf_lwip.dir/lwip/src/core/ipv4/autoip.c.obj
[203/1143] Building C object esp-idf/lwip/CMakeFiles/__idf_lwip.dir/lwip/src/core/tcp_out.c.obj
[204/1143] Building C object esp-idf/lwip/CMakeFiles/__idf_lwip.dir/lwip/src/core/ipv4/icmp.c.obj
[205/1143] Building C object esp-idf/lwip/CMakeFiles/__idf_lwip.dir/lwip/src/core/udp.c.obj
[206/1143] Building C object esp-idf/lwip/CMakeFiles/__idf_lwip.dir/lwip/src/core/tcp_in.c.obj
[207/1143] Building C object esp-idf/lwip/CMakeFiles/__idf_lwip.dir/lwip/src/core/ipv4/etharp.c.obj
[208/1143] Building C object esp-idf/lwip/CMakeFiles/__idf_lwip.dir/lwip/src/core/tcp.c.obj
[209/1143] Building C object esp-idf/lwip/CMakeFiles/__idf_lwip.dir/lwip/src/core/ipv4/igmp.c.obj
[210/1143] Building C object esp-idf/lwip/CMakeFiles/__idf_lwip.dir/lwip/src/core/ipv4/ip4_napt.c.obj
[211/1143] Building C object esp-idf/lwip/CMakeFiles/__idf_lwip.dir/lwip/src/core/ipv6/dhcp6.c.obj
[212/1143] Building C object esp-idf/lwip/CMakeFiles/__idf_lwip.dir/lwip/src/core/ipv4/dhcp.c.obj
[213/1143] Building C object esp-idf/lwip/CMakeFiles/__idf_lwip.dir/lwip/src/core/ipv4/ip4_addr.c.obj
[214/1143] Building C object esp-idf/lwip/CMakeFiles/__idf_lwip.dir/lwip/src/core/ipv4/ip4_frag.c.obj
[215/1143] Building C object esp-idf/lwip/CMakeFiles/__idf_lwip.dir/lwip/src/core/ipv4/ip4.c.obj
[216/1143] Building C object esp-idf/lwip/CMakeFiles/__idf_lwip.dir/lwip/src/core/ipv6/inet6.c.obj
[217/1143] Building C object esp-idf/lwip/CMakeFiles/__idf_lwip.dir/lwip/src/core/ipv6/ethip6.c.obj
[218/1143] Building C object esp-idf/lwip/CMakeFiles/__idf_lwip.dir/lwip/src/core/ipv6/icmp6.c.obj
[219/1143] Building C object esp-idf/lwip/CMakeFiles/__idf_lwip.dir/lwip/src/core/ipv6/ip6_frag.c.obj
[220/1143] Building C object esp-idf/lwip/CMakeFiles/__idf_lwip.dir/lwip/src/netif/bridgeif.c.obj
[221/1143] Building C object esp-idf/lwip/CMakeFiles/__idf_lwip.dir/lwip/src/core/ipv6/ip6_addr.c.obj
[222/1143] Building C object esp-idf/lwip/CMakeFiles/__idf_lwip.dir/lwip/src/netif/ethernet.c.obj
[223/1143] Building C object esp-idf/lwip/CMakeFiles/__idf_lwip.dir/lwip/src/netif/bridgeif_fdb.c.obj
[224/1143] Building C object esp-idf/lwip/CMakeFiles/__idf_lwip.dir/lwip/src/core/ipv6/mld6.c.obj
[225/1143] Building C object esp-idf/lwip/CMakeFiles/__idf_lwip.dir/lwip/src/netif/ppp/auth.c.obj
[226/1143] Building C object esp-idf/lwip/CMakeFiles/__idf_lwip.dir/lwip/src/netif/ppp/ccp.c.obj
[227/1143] Building C object esp-idf/lwip/CMakeFiles/__idf_lwip.dir/lwip/src/netif/ppp/chap-md5.c.obj
[228/1143] Building C object esp-idf/lwip/CMakeFiles/__idf_lwip.dir/lwip/src/core/ipv6/ip6.c.obj
[229/1143] Building C object esp-idf/lwip/CMakeFiles/__idf_lwip.dir/lwip/src/netif/slipif.c.obj
[230/1143] Building C object esp-idf/lwip/CMakeFiles/__idf_lwip.dir/lwip/src/netif/ppp/chap-new.c.obj
[231/1143] Building C object esp-idf/lwip/CMakeFiles/__idf_lwip.dir/lwip/src/netif/ppp/chap_ms.c.obj
[232/1143] Building C object esp-idf/lwip/CMakeFiles/__idf_lwip.dir/lwip/src/netif/ppp/demand.c.obj
[233/1143] Building C object esp-idf/lwip/CMakeFiles/__idf_lwip.dir/lwip/src/netif/ppp/eap.c.obj
[234/1143] Building C object esp-idf/lwip/CMakeFiles/__idf_lwip.dir/lwip/src/netif/ppp/ecp.c.obj
[235/1143] Building C object esp-idf/lwip/CMakeFiles/__idf_lwip.dir/lwip/src/netif/ppp/eui64.c.obj
[236/1143] Building C object esp-idf/lwip/CMakeFiles/__idf_lwip.dir/lwip/src/netif/ppp/fsm.c.obj
[237/1143] Building C object esp-idf/lwip/CMakeFiles/__idf_lwip.dir/lwip/src/netif/ppp/ipcp.c.obj
[238/1143] Building C object esp-idf/lwip/CMakeFiles/__idf_lwip.dir/lwip/src/netif/ppp/ipv6cp.c.obj
[239/1143] Building C object esp-idf/lwip/CMakeFiles/__idf_lwip.dir/lwip/src/netif/ppp/lcp.c.obj
[240/1143] Building C object esp-idf/lwip/CMakeFiles/__idf_lwip.dir/lwip/src/netif/ppp/magic.c.obj
[241/1143] Building C object esp-idf/lwip/CMakeFiles/__idf_lwip.dir/lwip/src/netif/ppp/mppe.c.obj
[242/1143] Building C object esp-idf/lwip/CMakeFiles/__idf_lwip.dir/lwip/src/netif/ppp/multilink.c.obj
[243/1143] Building C object esp-idf/lwip/CMakeFiles/__idf_lwip.dir/lwip/src/netif/ppp/ppp.c.obj
[244/1143] Building C object esp-idf/lwip/CMakeFiles/__idf_lwip.dir/lwip/src/netif/ppp/pppapi.c.obj
[245/1143] Building C object esp-idf/lwip/CMakeFiles/__idf_lwip.dir/lwip/src/netif/ppp/pppcrypt.c.obj
[246/1143] Building C object esp-idf/lwip/CMakeFiles/__idf_lwip.dir/lwip/src/netif/ppp/pppoe.c.obj
[247/1143] Building C object esp-idf/lwip/CMakeFiles/__idf_lwip.dir/lwip/src/core/ipv6/nd6.c.obj
[248/1143] Building C object esp-idf/lwip/CMakeFiles/__idf_lwip.dir/lwip/src/netif/ppp/pppol2tp.c.obj
[249/1143] Building C object esp-idf/lwip/CMakeFiles/__idf_lwip.dir/lwip/src/netif/ppp/pppos.c.obj
[250/1143] Building C object esp-idf/lwip/CMakeFiles/__idf_lwip.dir/lwip/src/netif/ppp/upap.c.obj
[251/1143] Building C object esp-idf/lwip/CMakeFiles/__idf_lwip.dir/lwip/src/netif/ppp/utils.c.obj
[252/1143] Building C object esp-idf/lwip/CMakeFiles/__idf_lwip.dir/lwip/src/netif/ppp/vj.c.obj
[253/1143] Building C object esp-idf/lwip/CMakeFiles/__idf_lwip.dir/port/hooks/tcp_isn_default.c.obj
[254/1143] Building C object esp-idf/lwip/CMakeFiles/__idf_lwip.dir/port/if_index.c.obj
[255/1143] Building C object esp-idf/lwip/CMakeFiles/__idf_lwip.dir/port/hooks/lwip_default_hooks.c.obj
[256/1143] Building C object esp-idf/lwip/CMakeFiles/__idf_lwip.dir/port/sockets_ext.c.obj
[257/1143] Building C object esp-idf/lwip/CMakeFiles/__idf_lwip.dir/port/acd_dhcp_check.c.obj
[258/1143] Building C object esp-idf/lwip/CMakeFiles/__idf_lwip.dir/port/debug/lwip_debug.c.obj
[259/1143] Building C object esp-idf/lwip/CMakeFiles/__idf_lwip.dir/port/esp32xx/vfs_lwip.c.obj
[260/1143] Building C object esp-idf/lwip/CMakeFiles/__idf_lwip.dir/port/freertos/sys_arch.c.obj
[261/1143] Building C object esp-idf/lwip/CMakeFiles/__idf_lwip.dir/lwip/src/netif/ppp/polarssl/arc4.c.obj
[262/1143] Building C object esp-idf/lwip/CMakeFiles/__idf_lwip.dir/lwip/src/netif/ppp/polarssl/des.c.obj
[263/1143] Building C object esp-idf/lwip/CMakeFiles/__idf_lwip.dir/lwip/src/netif/ppp/polarssl/md4.c.obj
[264/1143] Linking C static library esp-idf/esp_netif/libesp_netif.a
[265/1143] Building C object esp-idf/lwip/CMakeFiles/__idf_lwip.dir/lwip/src/netif/ppp/polarssl/md5.c.obj
[266/1143] Building C object esp-idf/lwip/CMakeFiles/__idf_lwip.dir/lwip/src/netif/ppp/polarssl/sha1.c.obj
[267/1143] Building C object esp-idf/lwip/CMakeFiles/__idf_lwip.dir/apps/ping/ping_sock.c.obj
[268/1143] Building C object esp-idf/esp_driver_usb_serial_jtag/CMakeFiles/__idf_esp_driver_usb_serial_jtag.dir/src/usb_serial_jtag_connection_monitor.c.obj
[269/1143] Building C object esp-idf/vfs/CMakeFiles/__idf_vfs.dir/nullfs.c.obj
[270/1143] Building C object esp-idf/vfs/CMakeFiles/__idf_vfs.dir/vfs_eventfd.c.obj
[271/1143] Building C object esp-idf/esp_driver_usb_serial_jtag/CMakeFiles/__idf_esp_driver_usb_serial_jtag.dir/src/usb_serial_jtag.c.obj
[272/1143] Building C object esp-idf/vfs/CMakeFiles/__idf_vfs.dir/vfs.c.obj
[273/1143] Building C object esp-idf/esp_phy/CMakeFiles/__idf_esp_phy.dir/src/lib_printf.c.obj
[274/1143] Building C object esp-idf/lwip/CMakeFiles/__idf_lwip.dir/apps/dhcpserver/dhcpserver.c.obj
[275/1143] Building C object esp-idf/esp_phy/CMakeFiles/__idf_esp_phy.dir/src/phy_override.c.obj
[276/1143] Building C object esp-idf/vfs/CMakeFiles/__idf_vfs.dir/vfs_semihost.c.obj
[277/1143] Building C object esp-idf/esp_phy/CMakeFiles/__idf_esp_phy.dir/esp32s3/phy_init_data.c.obj
[278/1143] Building C object esp-idf/vfs/CMakeFiles/__idf_vfs.dir/vfs_calls.c.obj
[279/1143] Building C object esp-idf/esp_phy/CMakeFiles/__idf_esp_phy.dir/src/phy_common.c.obj
[280/1143] Building C object esp-idf/esp_phy/CMakeFiles/__idf_esp_phy.dir/src/btbb_init.c.obj
[281/1143] Building C object esp-idf/esp_driver_usb_serial_jtag/CMakeFiles/__idf_esp_driver_usb_serial_jtag.dir/src/usb_serial_jtag_vfs.c.obj
[282/1143] Linking C static library esp-idf/lwip/liblwip.a
[283/1143] Linking C static library esp-idf/vfs/libvfs.a
[284/1143] Building C object esp-idf/esp_phy/CMakeFiles/__idf_esp_phy.dir/src/phy_init.c.obj
[285/1143] Linking C static library esp-idf/esp_driver_usb_serial_jtag/libesp_driver_usb_serial_jtag.a
[286/1143] Building CXX object esp-idf/nvs_flash/CMakeFiles/__idf_nvs_flash.dir/src/nvs_item_hash_list.cpp.obj
[287/1143] Building CXX object esp-idf/nvs_flash/CMakeFiles/__idf_nvs_flash.dir/src/nvs_cxx_api.cpp.obj
[288/1143] Building CXX object esp-idf/nvs_flash/CMakeFiles/__idf_nvs_flash.dir/src/nvs_pagemanager.cpp.obj
[289/1143] Building CXX object esp-idf/nvs_flash/CMakeFiles/__idf_nvs_flash.dir/src/nvs_page.cpp.obj
[290/1143] Building CXX object esp-idf/nvs_flash/CMakeFiles/__idf_nvs_flash.dir/src/nvs_storage.cpp.obj
[291/1143] Building CXX object esp-idf/nvs_flash/CMakeFiles/__idf_nvs_flash.dir/src/nvs_handle_locked.cpp.obj
[292/1143] Building CXX object esp-idf/nvs_flash/CMakeFiles/__idf_nvs_flash.dir/src/nvs_partition.cpp.obj
[293/1143] Building CXX object esp-idf/nvs_flash/CMakeFiles/__idf_nvs_flash.dir/src/nvs_api.cpp.obj
[294/1143] Building CXX object esp-idf/nvs_flash/CMakeFiles/__idf_nvs_flash.dir/src/nvs_platform.cpp.obj
[295/1143] Building CXX object esp-idf/nvs_flash/CMakeFiles/__idf_nvs_flash.dir/src/nvs_handle_simple.cpp.obj
[296/1143] Linking C static library esp-idf/esp_phy/libesp_phy.a
[297/1143] Building C object esp-idf/nvs_flash/CMakeFiles/__idf_nvs_flash.dir/src/nvs_bootloader_aes.c.obj
[298/1143] Building C object esp-idf/nvs_flash/CMakeFiles/__idf_nvs_flash.dir/src/nvs_bootloader_xts_aes.c.obj
[299/1143] Building CXX object esp-idf/nvs_flash/CMakeFiles/__idf_nvs_flash.dir/src/nvs_partition_lookup.cpp.obj
[300/1143] Building C object esp-idf/nvs_flash/CMakeFiles/__idf_nvs_flash.dir/src/nvs_bootloader.c.obj
[301/1143] Building C object esp-idf/esp_event/CMakeFiles/__idf_esp_event.dir/default_event_loop.c.obj
[302/1143] Building C object esp-idf/nvs_sec_provider/CMakeFiles/__idf_nvs_sec_provider.dir/nvs_sec_provider.c.obj
[303/1143] Building C object esp-idf/esp_event/CMakeFiles/__idf_esp_event.dir/esp_event_private.c.obj
[304/1143] Building C object esp-idf/esp_driver_uart/CMakeFiles/__idf_esp_driver_uart.dir/src/uart_wakeup.c.obj
[305/1143] Building C object esp-idf/esp_psram/CMakeFiles/__idf_esp_psram.dir/system_layer/esp_psram_mspi.c.obj
[306/1143] Building C object esp-idf/esp_event/CMakeFiles/__idf_esp_event.dir/esp_event.c.obj
[307/1143] Building C object esp-idf/esp_driver_uart/CMakeFiles/__idf_esp_driver_uart.dir/src/uart_vfs.c.obj
[308/1143] Building C object esp-idf/esp_driver_uart/CMakeFiles/__idf_esp_driver_uart.dir/src/uhci.c.obj
[309/1143] Building C object esp-idf/esp_psram/CMakeFiles/__idf_esp_psram.dir/system_layer/esp_psram.c.obj
[310/1143] Building C object esp-idf/esp_psram/CMakeFiles/__idf_esp_psram.dir/esp32s3/esp_psram_impl_octal.c.obj
[311/1143] Building C object esp-idf/esp_psram/CMakeFiles/__idf_esp_psram.dir/xip_impl/mmu_psram_flash.c.obj
[312/1143] Building C object esp-idf/esp_timer/CMakeFiles/__idf_esp_timer.dir/src/esp_timer_init.c.obj
[313/1143] Building C object esp-idf/esp_timer/CMakeFiles/__idf_esp_timer.dir/src/ets_timer_legacy.c.obj
[314/1143] Building C object esp-idf/esp_timer/CMakeFiles/__idf_esp_timer.dir/src/system_time.c.obj
[315/1143] Building C object esp-idf/esp_timer/CMakeFiles/__idf_esp_timer.dir/src/esp_timer.c.obj
[316/1143] Building C object esp-idf/esp_timer/CMakeFiles/__idf_esp_timer.dir/src/esp_timer_impl_common.c.obj
[317/1143] Building C object esp-idf/esp_timer/CMakeFiles/__idf_esp_timer.dir/src/esp_timer_impl_systimer.c.obj
[318/1143] Building CXX object esp-idf/cxx/CMakeFiles/__idf_cxx.dir/cxx_exception_stubs.cpp.obj
[319/1143] Building C object esp-idf/esp_ringbuf/CMakeFiles/__idf_esp_ringbuf.dir/ringbuf.c.obj
[320/1143] Building CXX object esp-idf/cxx/CMakeFiles/__idf_cxx.dir/cxx_init.cpp.obj
[321/1143] Building C object esp-idf/esp_driver_uart/CMakeFiles/__idf_esp_driver_uart.dir/src/uart.c.obj
[322/1143] Building C object esp-idf/pthread/CMakeFiles/__idf_pthread.dir/pthread_local_storage.c.obj
[323/1143] Building C object esp-idf/pthread/CMakeFiles/__idf_pthread.dir/pthread_cond_var.c.obj
[324/1143] Building C object esp-idf/esp_libc/CMakeFiles/__idf_esp_libc.dir/src/init.c.obj
[325/1143] Building C object esp-idf/pthread/CMakeFiles/__idf_pthread.dir/pthread.c.obj
[326/1143] Building C object esp-idf/pthread/CMakeFiles/__idf_pthread.dir/pthread_semaphore.c.obj
[327/1143] Building C object esp-idf/esp_libc/CMakeFiles/__idf_esp_libc.dir/src/abort.c.obj
[328/1143] Building C object esp-idf/pthread/CMakeFiles/__idf_pthread.dir/pthread_rwlock.c.obj
[329/1143] Building C object esp-idf/esp_libc/CMakeFiles/__idf_esp_libc.dir/src/assert.c.obj
[330/1143] Building CXX object esp-idf/nvs_flash/CMakeFiles/__idf_nvs_flash.dir/src/nvs_types.cpp.obj
[331/1143] Building C object esp-idf/esp_libc/CMakeFiles/__idf_esp_libc.dir/src/heap.c.obj
[332/1143] Building C object esp-idf/esp_libc/CMakeFiles/__idf_esp_libc.dir/src/poll.c.obj
[333/1143] Building CXX object esp-idf/nvs_flash/CMakeFiles/__idf_nvs_flash.dir/src/nvs_partition_manager.cpp.obj
[334/1143] Building CXX object esp-idf/cxx/CMakeFiles/__idf_cxx.dir/cxx_guards.cpp.obj
[335/1143] Building C object esp-idf/esp_libc/CMakeFiles/__idf_esp_libc.dir/src/termios.c.obj
[336/1143] Building C object esp-idf/esp_libc/CMakeFiles/__idf_esp_libc.dir/src/getentropy.c.obj
[337/1143] Building C object esp-idf/esp_libc/CMakeFiles/__idf_esp_libc.dir/src/pthread.c.obj
[338/1143] Building C object esp-idf/esp_libc/CMakeFiles/__idf_esp_libc.dir/src/random.c.obj
[339/1143] Building C object esp-idf/esp_libc/CMakeFiles/__idf_esp_libc.dir/src/locks.c.obj
[340/1143] Building C object esp-idf/esp_libc/CMakeFiles/__idf_esp_libc.dir/src/sysconf.c.obj
[341/1143] Building C object esp-idf/esp_libc/CMakeFiles/__idf_esp_libc.dir/src/realpath.c.obj
[342/1143] Building C object esp-idf/esp_libc/CMakeFiles/__idf_esp_libc.dir/src/scandir.c.obj
[343/1143] Building C object esp-idf/esp_libc/CMakeFiles/__idf_esp_libc.dir/src/reent_syscalls.c.obj
[344/1143] Building C object esp-idf/esp_libc/CMakeFiles/__idf_esp_libc.dir/src/syscalls.c.obj
[345/1143] Building CXX object esp-idf/nvs_flash/CMakeFiles/__idf_nvs_flash.dir/src/nvs_encrypted_partition.cpp.obj
[346/1143] Building C object esp-idf/esp_libc/CMakeFiles/__idf_esp_libc.dir/src/picolibc/rand.c.obj
[347/1143] Building C object esp-idf/esp_libc/CMakeFiles/__idf_esp_libc.dir/src/time.c.obj
[348/1143] Building C object esp-idf/esp_libc/CMakeFiles/__idf_esp_libc.dir/src/port/esp_time_impl.c.obj
[349/1143] Building C object esp-idf/esp_libc/CMakeFiles/__idf_esp_libc.dir/src/picolibc/picolibc_init.c.obj
[350/1143] Building C object esp-idf/esp_libc/CMakeFiles/__idf_esp_libc.dir/src/picolibc/errno.c.obj
[351/1143] Building C object esp-idf/esp_libc/CMakeFiles/__idf_esp_libc.dir/src/picolibc/open_memstream.c.obj
[352/1143] Linking C static library esp-idf/nvs_flash/libnvs_flash.a
[353/1143] Building C object esp-idf/esp_libc/CMakeFiles/__idf_esp_libc.dir/src/picolibc/bufio_setvbuf.c.obj
[354/1143] Building C object esp-idf/esp_libc/CMakeFiles/__idf_esp_libc.dir/src/picolibc/getreent.c.obj
[355/1143] Building C object esp-idf/esp_libc/CMakeFiles/__idf_esp_libc.dir/src/picolibc/fopencookie.c.obj
[356/1143] Linking C static library esp-idf/nvs_sec_provider/libnvs_sec_provider.a
[357/1143] Linking C static library esp-idf/esp_event/libesp_event.a
[358/1143] Building C object esp-idf/esp_libc/CMakeFiles/__idf_esp_libc.dir/src/port/xtensa/stdatomic_s32c1i.c.obj
[359/1143] Building C object esp-idf/freertos/CMakeFiles/__idf_freertos.dir/heap_idf.c.obj
[360/1143] Building C object esp-idf/freertos/CMakeFiles/__idf_freertos.dir/app_startup.c.obj
[361/1143] Building C object esp-idf/freertos/CMakeFiles/__idf_freertos.dir/port_common.c.obj
[362/1143] Building C object esp-idf/freertos/CMakeFiles/__idf_freertos.dir/FreeRTOS-Kernel/list.c.obj
[363/1143] Linking C static library esp-idf/esp_driver_uart/libesp_driver_uart.a
[364/1143] Linking C static library esp-idf/esp_psram/libesp_psram.a
[365/1143] Building C object esp-idf/freertos/CMakeFiles/__idf_freertos.dir/port_systick.c.obj
[366/1143] Linking C static library esp-idf/esp_ringbuf/libesp_ringbuf.a
[367/1143] Linking C static library esp-idf/esp_timer/libesp_timer.a
[368/1143] Building C object esp-idf/freertos/CMakeFiles/__idf_freertos.dir/FreeRTOS-Kernel/event_groups.c.obj
[369/1143] Linking C static library esp-idf/cxx/libcxx.a
[370/1143] Building C object esp-idf/freertos/CMakeFiles/__idf_freertos.dir/FreeRTOS-Kernel/timers.c.obj
[371/1143] Building ASM object esp-idf/freertos/CMakeFiles/__idf_freertos.dir/FreeRTOS-Kernel/portable/xtensa/portasm.S.obj
[372/1143] Linking C static library esp-idf/pthread/libpthread.a
[373/1143] Building C object esp-idf/freertos/CMakeFiles/__idf_freertos.dir/FreeRTOS-Kernel/stream_buffer.c.obj
[374/1143] Building C object esp-idf/freertos/CMakeFiles/__idf_freertos.dir/FreeRTOS-Kernel/portable/xtensa/xtensa_init.c.obj
[375/1143] Building C object esp-idf/freertos/CMakeFiles/__idf_freertos.dir/FreeRTOS-Kernel/portable/xtensa/port.c.obj
[376/1143] Building C object esp-idf/esp_libc/CMakeFiles/__idf_esp_libc.dir/src/stdatomic.c.obj
[377/1143] Building C object esp-idf/freertos/CMakeFiles/__idf_freertos.dir/FreeRTOS-Kernel/portable/xtensa/xtensa_overlay_os_hook.c.obj
[378/1143] Building C object esp-idf/freertos/CMakeFiles/__idf_freertos.dir/esp_additions/idf_additions_event_groups.c.obj
[379/1143] Building C object esp-idf/freertos/CMakeFiles/__idf_freertos.dir/FreeRTOS-Kernel/queue.c.obj
[380/1143] Building C object esp-idf/esp_hw_support/CMakeFiles/__idf_esp_hw_support.dir/port/esp32s3/esp_cpu_intr.c.obj
[381/1143] Building C object esp-idf/esp_hw_support/CMakeFiles/__idf_esp_hw_support.dir/cpu.c.obj
[382/1143] Linking C static library esp-idf/esp_libc/libesp_libc.a
[383/1143] Building C object esp-idf/esp_hw_support/CMakeFiles/__idf_esp_hw_support.dir/esp_memory_utils.c.obj
[384/1143] Building C object esp-idf/esp_hw_support/CMakeFiles/__idf_esp_hw_support.dir/port/esp32s3/cpu_region_protect.c.obj
[385/1143] Building C object esp-idf/esp_hw_support/CMakeFiles/__idf_esp_hw_support.dir/clk_ctrl_os.c.obj
[386/1143] Building C object esp-idf/freertos/CMakeFiles/__idf_freertos.dir/esp_additions/idf_additions.c.obj
[387/1143] Building C object esp-idf/esp_hw_support/CMakeFiles/__idf_esp_hw_support.dir/revision.c.obj
[388/1143] Building C object esp-idf/esp_hw_support/CMakeFiles/__idf_esp_hw_support.dir/hw_random.c.obj
[389/1143] Building C object esp-idf/esp_hw_support/CMakeFiles/__idf_esp_hw_support.dir/esp_clk.c.obj
[390/1143] Building C object esp-idf/esp_hw_support/CMakeFiles/__idf_esp_hw_support.dir/mac_addr.c.obj
[391/1143] Building C object esp-idf/esp_hw_support/CMakeFiles/__idf_esp_hw_support.dir/esp_gpio_reserve.c.obj
[392/1143] Building C object esp-idf/esp_hw_support/CMakeFiles/__idf_esp_hw_support.dir/regi2c_ctrl.c.obj
[393/1143] Building C object esp-idf/esp_hw_support/CMakeFiles/__idf_esp_hw_support.dir/rtc_module.c.obj
[394/1143] Building C object esp-idf/esp_hw_support/CMakeFiles/__idf_esp_hw_support.dir/periph_ctrl.c.obj
[395/1143] Building C object esp-idf/esp_hw_support/CMakeFiles/__idf_esp_hw_support.dir/port/esp32s3/io_mux.c.obj
[396/1143] Building C object esp-idf/esp_hw_support/CMakeFiles/__idf_esp_hw_support.dir/sar_tsens_ctrl.c.obj
[397/1143] Building C object esp-idf/esp_hw_support/CMakeFiles/__idf_esp_hw_support.dir/port/esp32s3/esp_clk_tree.c.obj
[398/1143] Building C object esp-idf/freertos/CMakeFiles/__idf_freertos.dir/FreeRTOS-Kernel/tasks.c.obj
[399/1143] Building C object esp-idf/esp_hw_support/CMakeFiles/__idf_esp_hw_support.dir/intr_alloc.c.obj
[400/1143] Building C object esp-idf/esp_hw_support/CMakeFiles/__idf_esp_hw_support.dir/heap_align_hw.c.obj
[401/1143] Building C object esp-idf/esp_hw_support/CMakeFiles/__idf_esp_hw_support.dir/clk_utils.c.obj
[402/1143] Building C object esp-idf/esp_hw_support/CMakeFiles/__idf_esp_hw_support.dir/sleep_modem.c.obj
[403/1143] Building C object esp-idf/esp_hw_support/CMakeFiles/__idf_esp_hw_support.dir/spi_share_hw_ctrl.c.obj
[404/1143] Building C object esp-idf/esp_hw_support/CMakeFiles/__idf_esp_hw_support.dir/spi_bus_lock.c.obj
[405/1143] Building C object esp-idf/esp_hw_support/CMakeFiles/__idf_esp_hw_support.dir/sleep_mspi.c.obj
[406/1143] Building C object esp-idf/esp_hw_support/CMakeFiles/__idf_esp_hw_support.dir/sleep_uart.c.obj
[407/1143] Building C object esp-idf/esp_hw_support/CMakeFiles/__idf_esp_hw_support.dir/port/esp_clk_tree_common.c.obj
[408/1143] Building C object esp-idf/esp_hw_support/CMakeFiles/__idf_esp_hw_support.dir/sleep_console.c.obj
[409/1143] Building C object esp-idf/esp_hw_support/CMakeFiles/__idf_esp_hw_support.dir/port/esp32s3/systimer.c.obj
[410/1143] Building C object esp-idf/esp_hw_support/CMakeFiles/__idf_esp_hw_support.dir/sleep_usb.c.obj
[411/1143] Building C object esp-idf/esp_hw_support/CMakeFiles/__idf_esp_hw_support.dir/adc_share_hw_ctrl.c.obj
[412/1143] Building C object esp-idf/esp_hw_support/CMakeFiles/__idf_esp_hw_support.dir/usb_phy/usb_phy.c.obj
[413/1143] Building C object esp-idf/esp_hw_support/CMakeFiles/__idf_esp_hw_support.dir/sleep_event.c.obj
[414/1143] Building C object esp-idf/esp_hw_support/CMakeFiles/__idf_esp_hw_support.dir/mspi_timing_tuning/mspi_timing_tuning.c.obj
[415/1143] Building C object esp-idf/esp_hw_support/CMakeFiles/__idf_esp_hw_support.dir/sleep_gpio.c.obj
[416/1143] Building C object esp-idf/esp_hw_support/CMakeFiles/__idf_esp_hw_support.dir/port/esp32s3/rtc_clk_init.c.obj
[417/1143] Building C object esp-idf/esp_hw_support/CMakeFiles/__idf_esp_hw_support.dir/sleep_wake_stub.c.obj
[418/1143] Building C object esp-idf/esp_hw_support/CMakeFiles/__idf_esp_hw_support.dir/esp_clock_output.c.obj
[419/1143] Building C object esp-idf/esp_hw_support/CMakeFiles/__idf_esp_hw_support.dir/power_supply/brownout.c.obj
[420/1143] Building C object esp-idf/esp_hw_support/CMakeFiles/__idf_esp_hw_support.dir/port/esp32s3/chip_info.c.obj
[421/1143] Building C object esp-idf/esp_hw_support/CMakeFiles/__idf_esp_hw_support.dir/port/esp_memprot_conv.c.obj
[422/1143] Building C object esp-idf/esp_hw_support/CMakeFiles/__idf_esp_hw_support.dir/port/esp32s3/rtc_clk.c.obj
[423/1143] Building C object esp-idf/esp_hw_support/CMakeFiles/__idf_esp_hw_support.dir/port/esp32s3/rtc_sleep.c.obj
[424/1143] Building C object esp-idf/esp_hw_support/CMakeFiles/__idf_esp_hw_support.dir/port/esp32s3/rtc_init.c.obj
[425/1143] Building C object esp-idf/esp_hw_support/CMakeFiles/__idf_esp_hw_support.dir/port/esp32s3/rtc_time.c.obj
[426/1143] Building C object esp-idf/esp_hw_support/CMakeFiles/__idf_esp_hw_support.dir/port/esp32s3/sar_periph_ctrl.c.obj
[427/1143] Building C object esp-idf/esp_hw_support/CMakeFiles/__idf_esp_hw_support.dir/mspi_timing_tuning/port/esp32s3/mspi_timing_config.c.obj
[428/1143] Linking C static library esp-idf/freertos/libfreertos.a
[429/1143] Building C object esp-idf/esp_hw_support/CMakeFiles/__idf_esp_hw_support.dir/sleep_modes.c.obj
[430/1143] Building C object esp-idf/esp_hal_i2s/CMakeFiles/__idf_esp_hal_i2s.dir/esp32s3/i2s_periph.c.obj
[431/1143] Building C object esp-idf/esp_hal_touch_sens/CMakeFiles/__idf_esp_hal_touch_sens.dir/esp32s3/touch_sensor_periph.c.obj
[432/1143] Building C object esp-idf/esp_hw_support/CMakeFiles/__idf_esp_hw_support.dir/lowpower/port/esp32s3/sleep_cpu.c.obj
[433/1143] Building C object esp-idf/esp_hal_touch_sens/CMakeFiles/__idf_esp_hal_touch_sens.dir/touch_sensor_legacy_hal.c.obj
[434/1143] Building C object esp-idf/esp_hal_touch_sens/CMakeFiles/__idf_esp_hal_touch_sens.dir/touch_sens_hal.c.obj
[435/1143] Building C object esp-idf/esp_hw_support/CMakeFiles/__idf_esp_hw_support.dir/mspi_timing_tuning/port/esp32s3/mspi_timing_by_mspi_delay.c.obj
[436/1143] Building C object esp-idf/esp_hal_touch_sens/CMakeFiles/__idf_esp_hal_touch_sens.dir/esp32s3/touch_sensor_legacy_hal.c.obj
[437/1143] Building C object esp-idf/esp_hal_i2s/CMakeFiles/__idf_esp_hal_i2s.dir/i2s_hal.c.obj
[438/1143] Building C object esp-idf/esp_hal_pmu/CMakeFiles/__idf_esp_hal_pmu.dir/brownout_hal.c.obj
[439/1143] Building C object esp-idf/esp_hal_usb/CMakeFiles/__idf_esp_hal_usb.dir/esp32s3/usb_dwc_periph.c.obj
[440/1143] Building C object esp-idf/esp_hal_pmu/CMakeFiles/__idf_esp_hal_pmu.dir/esp32s3/rtc_cntl_hal.c.obj
[441/1143] Building C object esp-idf/esp_hal_gpio/CMakeFiles/__idf_esp_hal_gpio.dir/esp32s3/dedic_gpio_periph.c.obj
[442/1143] Building C object esp-idf/esp_hal_usb/CMakeFiles/__idf_esp_hal_usb.dir/usb_wrap_hal.c.obj
[443/1143] Building C object esp-idf/esp_hal_gpio/CMakeFiles/__idf_esp_hal_gpio.dir/esp32s3/rtc_io_periph.c.obj
[444/1143] Building C object esp-idf/esp_hal_gpio/CMakeFiles/__idf_esp_hal_gpio.dir/gpio_hal.c.obj
[445/1143] Building C object esp-idf/esp_hal_usb/CMakeFiles/__idf_esp_hal_usb.dir/usb_serial_jtag_hal.c.obj
[446/1143] Building C object esp-idf/esp_hal_gpio/CMakeFiles/__idf_esp_hal_gpio.dir/esp32s3/sdm_periph.c.obj
[447/1143] Building C object esp-idf/soc/CMakeFiles/__idf_soc.dir/dport_access_common.c.obj
[448/1143] Building C object esp-idf/esp_hal_gpio/CMakeFiles/__idf_esp_hal_gpio.dir/sdm_hal.c.obj
[449/1143] Building C object esp-idf/soc/CMakeFiles/__idf_soc.dir/esp32s3/interrupts.c.obj
[450/1143] Building C object esp-idf/soc/CMakeFiles/__idf_soc.dir/lldesc.c.obj
[451/1143] Building C object esp-idf/esp_hal_gpio/CMakeFiles/__idf_esp_hal_gpio.dir/rtc_io_hal.c.obj
[452/1143] Building C object esp-idf/soc/CMakeFiles/__idf_soc.dir/esp32s3/gpio_periph.c.obj
[453/1143] Building C object esp-idf/soc/CMakeFiles/__idf_soc.dir/esp32s3/power_supply_periph.c.obj
[454/1143] Building C object esp-idf/soc/CMakeFiles/__idf_soc.dir/esp32s3/mpi_periph.c.obj
[455/1143] Building C object esp-idf/esp_hal_usb/CMakeFiles/__idf_esp_hal_usb.dir/usb_dwc_hal.c.obj
[456/1143] Building C object esp-idf/heap/CMakeFiles/__idf_heap.dir/port/esp32s3/memory_layout.c.obj
[457/1143] Building C object esp-idf/heap/CMakeFiles/__idf_heap.dir/port/memory_layout_utils.c.obj
[458/1143] Building C object esp-idf/heap/CMakeFiles/__idf_heap.dir/heap_caps_base.c.obj
[459/1143] Building C object esp-idf/esp_hw_support/CMakeFiles/__idf_esp_hw_support.dir/port/esp32s3/esp_memprot.c.obj
[460/1143] Building C object esp-idf/heap/CMakeFiles/__idf_heap.dir/heap_caps_init.c.obj
[461/1143] Building C object esp-idf/heap/CMakeFiles/__idf_heap.dir/multi_heap.c.obj
[462/1143] Building C object esp-idf/log/CMakeFiles/__idf_log.dir/src/os/log_timestamp.c.obj
[463/1143] Building C object esp-idf/log/CMakeFiles/__idf_log.dir/src/os/log_lock.c.obj
[464/1143] Building C object esp-idf/log/CMakeFiles/__idf_log.dir/src/log_timestamp_common.c.obj
[465/1143] Building C object esp-idf/log/CMakeFiles/__idf_log.dir/src/util.c.obj
[466/1143] Building C object esp-idf/heap/CMakeFiles/__idf_heap.dir/heap_caps.c.obj
[467/1143] Linking C static library esp-idf/esp_hw_support/libesp_hw_support.a
[468/1143] Building C object esp-idf/log/CMakeFiles/__idf_log.dir/src/buffer/log_buffers.c.obj
[469/1143] Building C object esp-idf/log/CMakeFiles/__idf_log.dir/src/os/util.c.obj
[470/1143] Building C object esp-idf/log/CMakeFiles/__idf_log.dir/src/log_print.c.obj
[471/1143] Building C object esp-idf/log/CMakeFiles/__idf_log.dir/src/log_format_text.c.obj
[472/1143] Linking C static library esp-idf/esp_hal_i2s/libesp_hal_i2s.a
[473/1143] Building C object esp-idf/log/CMakeFiles/__idf_log.dir/src/os/log_write.c.obj
[474/1143] Building C object esp-idf/log/CMakeFiles/__idf_log.dir/src/log_level/log_level.c.obj
[475/1143] Building C object esp-idf/log/CMakeFiles/__idf_log.dir/src/log.c.obj
[476/1143] Linking C static library esp-idf/esp_hal_touch_sens/libesp_hal_touch_sens.a
[477/1143] Building C object esp-idf/log/CMakeFiles/__idf_log.dir/src/log_level/tag_log_level/tag_log_level.c.obj
[478/1143] Building C object esp-idf/log/CMakeFiles/__idf_log.dir/src/log_level/tag_log_level/linked_list/log_linked_list.c.obj
[479/1143] Linking C static library esp-idf/esp_hal_pmu/libesp_hal_pmu.a
[480/1143] Building C object esp-idf/log/CMakeFiles/__idf_log.dir/src/log_level/tag_log_level/cache/log_binary_heap.c.obj
[481/1143] Building C object esp-idf/hal/CMakeFiles/__idf_hal.dir/hal_utils.c.obj
[482/1143] Building C object esp-idf/hal/CMakeFiles/__idf_hal.dir/efuse_hal.c.obj
[483/1143] Linking C static library esp-idf/esp_hal_usb/libesp_hal_usb.a
[484/1143] Building C object esp-idf/hal/CMakeFiles/__idf_hal.dir/esp32s3/efuse_hal.c.obj
[485/1143] Building C object esp-idf/hal/CMakeFiles/__idf_hal.dir/color_hal.c.obj
[486/1143] Linking C static library esp-idf/esp_hal_gpio/libesp_hal_gpio.a
[487/1143] Building C object esp-idf/esp_rom/CMakeFiles/__idf_esp_rom.dir/patches/esp_rom_sys.c.obj
[488/1143] Building C object esp-idf/esp_rom/CMakeFiles/__idf_esp_rom.dir/patches/esp_rom_crc.c.obj
[489/1143] Building C object esp-idf/hal/CMakeFiles/__idf_hal.dir/mmu_hal.c.obj
[490/1143] Linking C static library esp-idf/soc/libsoc.a
[491/1143] Building C object esp-idf/hal/CMakeFiles/__idf_hal.dir/systimer_hal.c.obj
[492/1143] Building C object esp-idf/hal/CMakeFiles/__idf_hal.dir/cache_hal.c.obj
[493/1143] Building ASM object esp-idf/esp_rom/CMakeFiles/__idf_esp_rom.dir/patches/esp_rom_longjmp.S.obj
[494/1143] Building C object esp-idf/esp_rom/CMakeFiles/__idf_esp_rom.dir/patches/esp_rom_efuse.c.obj
[495/1143] Building C object esp-idf/esp_rom/CMakeFiles/__idf_esp_rom.dir/patches/esp_rom_spiflash.c.obj
[496/1143] Building C object esp-idf/esp_rom/CMakeFiles/__idf_esp_rom.dir/patches/esp_rom_print.c.obj
[497/1143] Building C object esp-idf/esp_rom/CMakeFiles/__idf_esp_rom.dir/patches/esp_rom_gpio.c.obj
[498/1143] Building C object esp-idf/esp_rom/CMakeFiles/__idf_esp_rom.dir/patches/esp_rom_serial_output.c.obj
[499/1143] Building ASM object esp-idf/esp_rom/CMakeFiles/__idf_esp_rom.dir/patches/esp_rom_cache_writeback_esp32s3.S.obj
[500/1143] Building C object esp-idf/esp_rom/CMakeFiles/__idf_esp_rom.dir/patches/esp_rom_systimer.c.obj
[501/1143] Building C object esp-idf/esp_rom/CMakeFiles/__idf_esp_rom.dir/patches/esp_rom_cache_esp32s2_esp32s3.c.obj
[502/1143] Building C object esp-idf/esp_system/CMakeFiles/__idf_esp_system.dir/esp_err.c.obj
[503/1143] Building C object esp-idf/heap/CMakeFiles/__idf_heap.dir/tlsf/tlsf.c.obj
[504/1143] Building C object esp-idf/esp_system/CMakeFiles/__idf_esp_system.dir/crosscore_int.c.obj
[505/1143] Building C object esp-idf/esp_system/CMakeFiles/__idf_esp_system.dir/esp_ipc.c.obj
[506/1143] Building C object esp-idf/esp_system/CMakeFiles/__idf_esp_system.dir/freertos_hooks.c.obj
[507/1143] Linking C static library esp-idf/heap/libheap.a
[508/1143] Building C object esp-idf/esp_system/CMakeFiles/__idf_esp_system.dir/esp_system.c.obj
[509/1143] Linking C static library esp-idf/log/liblog.a
[510/1143] Building C object esp-idf/esp_system/CMakeFiles/__idf_esp_system.dir/int_wdt.c.obj
[511/1143] Building C object esp-idf/esp_system/CMakeFiles/__idf_esp_system.dir/startup.c.obj
[512/1143] Linking C static library esp-idf/hal/libhal.a
[513/1143] Building C object esp-idf/esp_system/CMakeFiles/__idf_esp_system.dir/system_time.c.obj
[514/1143] Building C object esp-idf/esp_system/CMakeFiles/__idf_esp_system.dir/stack_check.c.obj
[515/1143] Building C object esp-idf/esp_system/CMakeFiles/__idf_esp_system.dir/panic.c.obj
[516/1143] Linking C static library esp-idf/esp_rom/libesp_rom.a
[517/1143] Building C object esp-idf/esp_common/CMakeFiles/__idf_esp_common.dir/src/esp_err_to_name.c.obj
[518/1143] Building C object esp-idf/esp_system/CMakeFiles/__idf_esp_system.dir/ubsan.c.obj
[519/1143] Building C object esp-idf/esp_system/CMakeFiles/__idf_esp_system.dir/startup_funcs.c.obj
[520/1143] Building C object esp-idf/esp_system/CMakeFiles/__idf_esp_system.dir/xt_wdt.c.obj
[521/1143] Building C object esp-idf/esp_system/CMakeFiles/__idf_esp_system.dir/port/esp_system_chip.c.obj
[522/1143] Building C object esp-idf/esp_system/CMakeFiles/__idf_esp_system.dir/port/panic_handler.c.obj
[523/1143] Building C object esp-idf/esp_system/CMakeFiles/__idf_esp_system.dir/port/arch/xtensa/esp_ipc_isr_port.c.obj
[524/1143] Building C object esp-idf/esp_system/CMakeFiles/__idf_esp_system.dir/port/image_process.c.obj
[525/1143] Building C object esp-idf/esp_system/CMakeFiles/__idf_esp_system.dir/port/esp_ipc_isr.c.obj
[526/1143] Building C object esp-idf/esp_system/CMakeFiles/__idf_esp_system.dir/task_wdt/task_wdt_impl_timergroup.c.obj
[527/1143] Building ASM object esp-idf/esp_system/CMakeFiles/__idf_esp_system.dir/port/arch/xtensa/esp_ipc_isr_routines.S.obj
[528/1143] Building ASM object esp-idf/esp_system/CMakeFiles/__idf_esp_system.dir/port/arch/xtensa/esp_ipc_isr_handler.S.obj
[529/1143] Building ASM object esp-idf/esp_system/CMakeFiles/__idf_esp_system.dir/port/arch/xtensa/panic_handler_asm.S.obj
[530/1143] Building ASM object esp-idf/esp_system/CMakeFiles/__idf_esp_system.dir/port/arch/xtensa/expression_with_stack_asm.S.obj
[531/1143] Building ASM object esp-idf/esp_system/CMakeFiles/__idf_esp_system.dir/port/arch/xtensa/debug_helpers_asm.S.obj
[532/1143] Building C object esp-idf/esp_system/CMakeFiles/__idf_esp_system.dir/task_wdt/task_wdt.c.obj
[533/1143] Building C object esp-idf/esp_system/CMakeFiles/__idf_esp_system.dir/port/arch/xtensa/debug_stubs.c.obj
[534/1143] Building ASM object esp-idf/esp_system/CMakeFiles/__idf_esp_system.dir/port/soc/esp32s3/highint_hdl.S.obj
[535/1143] Building C object esp-idf/esp_system/CMakeFiles/__idf_esp_system.dir/port/arch/xtensa/expression_with_stack.c.obj
[536/1143] Building C object esp-idf/esp_system/CMakeFiles/__idf_esp_system.dir/port/cpu_start.c.obj
[537/1143] Building C object esp-idf/esp_system/CMakeFiles/__idf_esp_system.dir/port/arch/xtensa/trax.c.obj
[538/1143] Building C object esp-idf/esp_system/CMakeFiles/__idf_esp_system.dir/port/arch/xtensa/panic_arch.c.obj
[539/1143] Linking C static library esp-idf/esp_common/libesp_common.a
[540/1143] Building C object esp-idf/esp_system/CMakeFiles/__idf_esp_system.dir/port/arch/xtensa/debug_helpers.c.obj
[541/1143] Building C object esp-idf/esp_system/CMakeFiles/__idf_esp_system.dir/port/soc/esp32s3/reset_reason.c.obj
[542/1143] Building C object esp-idf/spi_flash/CMakeFiles/__idf_spi_flash.dir/flash_brownout_hook.c.obj
[543/1143] Building C object esp-idf/esp_system/CMakeFiles/__idf_esp_system.dir/port/soc/esp32s3/apb_backup_dma.c.obj
[544/1143] Building C object esp-idf/spi_flash/CMakeFiles/__idf_spi_flash.dir/spi_flash_chip_drivers.c.obj
[545/1143] Building C object esp-idf/esp_system/CMakeFiles/__idf_esp_system.dir/port/soc/esp32s3/cache_err_int.c.obj
[546/1143] Building C object esp-idf/spi_flash/CMakeFiles/__idf_spi_flash.dir/spi_flash_hpm_enable.c.obj
[547/1143] Building C object esp-idf/esp_system/CMakeFiles/__idf_esp_system.dir/port/soc/esp32s3/clk.c.obj
[548/1143] Building C object esp-idf/spi_flash/CMakeFiles/__idf_spi_flash.dir/esp32s3/spi_flash_oct_flash_init.c.obj
[549/1143] Building C object esp-idf/esp_system/CMakeFiles/__idf_esp_system.dir/port/soc/esp32s3/system_internal.c.obj
[550/1143] Building C object esp-idf/spi_flash/CMakeFiles/__idf_spi_flash.dir/spi_flash_chip_issi.c.obj
[551/1143] Building C object esp-idf/spi_flash/CMakeFiles/__idf_spi_flash.dir/spi_flash_chip_mxic.c.obj
[552/1143] Building C object esp-idf/spi_flash/CMakeFiles/__idf_spi_flash.dir/spi_flash_chip_boya.c.obj
[553/1143] Building C object esp-idf/spi_flash/CMakeFiles/__idf_spi_flash.dir/spi_flash_chip_gd.c.obj
[554/1143] Building C object esp-idf/spi_flash/CMakeFiles/__idf_spi_flash.dir/spi_flash_chip_th.c.obj
[555/1143] Building C object esp-idf/spi_flash/CMakeFiles/__idf_spi_flash.dir/spi_flash_chip_winbond.c.obj
[556/1143] Building C object esp-idf/spi_flash/CMakeFiles/__idf_spi_flash.dir/spi_flash_blockdev.c.obj
[557/1143] Building C object esp-idf/spi_flash/CMakeFiles/__idf_spi_flash.dir/spi_flash_chip_generic.c.obj
[558/1143] Building C object esp-idf/spi_flash/CMakeFiles/__idf_spi_flash.dir/memspi_host_driver.c.obj
[559/1143] Building C object esp-idf/spi_flash/CMakeFiles/__idf_spi_flash.dir/spi_flash_chip_mxic_opi.c.obj
[560/1143] Building C object esp-idf/spi_flash/CMakeFiles/__idf_spi_flash.dir/spi_flash_wrap.c.obj
[561/1143] Building C object esp-idf/spi_flash/CMakeFiles/__idf_spi_flash.dir/flash_mmap.c.obj
[562/1143] Building C object esp-idf/spi_flash/CMakeFiles/__idf_spi_flash.dir/flash_ops.c.obj
[563/1143] Building C object esp-idf/spi_flash/CMakeFiles/__idf_spi_flash.dir/cache_utils.c.obj
[564/1143] Building C object esp-idf/spi_flash/CMakeFiles/__idf_spi_flash.dir/spi_flash_os_func_noos.c.obj
[565/1143] Linking C static library esp-idf/esp_system/libesp_system.a
[566/1143] Building C object esp-idf/bootloader_support/CMakeFiles/__idf_bootloader_support.dir/src/bootloader_mem.c.obj
[567/1143] Building C object esp-idf/spi_flash/CMakeFiles/__idf_spi_flash.dir/spi_flash_os_func_app.c.obj
[568/1143] Building C object esp-idf/bootloader_support/CMakeFiles/__idf_bootloader_support.dir/src/bootloader_clock_init.c.obj
[569/1143] Building C object esp-idf/bootloader_support/CMakeFiles/__idf_bootloader_support.dir/src/bootloader_random.c.obj
[570/1143] Building C object esp-idf/bootloader_support/CMakeFiles/__idf_bootloader_support.dir/src/bootloader_common.c.obj
[571/1143] Building C object esp-idf/bootloader_support/CMakeFiles/__idf_bootloader_support.dir/src/bootloader_common_loader.c.obj
[572/1143] Building C object esp-idf/spi_flash/CMakeFiles/__idf_spi_flash.dir/esp_flash_spi_init.c.obj
[573/1143] Building C object esp-idf/bootloader_support/CMakeFiles/__idf_bootloader_support.dir/src/bootloader_efuse.c.obj
[574/1143] Building C object esp-idf/bootloader_support/CMakeFiles/__idf_bootloader_support.dir/src/flash_encrypt.c.obj
[575/1143] Building C object esp-idf/bootloader_support/CMakeFiles/__idf_bootloader_support.dir/src/secure_boot.c.obj
[576/1143] Building C object esp-idf/spi_flash/CMakeFiles/__idf_spi_flash.dir/esp_flash_api.c.obj
[577/1143] Building C object esp-idf/bootloader_support/CMakeFiles/__idf_bootloader_support.dir/src/bootloader_random_esp32s3.c.obj
[578/1143] Building C object esp-idf/bootloader_support/CMakeFiles/__idf_bootloader_support.dir/bootloader_flash/src/flash_qio_mode.c.obj
[579/1143] Building C object esp-idf/bootloader_support/CMakeFiles/__idf_bootloader_support.dir/src/flash_partitions.c.obj
[580/1143] Building C object esp-idf/bootloader_support/CMakeFiles/__idf_bootloader_support.dir/bootloader_flash/src/bootloader_flash_config_esp32s3.c.obj
[581/1143] Building C object esp-idf/esp_hal_ana_conv/CMakeFiles/__idf_esp_hal_ana_conv.dir/esp32s3/adc_periph.c.obj
[582/1143] Linking C static library esp-idf/spi_flash/libspi_flash.a
[583/1143] Building C object esp-idf/bootloader_support/CMakeFiles/__idf_bootloader_support.dir/bootloader_flash/src/bootloader_flash.c.obj
[584/1143] Building C object esp-idf/bootloader_support/CMakeFiles/__idf_bootloader_support.dir/src/esp32s3/secure_boot_secure_features.c.obj
[585/1143] Building C object esp-idf/esp_hal_ana_conv/CMakeFiles/__idf_esp_hal_ana_conv.dir/esp32s3/temperature_sensor_periph.c.obj
[586/1143] Building C object esp-idf/bootloader_support/CMakeFiles/__idf_bootloader_support.dir/src/bootloader_sha.c.obj
[587/1143] Building C object esp-idf/esp_hal_wdt/CMakeFiles/__idf_esp_hal_wdt.dir/esp32s3/mwdt_periph.c.obj
[588/1143] Building C object esp-idf/esp_hal_ana_conv/CMakeFiles/__idf_esp_hal_ana_conv.dir/adc_oneshot_hal.c.obj
[589/1143] Building C object esp-idf/esp_hal_ana_conv/CMakeFiles/__idf_esp_hal_ana_conv.dir/adc_hal_common.c.obj
[590/1143] Building C object esp-idf/esp_hal_ana_conv/CMakeFiles/__idf_esp_hal_ana_conv.dir/temperature_sensor_hal.c.obj
[591/1143] Building C object esp-idf/bootloader_support/CMakeFiles/__idf_bootloader_support.dir/src/bootloader_utility.c.obj
[592/1143] Building C object esp-idf/bootloader_support/CMakeFiles/__idf_bootloader_support.dir/src/esp_image_format.c.obj
[593/1143] Building C object esp-idf/esp_hal_wdt/CMakeFiles/__idf_esp_hal_wdt.dir/rom_patch.c.obj
[594/1143] Building C object esp-idf/mbedtls/mbedtls/tf-psa-crypto/drivers/everest/CMakeFiles/everest.dir/library/x25519.c.obj
[595/1143] Building C object esp-idf/esp_hal_wdt/CMakeFiles/__idf_esp_hal_wdt.dir/xt_wdt_hal.c.obj
[596/1143] Building C object esp-idf/esp_hal_timg/CMakeFiles/__idf_esp_hal_timg.dir/esp32s3/timer_periph.c.obj
[597/1143] Building C object esp-idf/mbedtls/mbedtls/tf-psa-crypto/drivers/everest/CMakeFiles/everest.dir/library/Hacl_Curve25519_joined.c.obj
[598/1143] Building C object esp-idf/esp_hal_ana_conv/CMakeFiles/__idf_esp_hal_ana_conv.dir/adc_hal.c.obj
[599/1143] Building C object esp-idf/esp_hal_timg/CMakeFiles/__idf_esp_hal_timg.dir/timer_hal.c.obj
[600/1143] Linking C static library esp-idf/bootloader_support/libbootloader_support.a
[601/1143] Building C object esp-idf/mbedtls/mbedtls/tf-psa-crypto/drivers/builtin/CMakeFiles/builtin.dir/src/aesce.c.obj
[602/1143] Building C object esp-idf/mbedtls/mbedtls/tf-psa-crypto/drivers/builtin/CMakeFiles/builtin.dir/src/aesni.c.obj
[603/1143] Building C object esp-idf/mbedtls/mbedtls/tf-psa-crypto/drivers/builtin/CMakeFiles/builtin.dir/src/aria.c.obj
[604/1143] Linking C static library esp-idf/esp_hal_ana_conv/libesp_hal_ana_conv.a
[605/1143] Building C object esp-idf/mbedtls/mbedtls/tf-psa-crypto/drivers/p256-m/CMakeFiles/p256-m.dir/p256-m/p256-m.c.obj
[606/1143] Building C object esp-idf/mbedtls/mbedtls/tf-psa-crypto/drivers/p256-m/CMakeFiles/p256-m.dir/p256-m_driver_entrypoints.c.obj
[607/1143] Building C object esp-idf/mbedtls/mbedtls/tf-psa-crypto/drivers/builtin/CMakeFiles/builtin.dir/src/bignum_mod.c.obj
[608/1143] Linking C static library esp-idf/esp_hal_wdt/libesp_hal_wdt.a
[609/1143] Building C object esp-idf/mbedtls/mbedtls/tf-psa-crypto/drivers/builtin/CMakeFiles/builtin.dir/src/bignum_mod_raw.c.obj
[610/1143] Building C object esp-idf/mbedtls/mbedtls/tf-psa-crypto/drivers/builtin/CMakeFiles/builtin.dir/src/camellia.c.obj
[611/1143] Building C object esp-idf/mbedtls/mbedtls/tf-psa-crypto/drivers/builtin/CMakeFiles/builtin.dir/src/block_cipher.c.obj
[612/1143] Linking C static library esp-idf/esp_hal_timg/libesp_hal_timg.a
[613/1143] Linking CXX static library esp-idf/mbedtls/mbedtls/tf-psa-crypto/drivers/everest/libeverest.a
[614/1143] Building C object esp-idf/mbedtls/mbedtls/tf-psa-crypto/drivers/builtin/CMakeFiles/builtin.dir/src/chacha20_neon.c.obj
[615/1143] Building C object esp-idf/mbedtls/mbedtls/tf-psa-crypto/drivers/builtin/CMakeFiles/builtin.dir/src/chacha20.c.obj
[616/1143] Building C object esp-idf/mbedtls/mbedtls/tf-psa-crypto/drivers/builtin/CMakeFiles/builtin.dir/src/chachapoly.c.obj
[617/1143] Linking CXX static library esp-idf/mbedtls/mbedtls/tf-psa-crypto/drivers/p256-m/libp256-m.a
[618/1143] Building C object esp-idf/mbedtls/mbedtls/tf-psa-crypto/drivers/builtin/CMakeFiles/builtin.dir/src/cipher_wrap.c.obj
[619/1143] Building C object esp-idf/mbedtls/mbedtls/tf-psa-crypto/drivers/builtin/CMakeFiles/builtin.dir/src/ccm.c.obj
[620/1143] Building C object esp-idf/mbedtls/mbedtls/tf-psa-crypto/drivers/builtin/CMakeFiles/builtin.dir/src/ecjpake.c.obj
[621/1143] Building C object esp-idf/mbedtls/mbedtls/tf-psa-crypto/drivers/builtin/CMakeFiles/builtin.dir/src/cmac.c.obj
[622/1143] Building C object esp-idf/mbedtls/mbedtls/tf-psa-crypto/drivers/builtin/CMakeFiles/builtin.dir/src/bignum_core.c.obj
[623/1143] Building C object esp-idf/mbedtls/mbedtls/tf-psa-crypto/drivers/builtin/CMakeFiles/builtin.dir/src/cipher.c.obj
[624/1143] Building C object esp-idf/mbedtls/mbedtls/tf-psa-crypto/drivers/builtin/CMakeFiles/builtin.dir/src/ctr_drbg.c.obj
[625/1143] Building C object esp-idf/mbedtls/mbedtls/tf-psa-crypto/drivers/builtin/CMakeFiles/builtin.dir/src/ecdsa.c.obj
[626/1143] Building C object esp-idf/mbedtls/mbedtls/tf-psa-crypto/drivers/builtin/CMakeFiles/builtin.dir/src/entropy.c.obj
[627/1143] Building C object esp-idf/mbedtls/mbedtls/tf-psa-crypto/drivers/builtin/CMakeFiles/builtin.dir/src/ecp_curves_new.c.obj
[628/1143] Building C object esp-idf/mbedtls/mbedtls/tf-psa-crypto/drivers/builtin/CMakeFiles/builtin.dir/src/entropy_poll.c.obj
[629/1143] Building C object esp-idf/mbedtls/mbedtls/tf-psa-crypto/drivers/builtin/CMakeFiles/builtin.dir/src/md5.c.obj
[630/1143] Building C object esp-idf/mbedtls/mbedtls/tf-psa-crypto/drivers/builtin/CMakeFiles/builtin.dir/src/aes.c.obj
[631/1143] Building C object esp-idf/mbedtls/mbedtls/tf-psa-crypto/drivers/builtin/CMakeFiles/builtin.dir/src/poly1305.c.obj
[632/1143] Building C object esp-idf/mbedtls/mbedtls/tf-psa-crypto/drivers/builtin/CMakeFiles/builtin.dir/src/psa_crypto_aead.c.obj
[633/1143] Building C object esp-idf/mbedtls/mbedtls/tf-psa-crypto/drivers/builtin/CMakeFiles/builtin.dir/src/hmac_drbg.c.obj
[634/1143] Building C object esp-idf/mbedtls/mbedtls/tf-psa-crypto/drivers/builtin/CMakeFiles/builtin.dir/src/bignum.c.obj
[635/1143] Building C object esp-idf/mbedtls/mbedtls/tf-psa-crypto/drivers/builtin/CMakeFiles/builtin.dir/src/psa_crypto_cipher.c.obj
[636/1143] Building C object esp-idf/mbedtls/mbedtls/tf-psa-crypto/drivers/builtin/CMakeFiles/builtin.dir/src/ecp_curves.c.obj
[637/1143] Building C object esp-idf/mbedtls/mbedtls/tf-psa-crypto/drivers/builtin/CMakeFiles/builtin.dir/src/gcm.c.obj
[638/1143] Building C object esp-idf/mbedtls/mbedtls/tf-psa-crypto/drivers/builtin/CMakeFiles/builtin.dir/src/psa_crypto_hash.c.obj
[639/1143] Building C object esp-idf/mbedtls/mbedtls/tf-psa-crypto/drivers/builtin/CMakeFiles/builtin.dir/src/psa_crypto_ffdh.c.obj
[640/1143] Building C object esp-idf/mbedtls/mbedtls/tf-psa-crypto/drivers/builtin/CMakeFiles/builtin.dir/src/psa_crypto_ecp.c.obj
[641/1143] Building C object esp-idf/mbedtls/mbedtls/tf-psa-crypto/drivers/builtin/CMakeFiles/builtin.dir/src/psa_crypto_pake.c.obj
[642/1143] Building C object esp-idf/mbedtls/mbedtls/tf-psa-crypto/drivers/builtin/CMakeFiles/builtin.dir/src/ripemd160.c.obj
[643/1143] Building C object esp-idf/mbedtls/mbedtls/tf-psa-crypto/drivers/builtin/CMakeFiles/builtin.dir/src/psa_crypto_mac.c.obj
[644/1143] Building C object esp-idf/mbedtls/mbedtls/tf-psa-crypto/drivers/builtin/CMakeFiles/builtin.dir/src/psa_crypto_xof.c.obj
[645/1143] Building C object esp-idf/mbedtls/mbedtls/tf-psa-crypto/drivers/builtin/CMakeFiles/builtin.dir/src/sha1.c.obj
[646/1143] Building C object esp-idf/mbedtls/mbedtls/tf-psa-crypto/drivers/builtin/CMakeFiles/builtin.dir/src/psa_util_internal.c.obj
[647/1143] Building C object esp-idf/mbedtls/mbedtls/tf-psa-crypto/drivers/pqcp/CMakeFiles/pqcp.dir/src/psa_crypto_mldsa.c.obj
[648/1143] Building C object esp-idf/mbedtls/mbedtls/tf-psa-crypto/drivers/builtin/CMakeFiles/builtin.dir/src/sha512.c.obj
[649/1143] Building C object esp-idf/mbedtls/mbedtls/tf-psa-crypto/drivers/builtin/CMakeFiles/builtin.dir/src/rsa_alt_helpers.c.obj
[650/1143] Building C object esp-idf/mbedtls/mbedtls/tf-psa-crypto/drivers/pqcp/CMakeFiles/pqcp.dir/src/wrap_mldsa_native.c.obj
[651/1143] Building C object esp-idf/mbedtls/mbedtls/tf-psa-crypto/extras/CMakeFiles/extras.dir/lmots.c.obj
[652/1143] Building C object esp-idf/mbedtls/mbedtls/tf-psa-crypto/drivers/builtin/CMakeFiles/builtin.dir/src/psa_crypto_rsa.c.obj
[653/1143] Building C object esp-idf/mbedtls/mbedtls/tf-psa-crypto/extras/CMakeFiles/extras.dir/lms.c.obj
[654/1143] Building C object esp-idf/mbedtls/mbedtls/tf-psa-crypto/extras/CMakeFiles/extras.dir/nist_kw.c.obj
[655/1143] Building C object esp-idf/mbedtls/mbedtls/tf-psa-crypto/drivers/builtin/CMakeFiles/builtin.dir/src/ecp.c.obj
[656/1143] Building C object esp-idf/mbedtls/mbedtls/tf-psa-crypto/drivers/builtin/CMakeFiles/builtin.dir/src/sha3.c.obj
[657/1143] Building C object esp-idf/mbedtls/mbedtls/tf-psa-crypto/drivers/builtin/CMakeFiles/builtin.dir/src/sha256.c.obj
[658/1143] Building C object esp-idf/mbedtls/mbedtls/tf-psa-crypto/extras/CMakeFiles/extras.dir/pk_ecc.c.obj
[659/1143] Building C object esp-idf/mbedtls/mbedtls/tf-psa-crypto/extras/CMakeFiles/extras.dir/pk_rsa.c.obj
[660/1143] Building C object esp-idf/mbedtls/mbedtls/tf-psa-crypto/platform/CMakeFiles/platform.dir/memory_buffer_alloc.c.obj
[661/1143] Building C object esp-idf/mbedtls/mbedtls/tf-psa-crypto/platform/CMakeFiles/platform.dir/platform.c.obj
[662/1143] Building C object esp-idf/mbedtls/mbedtls/tf-psa-crypto/extras/CMakeFiles/extras.dir/md.c.obj
[663/1143] Building C object esp-idf/mbedtls/mbedtls/tf-psa-crypto/extras/CMakeFiles/extras.dir/pk_wrap.c.obj
[664/1143] Building C object esp-idf/mbedtls/mbedtls/tf-psa-crypto/platform/CMakeFiles/platform.dir/platform_util.c.obj
[665/1143] Building C object esp-idf/mbedtls/mbedtls/tf-psa-crypto/platform/CMakeFiles/platform.dir/threading.c.obj
[666/1143] Building C object esp-idf/mbedtls/mbedtls/tf-psa-crypto/extras/CMakeFiles/extras.dir/pkwrite.c.obj
[667/1143] Building C object esp-idf/mbedtls/mbedtls/tf-psa-crypto/utilities/CMakeFiles/utilities.dir/asn1parse.c.obj
[668/1143] Building C object esp-idf/mbedtls/mbedtls/tf-psa-crypto/utilities/CMakeFiles/utilities.dir/asn1write.c.obj
[669/1143] Building C object esp-idf/mbedtls/mbedtls/tf-psa-crypto/extras/CMakeFiles/extras.dir/pkparse.c.obj
[670/1143] Building C object esp-idf/mbedtls/mbedtls/tf-psa-crypto/utilities/CMakeFiles/utilities.dir/base64.c.obj
[671/1143] Building C object esp-idf/mbedtls/mbedtls/tf-psa-crypto/utilities/CMakeFiles/utilities.dir/constant_time.c.obj
[672/1143] Building C object esp-idf/mbedtls/mbedtls/tf-psa-crypto/drivers/builtin/CMakeFiles/builtin.dir/src/rsa.c.obj
[673/1143] Building C object esp-idf/mbedtls/mbedtls/tf-psa-crypto/core/CMakeFiles/tfpsacrypto.dir/psa_crypto_random.c.obj
[674/1143] Building C object esp-idf/mbedtls/mbedtls/tf-psa-crypto/core/CMakeFiles/tfpsacrypto.dir/psa_crypto_client.c.obj
[675/1143] Building C object esp-idf/mbedtls/mbedtls/tf-psa-crypto/utilities/CMakeFiles/utilities.dir/oid.c.obj
[676/1143] Building C object esp-idf/mbedtls/mbedtls/tf-psa-crypto/extras/CMakeFiles/extras.dir/pk.c.obj
[677/1143] Linking CXX static library esp-idf/mbedtls/mbedtls/tf-psa-crypto/drivers/builtin/libmbed-builtin.a
[678/1143] Building C object esp-idf/mbedtls/mbedtls/tf-psa-crypto/core/CMakeFiles/tfpsacrypto.dir/psa_its_file.c.obj
[679/1143] Linking CXX static library esp-idf/mbedtls/mbedtls/tf-psa-crypto/drivers/pqcp/libpqcp.a
[680/1143] Building C object esp-idf/mbedtls/mbedtls/tf-psa-crypto/utilities/CMakeFiles/utilities.dir/pkcs5.c.obj
[681/1143] Building C object esp-idf/mbedtls/mbedtls/tf-psa-crypto/utilities/CMakeFiles/utilities.dir/pem.c.obj
[682/1143] Linking CXX static library esp-idf/mbedtls/mbedtls/tf-psa-crypto/extras/libextras.a
[683/1143] Linking CXX static library esp-idf/mbedtls/mbedtls/tf-psa-crypto/platform/libplatform.a
[684/1143] Building C object esp-idf/mbedtls/mbedtls/tf-psa-crypto/core/CMakeFiles/tfpsacrypto.dir/tf_psa_crypto_version.c.obj
[685/1143] Building C object esp-idf/mbedtls/mbedtls/tf-psa-crypto/core/CMakeFiles/tfpsacrypto.dir/tf_psa_crypto_config.c.obj
[686/1143] Building C object esp-idf/mbedtls/mbedtls/tf-psa-crypto/core/CMakeFiles/tfpsacrypto.dir/psa_crypto_storage.c.obj
[687/1143] Building C object esp-idf/mbedtls/mbedtls/tf-psa-crypto/core/CMakeFiles/tfpsacrypto.dir/psa_util.c.obj
[688/1143] Linking CXX static library esp-idf/mbedtls/mbedtls/tf-psa-crypto/utilities/libutilities.a
[689/1143] Building C object esp-idf/mbedtls/mbedtls/tf-psa-crypto/core/CMakeFiles/tfpsacrypto.dir/home/lain/.espressif/v6.0.2/esp-idf/components/mbedtls/port/sha/core/esp_sha_gdma_impl.c.obj
[690/1143] Building C object esp-idf/mbedtls/mbedtls/tf-psa-crypto/core/CMakeFiles/tfpsacrypto.dir/psa_crypto_driver_wrappers_no_static.c.obj
[691/1143] Building C object esp-idf/mbedtls/mbedtls/tf-psa-crypto/core/CMakeFiles/tfpsacrypto.dir/home/lain/.espressif/v6.0.2/esp-idf/components/mbedtls/port/aes/dma/esp_aes_gdma_impl.c.obj
[692/1143] Building C object esp-idf/mbedtls/mbedtls/tf-psa-crypto/core/CMakeFiles/tfpsacrypto.dir/psa_crypto_slot_management.c.obj
[693/1143] Building C object esp-idf/mbedtls/mbedtls/tf-psa-crypto/core/CMakeFiles/tfpsacrypto.dir/home/lain/.espressif/v6.0.2/esp-idf/components/mbedtls/port/esp_hardware.c.obj
[694/1143] Building C object esp-idf/mbedtls/mbedtls/tf-psa-crypto/core/CMakeFiles/tfpsacrypto.dir/home/lain/.espressif/v6.0.2/esp-idf/components/mbedtls/port/psa_crypto_storage/esp_psa_its.c.obj
[695/1143] Building C object esp-idf/mbedtls/mbedtls/tf-psa-crypto/core/CMakeFiles/tfpsacrypto.dir/home/lain/.espressif/v6.0.2/esp-idf/components/mbedtls/port/crypto_shared_gdma/esp_crypto_shared_gdma.c.obj
[696/1143] Building C object esp-idf/mbedtls/mbedtls/tf-psa-crypto/core/CMakeFiles/tfpsacrypto.dir/home/lain/.espressif/v6.0.2/esp-idf/components/mbedtls/port/aes/esp_aes_xts.c.obj
[697/1143] Building C object esp-idf/mbedtls/mbedtls/tf-psa-crypto/core/CMakeFiles/tfpsacrypto.dir/home/lain/.espressif/v6.0.2/esp-idf/components/mbedtls/port/aes/esp_aes_common.c.obj
[698/1143] Building C object esp-idf/mbedtls/mbedtls/tf-psa-crypto/core/CMakeFiles/tfpsacrypto.dir/home/lain/.espressif/v6.0.2/esp-idf/components/mbedtls/port/aes/dma/esp_aes_dma_core.c.obj
[699/1143] Building C object esp-idf/mbedtls/mbedtls/tf-psa-crypto/core/CMakeFiles/tfpsacrypto.dir/home/lain/.espressif/v6.0.2/esp-idf/components/mbedtls/port/sha/esp_sha.c.obj
[700/1143] Building C object esp-idf/mbedtls/mbedtls/tf-psa-crypto/core/CMakeFiles/tfpsacrypto.dir/home/lain/.espressif/v6.0.2/esp-idf/components/mbedtls/port/psa_driver/esp_sha/core/psa_crypto_driver_esp_sha256.c.obj
[701/1143] Building C object esp-idf/mbedtls/mbedtls/tf-psa-crypto/core/CMakeFiles/tfpsacrypto.dir/home/lain/.espressif/v6.0.2/esp-idf/components/mbedtls/port/psa_driver/esp_sha/psa_crypto_driver_esp_sha.c.obj
[702/1143] Building C object esp-idf/mbedtls/mbedtls/tf-psa-crypto/core/CMakeFiles/tfpsacrypto.dir/home/lain/.espressif/v6.0.2/esp-idf/components/mbedtls/port/aes/esp_aes.c.obj
[703/1143] Building C object esp-idf/mbedtls/mbedtls/tf-psa-crypto/core/CMakeFiles/tfpsacrypto.dir/home/lain/.espressif/v6.0.2/esp-idf/components/mbedtls/port/psa_driver/esp_sha/core/psa_crypto_driver_esp_sha512.c.obj
[704/1143] Building C object esp-idf/mbedtls/mbedtls/tf-psa-crypto/core/CMakeFiles/tfpsacrypto.dir/home/lain/.espressif/v6.0.2/esp-idf/components/mbedtls/port/aes/esp_aes_gcm.c.obj
[705/1143] Building C object esp-idf/mbedtls/mbedtls/tf-psa-crypto/core/CMakeFiles/tfpsacrypto.dir/home/lain/.espressif/v6.0.2/esp-idf/components/mbedtls/port/psa_driver/esp_md/psa_crypto_driver_esp_md5.c.obj
[706/1143] Building C object esp-idf/mbedtls/mbedtls/tf-psa-crypto/core/CMakeFiles/tfpsacrypto.dir/home/lain/.espressif/v6.0.2/esp-idf/components/mbedtls/port/psa_driver/esp_sha/core/psa_crypto_driver_esp_sha1.c.obj
[707/1143] Building C object esp-idf/mbedtls/mbedtls/tf-psa-crypto/core/CMakeFiles/tfpsacrypto.dir/home/lain/.espressif/v6.0.2/esp-idf/components/mbedtls/port/psa_driver/esp_mac/psa_crypto_driver_esp_hmac_transparent.c.obj
[708/1143] Building C object esp-idf/mbedtls/mbedtls/tf-psa-crypto/core/CMakeFiles/tfpsacrypto.dir/home/lain/.espressif/v6.0.2/esp-idf/components/mbedtls/port/psa_driver/esp_mac/psa_crypto_driver_esp_hmac_opaque.c.obj
[709/1143] Building C object esp-idf/mbedtls/mbedtls/tf-psa-crypto/core/CMakeFiles/tfpsacrypto.dir/home/lain/.espressif/v6.0.2/esp-idf/components/mbedtls/port/sha/core/sha.c.obj
[710/1143] Building C object esp-idf/mbedtls/mbedtls/tf-psa-crypto/core/CMakeFiles/tfpsacrypto.dir/home/lain/.espressif/v6.0.2/esp-idf/components/mbedtls/port/psa_driver/esp_rsa_ds/psa_crypto_driver_esp_rsa_ds_utilities.c.obj
[711/1143] Building C object esp-idf/mbedtls/mbedtls/tf-psa-crypto/core/CMakeFiles/tfpsacrypto.dir/home/lain/.espressif/v6.0.2/esp-idf/components/mbedtls/port/esp_hmac_pbkdf2.c.obj
[712/1143] Building C object esp-idf/mbedtls/mbedtls/tf-psa-crypto/core/CMakeFiles/tfpsacrypto.dir/home/lain/.espressif/v6.0.2/esp-idf/components/mbedtls/port/bignum/bignum_alt.c.obj
[713/1143] Building C object esp-idf/mbedtls/mbedtls/tf-psa-crypto/core/CMakeFiles/tfpsacrypto.dir/home/lain/.espressif/v6.0.2/esp-idf/components/mbedtls/port/psa_driver/esp_rsa_ds/psa_crypto_driver_esp_rsa_ds.c.obj
[714/1143] Building C object esp-idf/mbedtls/mbedtls/library/CMakeFiles/mbedtls.dir/debug.c.obj
[715/1143] Building C object esp-idf/mbedtls/mbedtls/tf-psa-crypto/core/CMakeFiles/tfpsacrypto.dir/home/lain/.espressif/v6.0.2/esp-idf/components/mbedtls/port/bignum/esp_bignum.c.obj
[716/1143] Building C object esp-idf/mbedtls/mbedtls/library/CMakeFiles/mbedtls.dir/mps_reader.c.obj
[717/1143] Building C object esp-idf/mbedtls/mbedtls/tf-psa-crypto/core/CMakeFiles/tfpsacrypto.dir/home/lain/.espressif/v6.0.2/esp-idf/components/mbedtls/port/psa_driver/esp_aes/psa_crypto_driver_esp_aes_gcm.c.obj
[718/1143] Building C object esp-idf/mbedtls/mbedtls/library/CMakeFiles/mbedtls.dir/mps_trace.c.obj
[719/1143] Building C object esp-idf/mbedtls/mbedtls/tf-psa-crypto/core/CMakeFiles/tfpsacrypto.dir/home/lain/.espressif/v6.0.2/esp-idf/components/mbedtls/port/psa_driver/esp_mac/psa_crypto_driver_esp_cmac.c.obj
[720/1143] Building C object esp-idf/mbedtls/mbedtls/library/CMakeFiles/mbedtls.dir/ssl_cookie.c.obj
[721/1143] Building C object esp-idf/mbedtls/mbedtls/tf-psa-crypto/core/CMakeFiles/tfpsacrypto.dir/home/lain/.espressif/v6.0.2/esp-idf/components/mbedtls/port/psa_driver/esp_aes/psa_crypto_driver_esp_aes.c.obj
[722/1143] Building C object esp-idf/mbedtls/mbedtls/library/CMakeFiles/mbedtls.dir/ssl_ciphersuites.c.obj
[723/1143] Building C object esp-idf/mbedtls/mbedtls/library/CMakeFiles/mbedtls.dir/ssl_debug_helpers_generated.c.obj
[724/1143] Building C object esp-idf/mbedtls/mbedtls/library/CMakeFiles/mbedtls.dir/ssl_cache.c.obj
[725/1143] Building C object esp-idf/mbedtls/mbedtls/library/CMakeFiles/mbedtls.dir/ssl_client.c.obj
[726/1143] Building C object esp-idf/mbedtls/mbedtls/library/CMakeFiles/mbedtls.dir/ssl_tls13_keys.c.obj
[727/1143] Building C object esp-idf/mbedtls/mbedtls/library/CMakeFiles/mbedtls.dir/ssl_ticket.c.obj
[728/1143] Building C object esp-idf/mbedtls/mbedtls/library/CMakeFiles/mbedtls.dir/ssl_tls13_server.c.obj
[729/1143] Building C object esp-idf/mbedtls/mbedtls/library/CMakeFiles/mbedtls.dir/ssl_tls13_client.c.obj
[730/1143] Building C object esp-idf/mbedtls/mbedtls/library/CMakeFiles/mbedtls.dir/ssl_tls13_generic.c.obj
[731/1143] Building C object esp-idf/mbedtls/mbedtls/library/CMakeFiles/mbedtls.dir/timing.c.obj
[732/1143] Building C object esp-idf/mbedtls/mbedtls/library/CMakeFiles/mbedtls.dir/version_features.c.obj
[733/1143] Building C object esp-idf/mbedtls/mbedtls/library/CMakeFiles/mbedtls.dir/version.c.obj
[734/1143] Building C object esp-idf/mbedtls/mbedtls/library/CMakeFiles/mbedtls.dir/home/lain/.espressif/v6.0.2/esp-idf/components/mbedtls/port/esp_platform_time.c.obj
[735/1143] Building C object esp-idf/mbedtls/mbedtls/library/CMakeFiles/mbedtls.dir/home/lain/.espressif/v6.0.2/esp-idf/components/mbedtls/port/mbedtls_debug.c.obj
[736/1143] Building C object esp-idf/mbedtls/mbedtls/library/CMakeFiles/mbedtls.dir/home/lain/.espressif/v6.0.2/esp-idf/components/mbedtls/port/esp_timing.c.obj
[737/1143] Building C object esp-idf/mbedtls/mbedtls/library/CMakeFiles/mbedtls.dir/ssl_tls12_client.c.obj
[738/1143] Building C object esp-idf/mbedtls/mbedtls/library/CMakeFiles/mbedx509.dir/mbedtls_config.c.obj
[739/1143] Building C object esp-idf/mbedtls/mbedtls/library/CMakeFiles/mbedtls.dir/home/lain/.espressif/v6.0.2/esp-idf/components/mbedtls/port/esp_psa_crypto_init.c.obj
[740/1143] Building C object esp-idf/mbedtls/mbedtls/library/CMakeFiles/mbedtls.dir/ssl_tls12_server.c.obj
[741/1143] Building C object esp-idf/mbedtls/mbedtls/library/CMakeFiles/mbedx509.dir/error.c.obj
[742/1143] Building C object esp-idf/mbedtls/mbedtls/library/CMakeFiles/mbedtls.dir/ssl_msg.c.obj
[743/1143] Building C object esp-idf/mbedtls/mbedtls/library/CMakeFiles/mbedtls.dir/home/lain/.espressif/v6.0.2/esp-idf/components/mbedtls/port/net_sockets.c.obj
[744/1143] Building C object esp-idf/mbedtls/mbedtls/library/CMakeFiles/mbedx509.dir/x509_create.c.obj
[745/1143] Building C object esp-idf/mbedtls/mbedtls/library/CMakeFiles/mbedx509.dir/pkcs7.c.obj
[746/1143] Building C object esp-idf/mbedtls/mbedtls/library/CMakeFiles/mbedx509.dir/x509write.c.obj
[747/1143] Building C object esp-idf/mbedtls/mbedtls/library/CMakeFiles/mbedx509.dir/x509_oid.c.obj
[748/1143] Building C object esp-idf/mbedtls/mbedtls/library/CMakeFiles/mbedx509.dir/x509write_crt.c.obj
[749/1143] [poca-plugin] link baseline.elf
[750/1143] Building C object esp-idf/mbedtls/mbedtls/library/CMakeFiles/mbedx509.dir/x509_csr.c.obj
[751/1143] [poca-plugin] strip baseline.elf (keep frame_plugin_entry)
[752/1143] [poca-plugin] link plt.elf
[753/1143] Building C object esp-idf/mbedtls/mbedtls/library/CMakeFiles/mbedx509.dir/x509write_csr.c.obj
[754/1143] [poca-plugin] strip globdat.elf (keep frame_plugin_entry)
[755/1143] [poca-plugin] strip plt.elf (keep frame_plugin_entry)
[756/1143] Building C object esp-idf/mbedtls/mbedtls/library/CMakeFiles/mbedx509.dir/x509_crl.c.obj
[757/1143] [cxx-probe] link cxx_ctor.elf
[758/1143] [cxx-probe] link cxx_tls.elf
[759/1143] [poca-plugin] allowlist/import gates on baseline.elf
-- [poca-plugin] baseline: declared imports=0 undefined-undeclared=0
-- [poca-plugin] baseline: gates OK relocs(R_XTENSA_NONE=0 R_XTENSA_RELATIVE=8 R_XTENSA_RTLD=0 R_XTENSA_GLOB_DAT=0 R_XTENSA_JMP_SLOT=0) undefined=0 entry=frame_plugin_entry
[760/1143] [cxx-probe] compile cxx_rtti.o (flags: -frtti)
[761/1143] [cxx-probe] compile cxx_exceptions.o (flags: -fexceptions;-funwind-tables)
[762/1143] [cxx-probe] compile cxx_unwind.o (flags: -funwind-tables;-fasynchronous-unwind-tables)
[763/1143] [poca-plugin] allowlist/import gates on globdat.elf
-- [poca-plugin] globdat: declared imports=1 undefined-undeclared=0
-- [poca-plugin] globdat: gates OK relocs(R_XTENSA_NONE=0 R_XTENSA_RELATIVE=8 R_XTENSA_RTLD=0 R_XTENSA_GLOB_DAT=2 R_XTENSA_JMP_SLOT=0) undefined=0 entry=frame_plugin_entry
[764/1143] [poca-plugin] allowlist/import gates on plt.elf
-- [poca-plugin] plt: declared imports=1 undefined-undeclared=0
-- [poca-plugin] plt: gates OK relocs(R_XTENSA_NONE=0 R_XTENSA_RELATIVE=7 R_XTENSA_RTLD=2 R_XTENSA_GLOB_DAT=1 R_XTENSA_JMP_SLOT=1) undefined=0 entry=frame_plugin_entry
[765/1143] [cxx-probe] link cxx_dtor.elf
[766/1143] [poca-plugin] allowlist/import gates on import_neg.elf
-- [poca-plugin] import_neg: declared imports=1 undefined-undeclared=0
-- [poca-plugin] import_neg: gates OK relocs(R_XTENSA_NONE=0 R_XTENSA_RELATIVE=4 R_XTENSA_RTLD=2 R_XTENSA_GLOB_DAT=0 R_XTENSA_JMP_SLOT=1) undefined=0 entry=frame_plugin_entry
[767/1143] [cxx-probe] link cxx_exceptions.elf
[768/1143] [cxx-probe] cxx_ctor: gates must REJECT (forbidden C++ feature section;\.ctors)
FAILED: plugins/cxx_ctor/reject.stamp /home/lain/Projects/esp_study/poc-a-wt/poc/apps/poc_a/build/default/plugins/cxx_ctor/reject.stamp 
cd /home/lain/Projects/esp_study/poc-a-wt/poc/apps/poc_a/build/default/esp-idf/main && /usr/bin/cmake -D PROBE_NAME=cxx_ctor -D ELF=/home/lain/Projects/esp_study/poc-a-wt/poc/apps/poc_a/build/default/plugins/cxx_ctor/cxx_ctor.elf -D READELF=/home/lain/.espressif/tools/xtensa-esp-elf/esp-15.2.0_20251204/xtensa-esp-elf/bin/xtensa-esp32s3-elf-g++ -D NM=/home/lain/.espressif/tools/xtensa-esp-elf/esp-15.2.0_20251204/xtensa-esp-elf/bin/xtensa-esp32s3-elf-g++ -D EXPECT_ENTRY=frame_plugin_entry -D "NEEDLES=forbidden C++ feature section;\\.ctors" -D CHECK_SCRIPT=/home/lain/Projects/esp_study/poc-a-wt/poc/apps/poc_a/plugins/check_plugin_elf.cmake -P /home/lain/Projects/esp_study/poc-a-wt/poc/apps/poc_a/plugins/cxx_probes/check_probe_rejection.cmake && /usr/bin/cmake -E touch /home/lain/Projects/esp_study/poc-a-wt/poc/apps/poc_a/build/default/plugins/cxx_ctor/reject.stamp
RegularExpression::compile(): Nested *?+.
RegularExpression::compile(): Error in compile.
CMake Error at /home/lain/Projects/esp_study/poc-a-wt/poc/apps/poc_a/plugins/cxx_probes/check_probe_rejection.cmake:38 (if):
  if given arguments:

    "NOT" "gate_text" "MATCHES" "forbidden C++ feature section"

  Regular expression "forbidden C++ feature section" cannot compile


[769/1143] [cxx-probe] link cxx_rtti.elf
[770/1143] [cxx-probe] cxx_tls: gates must REJECT (relocation allowlist violated;R_XTENSA_TLS)
FAILED: plugins/cxx_tls/reject.stamp /home/lain/Projects/esp_study/poc-a-wt/poc/apps/poc_a/build/default/plugins/cxx_tls/reject.stamp 
cd /home/lain/Projects/esp_study/poc-a-wt/poc/apps/poc_a/build/default/esp-idf/main && /usr/bin/cmake -D PROBE_NAME=cxx_tls -D ELF=/home/lain/Projects/esp_study/poc-a-wt/poc/apps/poc_a/build/default/plugins/cxx_tls/cxx_tls.elf -D READELF=/home/lain/.espressif/tools/xtensa-esp-elf/esp-15.2.0_20251204/xtensa-esp-elf/bin/xtensa-esp32s3-elf-g++ -D NM=/home/lain/.espressif/tools/xtensa-esp-elf/esp-15.2.0_20251204/xtensa-esp-elf/bin/xtensa-esp32s3-elf-g++ -D EXPECT_ENTRY=frame_plugin_entry -D "NEEDLES=relocation allowlist violated;R_XTENSA_TLS" -D CHECK_SCRIPT=/home/lain/Projects/esp_study/poc-a-wt/poc/apps/poc_a/plugins/check_plugin_elf.cmake -P /home/lain/Projects/esp_study/poc-a-wt/poc/apps/poc_a/plugins/cxx_probes/check_probe_rejection.cmake && /usr/bin/cmake -E touch /home/lain/Projects/esp_study/poc-a-wt/poc/apps/poc_a/build/default/plugins/cxx_tls/reject.stamp
CMake Error at /home/lain/Projects/esp_study/poc-a-wt/poc/apps/poc_a/plugins/cxx_probes/check_probe_rejection.cmake:43 (message):
  [cxx-probe] cxx_tls: gates failed (rc=1) but the rejection reason is
  unexpected; missing [relocation allowlist violated;R_XTENSA_TLS] in: CMake
  Error at
  /home/lain/Projects/esp_study/poc-a-wt/poc/apps/poc_a/plugins/check_plugin_elf.cmake:39
  (message):

    [poca-plugin] cxx_tls: readelf -r failed: xtensa-esp-elf-g++: error:
    unrecognized command-line option '-rW'; did you mean '-W'?











[771/1143] Building C object esp-idf/mbedtls/mbedtls/library/CMakeFiles/mbedx509.dir/x509.c.obj
[772/1143] Building C object esp-idf/mbedtls/mbedtls/library/CMakeFiles/mbedtls.dir/ssl_tls.c.obj
[773/1143] [poca-plugin] package+sign baseline.mpb
/home/lain/Projects/esp_study/poc-a-wt/poc/apps/poc_a/build/default/plugins/baseline.mpb: signed 1972 byte mpb, key_id=e5677a1c, sha256=f61c2640343f95efcb82e6c20042b329b418cabdbe82fdae77e9d2abebba01ff
-- [poca-plugin] baseline.mpb size=1972 sha256=f61c2640343f95efcb82e6c20042b329b418cabdbe82fdae77e9d2abebba01ff
[774/1143] Building C object esp-idf/mbedtls/mbedtls/tf-psa-crypto/core/CMakeFiles/tfpsacrypto.dir/psa_crypto.c.obj
[775/1143] Building C object esp-idf/mbedtls/mbedtls/library/CMakeFiles/mbedx509.dir/x509_crt.c.obj
ninja: build stopped: subcommand failed.
BUILD_RC=1
--- build retry after tool-derivation + substring-needle fixes ---
[0/1] Re-running CMake...
-- Component directory /home/lain/.espressif/v6.0.2/esp-idf/components/mqtt does not contain a CMakeLists.txt file. No component will be added
-- Minimal build - OFF
-- Building ESP-IDF components for target esp32s3
-- Checking Python dependencies...
Python requirements are satisfied.
Constraint file: /home/lain/.espressif/tools/espidf.constraints.v6.0.txt
Requirement files:
 - /home/lain/.espressif/v6.0.2/esp-idf/tools/requirements/requirements.core.txt
Python being checked: /home/lain/.espressif/tools/python/v6.0.2/venv/bin/python
NOTICE: Processing 2 dependencies:
NOTICE: [1/2] espressif/cmake_utilities (0.5.3)
NOTICE: [2/2] idf (6.0.2)
-- ESP-TEE is currently supported only on the esp32c6;esp32h2;esp32c5;esp32c61 SoCs
-- KCONFIG_REPORT_VERBOSITY not set, using default
-- Project sdkconfig file /home/lain/Projects/esp_study/poc-a-wt/poc/apps/poc_a/build/default/sdkconfig
NOTE: /home/lain/.espressif/v6.0.2/esp-idf/components/bt/host/nimble/Kconfig.in:1421: BT_NIMBLE_MESH_PROVISIONER: 'default 0' is not a valid bool value (only 'y' and 'n' are allowed). Value is treated as 'n'.
NOTE: /home/lain/.espressif/v6.0.2/esp-idf/components/fatfs/Kconfig:230: FATFS_PRINT_LLI: 'default 0' is not a valid bool value (only 'y' and 'n' are allowed). Value is treated as 'n'.
NOTE: /home/lain/.espressif/v6.0.2/esp-idf/components/fatfs/Kconfig:235: FATFS_PRINT_FLOAT: 'default 0' is not a valid bool value (only 'y' and 'n' are allowed). Value is treated as 'n'.
NOTE: /home/lain/.espressif/v6.0.2/esp-idf/components/bt/sdkconfig.rename.esp32s3:4: duplicate rename mapping for CONFIG_BT_NIMBLE_COEX_PHY_CODED_TX_RX_TLIM_EN: previous target CONFIG_BT_LE_COEX_PHY_CODED_TX_RX_TLIM_EN, new target CONFIG_BT_CTRL_COEX_PHY_CODED_TX_RX_TLIM_EN - last mapping is used
NOTE: /home/lain/.espressif/v6.0.2/esp-idf/components/bt/sdkconfig.rename.esp32s3:5: duplicate rename mapping for CONFIG_BT_NIMBLE_COEX_PHY_CODED_TX_RX_TLIM_DIS: previous target CONFIG_BT_LE_COEX_PHY_CODED_TX_RX_TLIM_DIS, new target CONFIG_BT_CTRL_COEX_PHY_CODED_TX_RX_TLIM_DIS - last mapping is used
Loading defaults file /home/lain/Projects/esp_study/poc-a-wt/poc/apps/poc_a/sdkconfig.defaults...
NOTE: Kconfig parser version: 1
NOTE: Kconfig defaults policy: use sdkconfig
NOTE: Status: Finished successfully
-- Compiler supported targets: xtensa-esp-elf
-- Detecting C compiler ABI info
-- Detecting C compiler ABI info - done
-- Detecting CXX compiler ABI info
-- Detecting CXX compiler ABI info - done
-- Detecting C compiler ABI info
-- Detecting C compiler ABI info - done
-- Detecting CXX compiler ABI info
-- Detecting CXX compiler ABI info - done
-- App "frame_poc_a" version: cab9664-dirty
-- Setting up mbedtls configuration
-- Linkage type is PUBLIC
-- Adding linker script /home/lain/.espressif/v6.0.2/esp-idf/components/esp_hal_wdt/esp32s3/rom.wdt.ld
-- Adding linker script /home/lain/.espressif/v6.0.2/esp-idf/components/esp_system/ld/esp32s3/memory.ld.in
--   -> Preprocessing .in script: /home/lain/.espressif/v6.0.2/esp-idf/components/esp_system/ld/esp32s3/memory.ld.in
-- Adding linker script /home/lain/.espressif/v6.0.2/esp-idf/components/esp_system/ld/esp32s3/sections.ld.in
--   -> Preprocessing .in script: /home/lain/.espressif/v6.0.2/esp-idf/components/esp_system/ld/esp32s3/sections.ld.in
--   -> Applying ldgen processing: /home/lain/Projects/esp_study/poc-a-wt/poc/apps/poc_a/build/default/esp-idf/esp_system/ld/sections.ld.in
-- Adding linker script /home/lain/.espressif/v6.0.2/esp-idf/components/esp_rom/esp32s3/ld/esp32s3.rom.ld
-- Adding linker script /home/lain/.espressif/v6.0.2/esp-idf/components/esp_rom/esp32s3/ld/esp32s3.rom.api.ld
-- Adding linker script /home/lain/.espressif/v6.0.2/esp-idf/components/esp_rom/esp32s3/ld/esp32s3.rom.bt_funcs.ld
-- Adding linker script /home/lain/.espressif/v6.0.2/esp-idf/components/esp_rom/esp32s3/ld/esp32s3.rom.libgcc.ld
-- Adding linker script /home/lain/.espressif/v6.0.2/esp-idf/components/esp_rom/esp32s3/ld/esp32s3.rom.version.ld
-- Adding linker script /home/lain/.espressif/v6.0.2/esp-idf/components/esp_rom/esp32s3/ld/esp32s3.rom.ble_master.ld
-- Adding linker script /home/lain/.espressif/v6.0.2/esp-idf/components/esp_rom/esp32s3/ld/esp32s3.rom.ble_50.ld
-- Adding linker script /home/lain/.espressif/v6.0.2/esp-idf/components/esp_rom/esp32s3/ld/esp32s3.rom.ble_smp.ld
-- Adding linker script /home/lain/.espressif/v6.0.2/esp-idf/components/esp_rom/esp32s3/ld/esp32s3.rom.ble_dtm.ld
-- Adding linker script /home/lain/.espressif/v6.0.2/esp-idf/components/esp_rom/esp32s3/ld/esp32s3.rom.ble_test.ld
-- Adding linker script /home/lain/.espressif/v6.0.2/esp-idf/components/esp_rom/esp32s3/ld/esp32s3.rom.ble_scan.ld
-- Adding linker script /home/lain/.espressif/v6.0.2/esp-idf/components/esp_rom/esp32s3/ld/esp32s3.rom.libc.ld
-- Adding linker script /home/lain/.espressif/v6.0.2/esp-idf/components/soc/esp32s3/ld/esp32s3.peripherals.ld
-- ELF_LOADER: 1.3.3
-- [poca-plugin] pubkey key_id=e5677a1c point=0x04||X||Y(64B) -> /home/lain/Projects/esp_study/poc-a-wt/poc/apps/poc_a/build/default/plugins/generated/poca_pubkey.h
-- [poca-plugin] registered baseline (entry frame_plugin_entry, version 1.0.0)
-- [poca-plugin] registered globdat (entry frame_plugin_entry, version 1.0.0)
-- [poca-plugin] registered plt (entry frame_plugin_entry, version 1.0.0)
-- [poca-plugin] registered import_neg (entry frame_plugin_entry, version 1.0.0)
-- [cxx-probe] registered cxx_ctor (entry frame_plugin_entry, expect-reject: forbidden C++ feature section;.ctors)
-- [cxx-probe] registered cxx_dtor (entry frame_plugin_entry, expect-reject: forbidden C++ feature section;.dtors)
-- [cxx-probe] registered cxx_tls (entry frame_plugin_entry, expect-reject: relocation allowlist violated;R_XTENSA_TLS)
-- [cxx-probe] registered cxx_exceptions (entry frame_plugin_entry, expect-reject: forbidden C++ feature section;.eh_frame)
-- [cxx-probe] registered cxx_rtti (entry frame_plugin_entry, expect-reject: import gate failed;__dynamic_cast)
-- [cxx-probe] registered cxx_unwind (entry frame_plugin_entry, expect-reject: forbidden C++ feature section;.eh_frame)
-- Component idf::esp_trace will be linked with -Wl,--whole-archive
-- Components: app_trace app_update bootloader bootloader_support bt cmock console cxx driver efuse elf_loader esp-tls esp_adc esp_app_format esp_blockdev esp_blockdev_util esp_bootloader_format esp_coex esp_common esp_driver_ana_cmpr esp_driver_bitscrambler esp_driver_cam esp_driver_dac esp_driver_dma esp_driver_gpio esp_driver_gptimer esp_driver_i2c esp_driver_i2s esp_driver_i3c esp_driver_isp esp_driver_jpeg esp_driver_ledc esp_driver_mcpwm esp_driver_parlio esp_driver_pcnt esp_driver_ppa esp_driver_rmt esp_driver_sd_intf esp_driver_sdio esp_driver_sdm esp_driver_sdmmc esp_driver_sdspi esp_driver_spi esp_driver_touch_sens esp_driver_tsens esp_driver_twai esp_driver_uart esp_driver_usb_serial_jtag esp_eth esp_event esp_gdbstub esp_hal_ana_cmpr esp_hal_ana_conv esp_hal_cam esp_hal_clock esp_hal_dma esp_hal_gpio esp_hal_gpspi esp_hal_i2c esp_hal_i2s esp_hal_ieee802154 esp_hal_jpeg esp_hal_lcd esp_hal_ledc esp_hal_mcpwm esp_hal_mspi esp_hal_parlio esp_hal_pcnt esp_hal_pmu esp_hal_ppa esp_hal_rmt esp_hal_rtc_timer esp_hal_sd esp_hal_security esp_hal_timg esp_hal_touch_sens esp_hal_twai esp_hal_uart esp_hal_usb esp_hal_wdt esp_hid esp_http_client esp_http_server esp_https_ota esp_https_server esp_hw_support esp_lcd esp_libc esp_local_ctrl esp_mm esp_netif esp_netif_stack esp_partition esp_phy esp_pm esp_psram esp_ringbuf esp_rom esp_security esp_stdio esp_system esp_timer esp_trace esp_usb_cdc_rom_console esp_wifi espcoredump espressif__cmake_utilities esptool_py fatfs frame_poc_mpb frame_poc_runtime freertos hal heap http_parser idf_test ieee802154 log lwip main mbedtls nvs_flash nvs_sec_provider openthread partition_table perfmon protobuf-c protocomm pthread rt sdmmc soc spi_flash spiffs tcp_transport ulp unity vfs wear_levelling wpa_supplicant xtensa
-- Component paths: /home/lain/.espressif/v6.0.2/esp-idf/components/app_trace /home/lain/.espressif/v6.0.2/esp-idf/components/app_update /home/lain/.espressif/v6.0.2/esp-idf/components/bootloader /home/lain/.espressif/v6.0.2/esp-idf/components/bootloader_support /home/lain/.espressif/v6.0.2/esp-idf/components/bt /home/lain/.espressif/v6.0.2/esp-idf/components/cmock /home/lain/.espressif/v6.0.2/esp-idf/components/console /home/lain/.espressif/v6.0.2/esp-idf/components/cxx /home/lain/.espressif/v6.0.2/esp-idf/components/driver /home/lain/.espressif/v6.0.2/esp-idf/components/efuse /home/lain/Projects/esp_study/poc-a-wt/poc/apps/poc_a/components/elf_loader /home/lain/.espressif/v6.0.2/esp-idf/components/esp-tls /home/lain/.espressif/v6.0.2/esp-idf/components/esp_adc /home/lain/.espressif/v6.0.2/esp-idf/components/esp_app_format /home/lain/.espressif/v6.0.2/esp-idf/components/esp_blockdev /home/lain/.espressif/v6.0.2/esp-idf/components/esp_blockdev_util /home/lain/.espressif/v6.0.2/esp-idf/components/esp_bootloader_format /home/lain/.espressif/v6.0.2/esp-idf/components/esp_coex /home/lain/.espressif/v6.0.2/esp-idf/components/esp_common /home/lain/.espressif/v6.0.2/esp-idf/components/esp_driver_ana_cmpr /home/lain/.espressif/v6.0.2/esp-idf/components/esp_driver_bitscrambler /home/lain/.espressif/v6.0.2/esp-idf/components/esp_driver_cam /home/lain/.espressif/v6.0.2/esp-idf/components/esp_driver_dac /home/lain/.espressif/v6.0.2/esp-idf/components/esp_driver_dma /home/lain/.espressif/v6.0.2/esp-idf/components/esp_driver_gpio /home/lain/.espressif/v6.0.2/esp-idf/components/esp_driver_gptimer /home/lain/.espressif/v6.0.2/esp-idf/components/esp_driver_i2c /home/lain/.espressif/v6.0.2/esp-idf/components/esp_driver_i2s /home/lain/.espressif/v6.0.2/esp-idf/components/esp_driver_i3c /home/lain/.espressif/v6.0.2/esp-idf/components/esp_driver_isp /home/lain/.espressif/v6.0.2/esp-idf/components/esp_driver_jpeg /home/lain/.espressif/v6.0.2/esp-idf/components/esp_driver_ledc /home/lain/.espressif/v6.0.2/esp-idf/components/esp_driver_mcpwm /home/lain/.espressif/v6.0.2/esp-idf/components/esp_driver_parlio /home/lain/.espressif/v6.0.2/esp-idf/components/esp_driver_pcnt /home/lain/.espressif/v6.0.2/esp-idf/components/esp_driver_ppa /home/lain/.espressif/v6.0.2/esp-idf/components/esp_driver_rmt /home/lain/.espressif/v6.0.2/esp-idf/components/esp_driver_sd_intf /home/lain/.espressif/v6.0.2/esp-idf/components/esp_driver_sdio /home/lain/.espressif/v6.0.2/esp-idf/components/esp_driver_sdm /home/lain/.espressif/v6.0.2/esp-idf/components/esp_driver_sdmmc /home/lain/.espressif/v6.0.2/esp-idf/components/esp_driver_sdspi /home/lain/.espressif/v6.0.2/esp-idf/components/esp_driver_spi /home/lain/.espressif/v6.0.2/esp-idf/components/esp_driver_touch_sens /home/lain/.espressif/v6.0.2/esp-idf/components/esp_driver_tsens /home/lain/.espressif/v6.0.2/esp-idf/components/esp_driver_twai /home/lain/.espressif/v6.0.2/esp-idf/components/esp_driver_uart /home/lain/.espressif/v6.0.2/esp-idf/components/esp_driver_usb_serial_jtag /home/lain/.espressif/v6.0.2/esp-idf/components/esp_eth /home/lain/.espressif/v6.0.2/esp-idf/components/esp_event /home/lain/.espressif/v6.0.2/esp-idf/components/esp_gdbstub /home/lain/.espressif/v6.0.2/esp-idf/components/esp_hal_ana_cmpr /home/lain/.espressif/v6.0.2/esp-idf/components/esp_hal_ana_conv /home/lain/.espressif/v6.0.2/esp-idf/components/esp_hal_cam /home/lain/.espressif/v6.0.2/esp-idf/components/esp_hal_clock /home/lain/.espressif/v6.0.2/esp-idf/components/esp_hal_dma /home/lain/.espressif/v6.0.2/esp-idf/components/esp_hal_gpio /home/lain/.espressif/v6.0.2/esp-idf/components/esp_hal_gpspi /home/lain/.espressif/v6.0.2/esp-idf/components/esp_hal_i2c /home/lain/.espressif/v6.0.2/esp-idf/components/esp_hal_i2s /home/lain/.espressif/v6.0.2/esp-idf/components/esp_hal_ieee802154 /home/lain/.espressif/v6.0.2/esp-idf/components/esp_hal_jpeg /home/lain/.espressif/v6.0.2/esp-idf/components/esp_hal_lcd /home/lain/.espressif/v6.0.2/esp-idf/components/esp_hal_ledc /home/lain/.espressif/v6.0.2/esp-idf/components/esp_hal_mcpwm /home/lain/.espressif/v6.0.2/esp-idf/components/esp_hal_mspi /home/lain/.espressif/v6.0.2/esp-idf/components/esp_hal_parlio /home/lain/.espressif/v6.0.2/esp-idf/components/esp_hal_pcnt /home/lain/.espressif/v6.0.2/esp-idf/components/esp_hal_pmu /home/lain/.espressif/v6.0.2/esp-idf/components/esp_hal_ppa /home/lain/.espressif/v6.0.2/esp-idf/components/esp_hal_rmt /home/lain/.espressif/v6.0.2/esp-idf/components/esp_hal_rtc_timer /home/lain/.espressif/v6.0.2/esp-idf/components/esp_hal_sd /home/lain/.espressif/v6.0.2/esp-idf/components/esp_hal_security /home/lain/.espressif/v6.0.2/esp-idf/components/esp_hal_timg /home/lain/.espressif/v6.0.2/esp-idf/components/esp_hal_touch_sens /home/lain/.espressif/v6.0.2/esp-idf/components/esp_hal_twai /home/lain/.espressif/v6.0.2/esp-idf/components/esp_hal_uart /home/lain/.espressif/v6.0.2/esp-idf/components/esp_hal_usb /home/lain/.espressif/v6.0.2/esp-idf/components/esp_hal_wdt /home/lain/.espressif/v6.0.2/esp-idf/components/esp_hid /home/lain/.espressif/v6.0.2/esp-idf/components/esp_http_client /home/lain/.espressif/v6.0.2/esp-idf/components/esp_http_server /home/lain/.espressif/v6.0.2/esp-idf/components/esp_https_ota /home/lain/.espressif/v6.0.2/esp-idf/components/esp_https_server /home/lain/.espressif/v6.0.2/esp-idf/components/esp_hw_support /home/lain/.espressif/v6.0.2/esp-idf/components/esp_lcd /home/lain/.espressif/v6.0.2/esp-idf/components/esp_libc /home/lain/.espressif/v6.0.2/esp-idf/components/esp_local_ctrl /home/lain/.espressif/v6.0.2/esp-idf/components/esp_mm /home/lain/.espressif/v6.0.2/esp-idf/components/esp_netif /home/lain/.espressif/v6.0.2/esp-idf/components/esp_netif_stack /home/lain/.espressif/v6.0.2/esp-idf/components/esp_partition /home/lain/.espressif/v6.0.2/esp-idf/components/esp_phy /home/lain/.espressif/v6.0.2/esp-idf/components/esp_pm /home/lain/.espressif/v6.0.2/esp-idf/components/esp_psram /home/lain/.espressif/v6.0.2/esp-idf/components/esp_ringbuf /home/lain/.espressif/v6.0.2/esp-idf/components/esp_rom /home/lain/.espressif/v6.0.2/esp-idf/components/esp_security /home/lain/.espressif/v6.0.2/esp-idf/components/esp_stdio /home/lain/.espressif/v6.0.2/esp-idf/components/esp_system /home/lain/.espressif/v6.0.2/esp-idf/components/esp_timer /home/lain/.espressif/v6.0.2/esp-idf/components/esp_trace /home/lain/.espressif/v6.0.2/esp-idf/components/esp_usb_cdc_rom_console /home/lain/.espressif/v6.0.2/esp-idf/components/esp_wifi /home/lain/.espressif/v6.0.2/esp-idf/components/espcoredump /home/lain/Projects/esp_study/poc-a-wt/poc/apps/poc_a/managed_components/espressif__cmake_utilities /home/lain/.espressif/v6.0.2/esp-idf/components/esptool_py /home/lain/.espressif/v6.0.2/esp-idf/components/fatfs /home/lain/Projects/esp_study/poc-a-wt/poc/common/components/frame_poc_mpb /home/lain/Projects/esp_study/poc-a-wt/poc/common/components/frame_poc_runtime /home/lain/.espressif/v6.0.2/esp-idf/components/freertos /home/lain/.espressif/v6.0.2/esp-idf/components/hal /home/lain/.espressif/v6.0.2/esp-idf/components/heap /home/lain/.espressif/v6.0.2/esp-idf/components/http_parser /home/lain/.espressif/v6.0.2/esp-idf/components/idf_test /home/lain/.espressif/v6.0.2/esp-idf/components/ieee802154 /home/lain/.espressif/v6.0.2/esp-idf/components/log /home/lain/.espressif/v6.0.2/esp-idf/components/lwip /home/lain/Projects/esp_study/poc-a-wt/poc/apps/poc_a/main /home/lain/.espressif/v6.0.2/esp-idf/components/mbedtls /home/lain/.espressif/v6.0.2/esp-idf/components/nvs_flash /home/lain/.espressif/v6.0.2/esp-idf/components/nvs_sec_provider /home/lain/.espressif/v6.0.2/esp-idf/components/openthread /home/lain/.espressif/v6.0.2/esp-idf/components/partition_table /home/lain/.espressif/v6.0.2/esp-idf/components/perfmon /home/lain/.espressif/v6.0.2/esp-idf/components/protobuf-c /home/lain/.espressif/v6.0.2/esp-idf/components/protocomm /home/lain/.espressif/v6.0.2/esp-idf/components/pthread /home/lain/.espressif/v6.0.2/esp-idf/components/rt /home/lain/.espressif/v6.0.2/esp-idf/components/sdmmc /home/lain/.espressif/v6.0.2/esp-idf/components/soc /home/lain/.espressif/v6.0.2/esp-idf/components/spi_flash /home/lain/.espressif/v6.0.2/esp-idf/components/spiffs /home/lain/.espressif/v6.0.2/esp-idf/components/tcp_transport /home/lain/.espressif/v6.0.2/esp-idf/components/ulp /home/lain/.espressif/v6.0.2/esp-idf/components/unity /home/lain/.espressif/v6.0.2/esp-idf/components/vfs /home/lain/.espressif/v6.0.2/esp-idf/components/wear_levelling /home/lain/.espressif/v6.0.2/esp-idf/components/wpa_supplicant /home/lain/.espressif/v6.0.2/esp-idf/components/xtensa
-- Frame platform: IDF 7101770dc6db2667b3c477cc31365dd1acd6db4e, xtensa-esp-elf GCC 15.2.0, esp32s3
-- Configuring done (6.0s)
-- Generating done (0.6s)
-- Build files have been written to: /home/lain/Projects/esp_study/poc-a-wt/poc/apps/poc_a/build/default
[1/371] [cxx-probe] link cxx_unwind.elf
[2/371] [cxx-probe] cxx_tls: gates must REJECT (relocation allowlist violated;R_XTENSA_TLS)
-- [cxx-probe] cxx_tls: pipeline gates REJECTED the probe as required (exit 1); verbatim gate output follows
-- [cxx-probe]   cxx_tls: | CMake Error at /home/lain/Projects/esp_study/poc-a-wt/poc/apps/poc_a/plugins/check_plugin_elf.cmake:67 (message):
-- [cxx-probe]   cxx_tls: |   [poca-plugin] cxx_tls: relocation allowlist violated
-- [cxx-probe]   cxx_tls: |   (R_XTENSA_TLSDESC_ARG
-- [cxx-probe]   cxx_tls: | R_XTENSA_TLSDESC_FN)
-- [cxx-probe]   cxx_tls: |  fix the plugin link flags - the
-- [cxx-probe]   cxx_tls: |   vendored loader rejects these on target
[3/371] [cxx-probe] cxx_ctor: gates must REJECT (forbidden C++ feature section;.ctors)
FAILED: plugins/cxx_ctor/reject.stamp /home/lain/Projects/esp_study/poc-a-wt/poc/apps/poc_a/build/default/plugins/cxx_ctor/reject.stamp 
cd /home/lain/Projects/esp_study/poc-a-wt/poc/apps/poc_a/build/default/esp-idf/main && /usr/bin/cmake -D PROBE_NAME=cxx_ctor -D ELF=/home/lain/Projects/esp_study/poc-a-wt/poc/apps/poc_a/build/default/plugins/cxx_ctor/cxx_ctor.elf -D READELF=/home/lain/.espressif/tools/xtensa-esp-elf/esp-15.2.0_20251204/xtensa-esp-elf/bin/xtensa-esp32s3-elf-readelf -D NM=/home/lain/.espressif/tools/xtensa-esp-elf/esp-15.2.0_20251204/xtensa-esp-elf/bin/xtensa-esp32s3-elf-nm -D EXPECT_ENTRY=frame_plugin_entry -D "NEEDLES=forbidden C++ feature section;.ctors" -D CHECK_SCRIPT=/home/lain/Projects/esp_study/poc-a-wt/poc/apps/poc_a/plugins/check_plugin_elf.cmake -P /home/lain/Projects/esp_study/poc-a-wt/poc/apps/poc_a/plugins/cxx_probes/check_probe_rejection.cmake && /usr/bin/cmake -E touch /home/lain/Projects/esp_study/poc-a-wt/poc/apps/poc_a/build/default/plugins/cxx_ctor/reject.stamp
CMake Error at /home/lain/Projects/esp_study/poc-a-wt/poc/apps/poc_a/plugins/cxx_probes/check_probe_rejection.cmake:30 (message):
  [cxx-probe] cxx_ctor: NOT REJECTED by the pipeline gates - the gates
  accepted a forbidden C++ feature (gate output: -- [poca-plugin] cxx_ctor:
  declared imports=0 undefined-undeclared=0

  -- [poca-plugin] cxx_ctor: gates OK relocs(R_XTENSA_NONE=0
  R_XTENSA_RELATIVE=9 R_XTENSA_RTLD=0 R_XTENSA_GLOB_DAT=0
  R_XTENSA_JMP_SLOT=0) undefined=0 entry=frame_plugin_entry

  )


[4/371] [cxx-probe] cxx_dtor: gates must REJECT (forbidden C++ feature section;.dtors)
FAILED: plugins/cxx_dtor/reject.stamp /home/lain/Projects/esp_study/poc-a-wt/poc/apps/poc_a/build/default/plugins/cxx_dtor/reject.stamp 
cd /home/lain/Projects/esp_study/poc-a-wt/poc/apps/poc_a/build/default/esp-idf/main && /usr/bin/cmake -D PROBE_NAME=cxx_dtor -D ELF=/home/lain/Projects/esp_study/poc-a-wt/poc/apps/poc_a/build/default/plugins/cxx_dtor/cxx_dtor.elf -D READELF=/home/lain/.espressif/tools/xtensa-esp-elf/esp-15.2.0_20251204/xtensa-esp-elf/bin/xtensa-esp32s3-elf-readelf -D NM=/home/lain/.espressif/tools/xtensa-esp-elf/esp-15.2.0_20251204/xtensa-esp-elf/bin/xtensa-esp32s3-elf-nm -D EXPECT_ENTRY=frame_plugin_entry -D "NEEDLES=forbidden C++ feature section;.dtors" -D CHECK_SCRIPT=/home/lain/Projects/esp_study/poc-a-wt/poc/apps/poc_a/plugins/check_plugin_elf.cmake -P /home/lain/Projects/esp_study/poc-a-wt/poc/apps/poc_a/plugins/cxx_probes/check_probe_rejection.cmake && /usr/bin/cmake -E touch /home/lain/Projects/esp_study/poc-a-wt/poc/apps/poc_a/build/default/plugins/cxx_dtor/reject.stamp
CMake Error at /home/lain/Projects/esp_study/poc-a-wt/poc/apps/poc_a/plugins/cxx_probes/check_probe_rejection.cmake:30 (message):
  [cxx-probe] cxx_dtor: NOT REJECTED by the pipeline gates - the gates
  accepted a forbidden C++ feature (gate output: -- [poca-plugin] cxx_dtor:
  declared imports=0 undefined-undeclared=0

  -- [poca-plugin] cxx_dtor: gates OK relocs(R_XTENSA_NONE=0
  R_XTENSA_RELATIVE=10 R_XTENSA_RTLD=0 R_XTENSA_GLOB_DAT=0
  R_XTENSA_JMP_SLOT=0) undefined=0 entry=frame_plugin_entry

  )


[5/371] Linking CXX static library esp-idf/mbedtls/mbedtls/tf-psa-crypto/core/libtfpsacrypto.a
[6/371] [poca-plugin] package+sign plt.mpb
/home/lain/Projects/esp_study/poc-a-wt/poc/apps/poc_a/build/default/plugins/plt.mpb: signed 2164 byte mpb, key_id=e5677a1c, sha256=112bd8926837ddaef2954b31351633e10f54f0659f2577153b674b80c2db5adf
-- [poca-plugin] plt.mpb size=2164 sha256=112bd8926837ddaef2954b31351633e10f54f0659f2577153b674b80c2db5adf
[7/371] [poca-plugin] package+sign import_neg.mpb
/home/lain/Projects/esp_study/poc-a-wt/poc/apps/poc_a/build/default/plugins/import_neg.mpb: signed 1784 byte mpb, key_id=e5677a1c, sha256=1e4d91fcab673eb5a3558086887cf2ddc4b424a6357fab65060abb5e4a3578a3
-- [poca-plugin] import_neg.mpb size=1784 sha256=1e4d91fcab673eb5a3558086887cf2ddc4b424a6357fab65060abb5e4a3578a3
[8/371] [poca-plugin] package+sign globdat.mpb
/home/lain/Projects/esp_study/poc-a-wt/poc/apps/poc_a/build/default/plugins/globdat.mpb: signed 2036 byte mpb, key_id=e5677a1c, sha256=28b030bcd3f63ba399b897dda0615ed5574d3bf1f18d62fc2b8a8188365d48b7
-- [poca-plugin] globdat.mpb size=2036 sha256=28b030bcd3f63ba399b897dda0615ed5574d3bf1f18d62fc2b8a8188365d48b7
[9/371] [poca-corpus] handcrafted negative containers (gate-bypass by design)
[corpus] building neg_r32
  rela@0x0138: r_offset=0x00000198 r_info=0x00000005 -> 0x00000001 (type 5 -> 1)
[corpus] neg_r32.mpb size=1968 sha256=fce86557ea8a331e5b55ad3524f66b7be51127d8fec9da0f0654f77798c6571e
[corpus] building neg_s0op
  rela@0x0138: r_offset=0x00000198 r_info=0x00000005 -> 0x00000014 (type 5 -> 20)
[corpus] neg_s0op.mpb size=1972 sha256=b50829fe77dc6ea733c66ac0f2f3d0ef9bf82ddddb7c90003300fe7ba61c4f4f
[corpus] building neg_phspan
  phdr p_memsz@0x0048: 680 -> 15728640
[corpus] neg_phspan.mpb size=1972 sha256=fecf67199c1f00375ae55b8cb6ccfcfe453b425ec9a24cbf005a8ce8aba677d2
[corpus] building neg_phbe (assemble_mpb hostile-signed path)
  EI_DATA@0x05: 1 -> 2
[corpus] neg_phbe.mpb size=1972 sha256=671bf6f7be36d7f9904ae652dad13d62f28615d12c3240907aee9eef1392dfd6
[corpus] building neg_ph64 (assemble_mpb hostile-signed path)
  EI_CLASS@0x04: 1 -> 2
[corpus] neg_ph64.mpb size=1972 sha256=ccb0b2f9be7b82928af15675c13b035eefbfae39fbc476229af5c1dae0759b7f
[corpus] building neg_phmach (assemble_mpb hostile-signed path)
  e_machine(low byte)@0x12: 94 -> 40
[corpus] neg_phmach.mpb size=1972 sha256=657e3885ba4f1ec5d5df14c3dc75fc18c2f3c6b0cdb9ac403d6796918ba0511f
[10/371] Generating ../../partition_table/partition-table.bin
Partition table binary generated. Contents:
*******************************************************************************
# ESP-IDF Partition Table
# Name, Type, SubType, Offset, Size, Flags
nvs,data,nvs,0x9000,24K,
phy_init,data,phy,0xf000,4K,
factory,app,factory,0x10000,1M,
*******************************************************************************
ninja: build stopped: subcommand failed.
BUILD_RC=1
[1/362] Generating project_elf_src_esp32s3.c
[2/362] Creating directories for 'bootloader'
[3/362] [cxx-probe] cxx_exceptions: gates must REJECT (forbidden C++ feature section;.eh_frame)
FAILED: plugins/cxx_exceptions/reject.stamp /home/lain/Projects/esp_study/poc-a-wt/poc/apps/poc_a/build/default/plugins/cxx_exceptions/reject.stamp 
cd /home/lain/Projects/esp_study/poc-a-wt/poc/apps/poc_a/build/default/esp-idf/main && /usr/bin/cmake -D PROBE_NAME=cxx_exceptions -D ELF=/home/lain/Projects/esp_study/poc-a-wt/poc/apps/poc_a/build/default/plugins/cxx_exceptions/cxx_exceptions.elf -D READELF=/home/lain/.espressif/tools/xtensa-esp-elf/esp-15.2.0_20251204/xtensa-esp-elf/bin/xtensa-esp32s3-elf-readelf -D NM=/home/lain/.espressif/tools/xtensa-esp-elf/esp-15.2.0_20251204/xtensa-esp-elf/bin/xtensa-esp32s3-elf-nm -D EXPECT_ENTRY=frame_plugin_entry -D "NEEDLES=forbidden C++ feature section;.eh_frame" -D CHECK_SCRIPT=/home/lain/Projects/esp_study/poc-a-wt/poc/apps/poc_a/plugins/check_plugin_elf.cmake -P /home/lain/Projects/esp_study/poc-a-wt/poc/apps/poc_a/plugins/cxx_probes/check_probe_rejection.cmake && /usr/bin/cmake -E touch /home/lain/Projects/esp_study/poc-a-wt/poc/apps/poc_a/build/default/plugins/cxx_exceptions/reject.stamp
CMake Error at /home/lain/Projects/esp_study/poc-a-wt/poc/apps/poc_a/plugins/cxx_probes/check_probe_rejection.cmake:44 (message):
  [cxx-probe] cxx_exceptions: gates failed (rc=1) but the rejection reason is
  unexpected; missing [forbidden C++ feature section;.eh_frame] in: CMake
  Error at
  /home/lain/Projects/esp_study/poc-a-wt/poc/apps/poc_a/plugins/check_plugin_elf.cmake:139
  (message):

    [poca-plugin] cxx_exceptions: import gate failed, undeclared undefined
    symbols:
    __cxa_allocate_exception;__cxa_begin_catch;__cxa_end_catch;__cxa_throw;__gxx_personality_v0;_Unwind_Resume;_ZTIi
    (declared: )









[4/362] [cxx-probe] cxx_ctor: gates must REJECT (forbidden C++ feature section;.ctors)
FAILED: plugins/cxx_ctor/reject.stamp /home/lain/Projects/esp_study/poc-a-wt/poc/apps/poc_a/build/default/plugins/cxx_ctor/reject.stamp 
cd /home/lain/Projects/esp_study/poc-a-wt/poc/apps/poc_a/build/default/esp-idf/main && /usr/bin/cmake -D PROBE_NAME=cxx_ctor -D ELF=/home/lain/Projects/esp_study/poc-a-wt/poc/apps/poc_a/build/default/plugins/cxx_ctor/cxx_ctor.elf -D READELF=/home/lain/.espressif/tools/xtensa-esp-elf/esp-15.2.0_20251204/xtensa-esp-elf/bin/xtensa-esp32s3-elf-readelf -D NM=/home/lain/.espressif/tools/xtensa-esp-elf/esp-15.2.0_20251204/xtensa-esp-elf/bin/xtensa-esp32s3-elf-nm -D EXPECT_ENTRY=frame_plugin_entry -D "NEEDLES=forbidden C++ feature section;.ctors" -D CHECK_SCRIPT=/home/lain/Projects/esp_study/poc-a-wt/poc/apps/poc_a/plugins/check_plugin_elf.cmake -P /home/lain/Projects/esp_study/poc-a-wt/poc/apps/poc_a/plugins/cxx_probes/check_probe_rejection.cmake && /usr/bin/cmake -E touch /home/lain/Projects/esp_study/poc-a-wt/poc/apps/poc_a/build/default/plugins/cxx_ctor/reject.stamp
CMake Error at /home/lain/Projects/esp_study/poc-a-wt/poc/apps/poc_a/plugins/cxx_probes/check_probe_rejection.cmake:30 (message):
  [cxx-probe] cxx_ctor: NOT REJECTED by the pipeline gates - the gates
  accepted a forbidden C++ feature (gate output: -- [poca-plugin] cxx_ctor:
  declared imports=0 undefined-undeclared=0

  -- [poca-plugin] cxx_ctor: gates OK relocs(R_XTENSA_NONE=0
  R_XTENSA_RELATIVE=9 R_XTENSA_RTLD=0 R_XTENSA_GLOB_DAT=0
  R_XTENSA_JMP_SLOT=0) undefined=0 entry=frame_plugin_entry

  )


[5/362] [cxx-probe] cxx_unwind: gates must REJECT (forbidden C++ feature section;.eh_frame)
FAILED: plugins/cxx_unwind/reject.stamp /home/lain/Projects/esp_study/poc-a-wt/poc/apps/poc_a/build/default/plugins/cxx_unwind/reject.stamp 
cd /home/lain/Projects/esp_study/poc-a-wt/poc/apps/poc_a/build/default/esp-idf/main && /usr/bin/cmake -D PROBE_NAME=cxx_unwind -D ELF=/home/lain/Projects/esp_study/poc-a-wt/poc/apps/poc_a/build/default/plugins/cxx_unwind/cxx_unwind.elf -D READELF=/home/lain/.espressif/tools/xtensa-esp-elf/esp-15.2.0_20251204/xtensa-esp-elf/bin/xtensa-esp32s3-elf-readelf -D NM=/home/lain/.espressif/tools/xtensa-esp-elf/esp-15.2.0_20251204/xtensa-esp-elf/bin/xtensa-esp32s3-elf-nm -D EXPECT_ENTRY=frame_plugin_entry -D "NEEDLES=forbidden C++ feature section;.eh_frame" -D CHECK_SCRIPT=/home/lain/Projects/esp_study/poc-a-wt/poc/apps/poc_a/plugins/check_plugin_elf.cmake -P /home/lain/Projects/esp_study/poc-a-wt/poc/apps/poc_a/plugins/cxx_probes/check_probe_rejection.cmake && /usr/bin/cmake -E touch /home/lain/Projects/esp_study/poc-a-wt/poc/apps/poc_a/build/default/plugins/cxx_unwind/reject.stamp
CMake Error at /home/lain/Projects/esp_study/poc-a-wt/poc/apps/poc_a/plugins/cxx_probes/check_probe_rejection.cmake:30 (message):
  [cxx-probe] cxx_unwind: NOT REJECTED by the pipeline gates - the gates
  accepted a forbidden C++ feature (gate output: -- [poca-plugin] cxx_unwind:
  declared imports=0 undefined-undeclared=0

  -- [poca-plugin] cxx_unwind: gates OK relocs(R_XTENSA_NONE=0
  R_XTENSA_RELATIVE=8 R_XTENSA_RTLD=0 R_XTENSA_GLOB_DAT=0
  R_XTENSA_JMP_SLOT=0) undefined=0 entry=frame_plugin_entry

  )


[6/362] [cxx-probe] cxx_dtor: gates must REJECT (forbidden C++ feature section;.dtors)
FAILED: plugins/cxx_dtor/reject.stamp /home/lain/Projects/esp_study/poc-a-wt/poc/apps/poc_a/build/default/plugins/cxx_dtor/reject.stamp 
cd /home/lain/Projects/esp_study/poc-a-wt/poc/apps/poc_a/build/default/esp-idf/main && /usr/bin/cmake -D PROBE_NAME=cxx_dtor -D ELF=/home/lain/Projects/esp_study/poc-a-wt/poc/apps/poc_a/build/default/plugins/cxx_dtor/cxx_dtor.elf -D READELF=/home/lain/.espressif/tools/xtensa-esp-elf/esp-15.2.0_20251204/xtensa-esp-elf/bin/xtensa-esp32s3-elf-readelf -D NM=/home/lain/.espressif/tools/xtensa-esp-elf/esp-15.2.0_20251204/xtensa-esp-elf/bin/xtensa-esp32s3-elf-nm -D EXPECT_ENTRY=frame_plugin_entry -D "NEEDLES=forbidden C++ feature section;.dtors" -D CHECK_SCRIPT=/home/lain/Projects/esp_study/poc-a-wt/poc/apps/poc_a/plugins/check_plugin_elf.cmake -P /home/lain/Projects/esp_study/poc-a-wt/poc/apps/poc_a/plugins/cxx_probes/check_probe_rejection.cmake && /usr/bin/cmake -E touch /home/lain/Projects/esp_study/poc-a-wt/poc/apps/poc_a/build/default/plugins/cxx_dtor/reject.stamp
CMake Error at /home/lain/Projects/esp_study/poc-a-wt/poc/apps/poc_a/plugins/cxx_probes/check_probe_rejection.cmake:30 (message):
  [cxx-probe] cxx_dtor: NOT REJECTED by the pipeline gates - the gates
  accepted a forbidden C++ feature (gate output: -- [poca-plugin] cxx_dtor:
  declared imports=0 undefined-undeclared=0

  -- [poca-plugin] cxx_dtor: gates OK relocs(R_XTENSA_NONE=0
  R_XTENSA_RELATIVE=10 R_XTENSA_RTLD=0 R_XTENSA_GLOB_DAT=0
  R_XTENSA_JMP_SLOT=0) undefined=0 entry=frame_plugin_entry

  )


[7/362] No download step for 'bootloader'
[8/362] [cxx-probe] cxx_rtti: gates must REJECT (import gate failed;__dynamic_cast)
-- [cxx-probe] cxx_rtti: pipeline gates REJECTED the probe as required (exit 1); verbatim gate output follows
-- [cxx-probe]   cxx_rtti: | CMake Error at /home/lain/Projects/esp_study/poc-a-wt/poc/apps/poc_a/plugins/check_plugin_elf.cmake:139 (message):
-- [cxx-probe]   cxx_rtti: |   [poca-plugin] cxx_rtti: import gate failed, undeclared undefined symbols:
-- [cxx-probe]   cxx_rtti: |   __dynamic_cast
-- [cxx-probe]   cxx_rtti: | _ZdlPvj
-- [cxx-probe]   cxx_rtti: | _ZTVN10__cxxabiv117__class_type_infoE
-- [cxx-probe]   cxx_rtti: | _ZTVN10__cxxabiv120__si_class_type_infoE
-- [cxx-probe]   cxx_rtti: |   (declared: )
[9/362] Linking CXX static library esp-idf/mbedtls/mbedtls/library/libmbedtls.a
ninja: build stopped: subcommand failed.
BUILD_RC=1
--- full build (all gates + corpus) ---
[1/355] No update step for 'bootloader'
[2/355] Linking CXX static library esp-idf/mbedtls/mbedtls/library/libmbedx509.a
[3/355] [cxx-probe] cxx_tls: gates must REJECT (relocation allowlist violated;R_XTENSA_TLS)
-- [cxx-probe] cxx_tls: pipeline gates REJECTED the probe as required (exit 1); verbatim gate output follows
-- [cxx-probe]   cxx_tls: | CMake Error at /home/lain/Projects/esp_study/poc-a-wt/poc/apps/poc_a/plugins/check_plugin_elf.cmake:67 (message):
-- [cxx-probe]   cxx_tls: |   [poca-plugin] cxx_tls: relocation allowlist violated
-- [cxx-probe]   cxx_tls: |   (R_XTENSA_TLSDESC_ARG
-- [cxx-probe]   cxx_tls: | R_XTENSA_TLSDESC_FN)
-- [cxx-probe]   cxx_tls: |  fix the plugin link flags - the
-- [cxx-probe]   cxx_tls: |   vendored loader rejects these on target
[4/355] No patch step for 'bootloader'
[5/355] [cxx-probe] cxx_rtti: gates must REJECT (import gate failed;__dynamic_cast)
-- [cxx-probe] cxx_rtti: pipeline gates REJECTED the probe as required (exit 1); verbatim gate output follows
-- [cxx-probe]   cxx_rtti: | CMake Error at /home/lain/Projects/esp_study/poc-a-wt/poc/apps/poc_a/plugins/check_plugin_elf.cmake:140 (message):
-- [cxx-probe]   cxx_rtti: |   [poca-plugin] cxx_rtti: import gate failed, undeclared undefined symbols:
-- [cxx-probe]   cxx_rtti: |   __dynamic_cast
-- [cxx-probe]   cxx_rtti: | _ZdlPvj
-- [cxx-probe]   cxx_rtti: | _ZTVN10__cxxabiv117__class_type_infoE
-- [cxx-probe]   cxx_rtti: | _ZTVN10__cxxabiv120__si_class_type_infoE
-- [cxx-probe]   cxx_rtti: |   (declared: )
[6/355] [cxx-corpus] hostile-signed probe containers (cxx_ctor/cxx_tls/neg_tls_nosect)
FAILED: plugins/cxx_probes/corpus.stamp plugins/cxx_ctor.mpb plugins/generated/poca_cxx_ctor_meta.h plugins/cxx_tls.mpb plugins/generated/poca_cxx_tls_meta.h plugins/neg_tls_nosect.mpb plugins/generated/poca_neg_tls_nosect_meta.h /home/lain/Projects/esp_study/poc-a-wt/poc/apps/poc_a/build/default/plugins/cxx_probes/corpus.stamp /home/lain/Projects/esp_study/poc-a-wt/poc/apps/poc_a/build/default/plugins/cxx_ctor.mpb /home/lain/Projects/esp_study/poc-a-wt/poc/apps/poc_a/build/default/plugins/generated/poca_cxx_ctor_meta.h /home/lain/Projects/esp_study/poc-a-wt/poc/apps/poc_a/build/default/plugins/cxx_tls.mpb /home/lain/Projects/esp_study/poc-a-wt/poc/apps/poc_a/build/default/plugins/generated/poca_cxx_tls_meta.h /home/lain/Projects/esp_study/poc-a-wt/poc/apps/poc_a/build/default/plugins/neg_tls_nosect.mpb /home/lain/Projects/esp_study/poc-a-wt/poc/apps/poc_a/build/default/plugins/generated/poca_neg_tls_nosect_meta.h 
cd /home/lain/Projects/esp_study/poc-a-wt/poc/apps/poc_a/build/default/esp-idf/main && /usr/bin/cmake -E make_directory /home/lain/Projects/esp_study/poc-a-wt/poc/apps/poc_a/build/default/plugins/cxx_probes && python3 /home/lain/Projects/esp_study/poc-a-wt/poc/apps/poc_a/plugins/cxx_probes/build_cxx_probes.py --ctor-elf /home/lain/Projects/esp_study/poc-a-wt/poc/apps/poc_a/build/default/plugins/cxx_ctor/cxx_ctor.elf --tls-elf /home/lain/Projects/esp_study/poc-a-wt/poc/apps/poc_a/build/default/plugins/cxx_tls/cxx_tls.elf --key /home/lain/Projects/esp_study/poc-a-wt/poc/apps/poc_a/plugins/../../../../tools/frame_tools/testdata/keys/poc_a_test_signing_key.pem --out-dir /home/lain/Projects/esp_study/poc-a-wt/poc/apps/poc_a/build/default/plugins && /usr/bin/cmake -E touch /home/lain/Projects/esp_study/poc-a-wt/poc/apps/poc_a/build/default/plugins/cxx_probes/corpus.stamp
[cxx-corpus] cxx_ctor (probe ELF, .ctors present)
[cxx-corpus] cxx_ctor.mpb size=3456 sha256=bb1d19a85614f895f30d055edeec48ab97fa0092c4821d84505412bd4939abc8 (elf sha256=f62429c4f81024bbdeeb239f7cf38f79ad7bb82f234b6ea3584f2eb5edb0d33c)
[cxx-corpus] cxx_tls (probe ELF, .tdata/.tbss + TLSDESC relocs)
[cxx-corpus] cxx_tls.mpb size=3708 sha256=0d4c957670520ba6d57c8ed72157a28bd55a77d7594f572d51e5797b89a5cb94 (elf sha256=9e3842fe937f477cdd45d5ada96e5ca10e1a2198ca10eec23d368f67d43046c6)
[cxx-corpus] neg_tls_nosect (TLS sections renamed; p1-only row)
expected exactly one '.tdata' in .shstrtab, found 0
[7/355] Generating x509_crt_bundle
[8/355] Performing configure step for 'bootloader'
-- Found Git: /usr/bin/git (found version "2.55.0")
-- Component directory /home/lain/.espressif/v6.0.2/esp-idf/components/mqtt does not contain a CMakeLists.txt file. No component will be added
-- Minimal build - OFF
-- The C compiler identification is GNU 15.2.0
-- The CXX compiler identification is GNU 15.2.0
-- The ASM compiler identification is GNU
-- Found assembler: /home/lain/.espressif/tools/xtensa-esp-elf/esp-15.2.0_20251204/xtensa-esp-elf/bin/xtensa-esp32s3-elf-gcc
-- Detecting C compiler ABI info
-- Detecting C compiler ABI info - done
-- Check for working C compiler: /home/lain/.espressif/tools/xtensa-esp-elf/esp-15.2.0_20251204/xtensa-esp-elf/bin/xtensa-esp32s3-elf-gcc - skipped
-- Detecting C compile features
-- Detecting C compile features - done
-- Detecting CXX compiler ABI info
-- Detecting CXX compiler ABI info - done
-- Check for working CXX compiler: /home/lain/.espressif/tools/xtensa-esp-elf/esp-15.2.0_20251204/xtensa-esp-elf/bin/xtensa-esp32s3-elf-g++ - skipped
-- Detecting CXX compile features
-- Detecting CXX compile features - done
-- Building ESP-IDF components for target esp32s3
-- ESP-TEE is currently supported only on the esp32c6;esp32h2;esp32c5;esp32c61 SoCs
-- KCONFIG_REPORT_VERBOSITY not set, using default
-- Project sdkconfig file /home/lain/Projects/esp_study/poc-a-wt/poc/apps/poc_a/build/default/sdkconfig
NOTE: Kconfig parser version: 1
NOTE: Kconfig defaults policy: use sdkconfig
NOTE: Status: Finished successfully
-- Compiler supported targets: xtensa-esp-elf
-- Detecting C compiler ABI info
-- Detecting C compiler ABI info - done
-- Detecting CXX compiler ABI info
-- Detecting CXX compiler ABI info - done
-- Detecting C compiler ABI info
-- Detecting C compiler ABI info - done
-- Detecting CXX compiler ABI info
-- Detecting CXX compiler ABI info - done
-- Adding linker script /home/lain/.espressif/v6.0.2/esp-idf/components/soc/esp32s3/ld/esp32s3.peripherals.ld
-- Bootloader project name: "bootloader" version: 1
-- Adding linker script /home/lain/.espressif/v6.0.2/esp-idf/components/esp_hal_wdt/esp32s3/rom.wdt.ld
-- Adding linker script /home/lain/.espressif/v6.0.2/esp-idf/components/esp_rom/esp32s3/ld/esp32s3.rom.ld
-- Adding linker script /home/lain/.espressif/v6.0.2/esp-idf/components/esp_rom/esp32s3/ld/esp32s3.rom.api.ld
-- Adding linker script /home/lain/.espressif/v6.0.2/esp-idf/components/esp_rom/esp32s3/ld/esp32s3.rom.bt_funcs.ld
-- Adding linker script /home/lain/.espressif/v6.0.2/esp-idf/components/esp_rom/esp32s3/ld/esp32s3.rom.libgcc.ld
-- Adding linker script /home/lain/.espressif/v6.0.2/esp-idf/components/esp_rom/esp32s3/ld/esp32s3.rom.version.ld
-- Adding linker script /home/lain/.espressif/v6.0.2/esp-idf/components/esp_rom/esp32s3/ld/esp32s3.rom.libc.ld
-- Components: bootloader bootloader_support efuse esp_app_format esp_blockdev esp_bootloader_format esp_common esp_hal_ana_conv esp_hal_clock esp_hal_dma esp_hal_gpio esp_hal_gpspi esp_hal_mspi esp_hal_pmu esp_hal_rtc_timer esp_hal_security esp_hal_timg esp_hal_uart esp_hal_usb esp_hal_wdt esp_hw_support esp_libc esp_rom esp_security esp_stdio esp_system esptool_py freertos hal log main micro-ecc partition_table soc spi_flash xtensa
-- Component paths: /home/lain/.espressif/v6.0.2/esp-idf/components/bootloader /home/lain/.espressif/v6.0.2/esp-idf/components/bootloader_support /home/lain/.espressif/v6.0.2/esp-idf/components/efuse /home/lain/.espressif/v6.0.2/esp-idf/components/esp_app_format /home/lain/.espressif/v6.0.2/esp-idf/components/esp_blockdev /home/lain/.espressif/v6.0.2/esp-idf/components/esp_bootloader_format /home/lain/.espressif/v6.0.2/esp-idf/components/esp_common /home/lain/.espressif/v6.0.2/esp-idf/components/esp_hal_ana_conv /home/lain/.espressif/v6.0.2/esp-idf/components/esp_hal_clock /home/lain/.espressif/v6.0.2/esp-idf/components/esp_hal_dma /home/lain/.espressif/v6.0.2/esp-idf/components/esp_hal_gpio /home/lain/.espressif/v6.0.2/esp-idf/components/esp_hal_gpspi /home/lain/.espressif/v6.0.2/esp-idf/components/esp_hal_mspi /home/lain/.espressif/v6.0.2/esp-idf/components/esp_hal_pmu /home/lain/.espressif/v6.0.2/esp-idf/components/esp_hal_rtc_timer /home/lain/.espressif/v6.0.2/esp-idf/components/esp_hal_security /home/lain/.espressif/v6.0.2/esp-idf/components/esp_hal_timg /home/lain/.espressif/v6.0.2/esp-idf/components/esp_hal_uart /home/lain/.espressif/v6.0.2/esp-idf/components/esp_hal_usb /home/lain/.espressif/v6.0.2/esp-idf/components/esp_hal_wdt /home/lain/.espressif/v6.0.2/esp-idf/components/esp_hw_support /home/lain/.espressif/v6.0.2/esp-idf/components/esp_libc /home/lain/.espressif/v6.0.2/esp-idf/components/esp_rom /home/lain/.espressif/v6.0.2/esp-idf/components/esp_security /home/lain/.espressif/v6.0.2/esp-idf/components/esp_stdio /home/lain/.espressif/v6.0.2/esp-idf/components/esp_system /home/lain/.espressif/v6.0.2/esp-idf/components/esptool_py /home/lain/.espressif/v6.0.2/esp-idf/components/freertos /home/lain/.espressif/v6.0.2/esp-idf/components/hal /home/lain/.espressif/v6.0.2/esp-idf/components/log /home/lain/.espressif/v6.0.2/esp-idf/components/bootloader/subproject/main /home/lain/.espressif/v6.0.2/esp-idf/components/bootloader/subproject/components/micro-ecc /home/lain/.espressif/v6.0.2/esp-idf/components/partition_table /home/lain/.espressif/v6.0.2/esp-idf/components/soc /home/lain/.espressif/v6.0.2/esp-idf/components/spi_flash /home/lain/.espressif/v6.0.2/esp-idf/components/xtensa
-- Adding linker script /home/lain/.espressif/v6.0.2/esp-idf/components/bootloader/subproject/main/ld/esp32s3/bootloader.memory.ld.in
--   -> Preprocessing .in script: /home/lain/.espressif/v6.0.2/esp-idf/components/bootloader/subproject/main/ld/esp32s3/bootloader.memory.ld.in
-- Adding linker script /home/lain/.espressif/v6.0.2/esp-idf/components/bootloader/subproject/main/ld/esp32s3/bootloader.sections.ld.in
--   -> Preprocessing .in script: /home/lain/.espressif/v6.0.2/esp-idf/components/bootloader/subproject/main/ld/esp32s3/bootloader.sections.ld.in
-- Configuring done (2.3s)
-- Generating done (0.1s)
-- Build files have been written to: /home/lain/Projects/esp_study/poc-a-wt/poc/apps/poc_a/build/default/bootloader
ninja: build stopped: subcommand failed.
BUILD_RC=1
[1/348] Generating ../../x509_crt_bundle.S
[2/348] [cxx-corpus] hostile-signed probe containers (cxx_ctor/cxx_tls/neg_tls_nosect)
[cxx-corpus] cxx_ctor (probe ELF, .ctors present)
[cxx-corpus] cxx_ctor.mpb size=3456 sha256=bb1d19a85614f895f30d055edeec48ab97fa0092c4821d84505412bd4939abc8 (elf sha256=f62429c4f81024bbdeeb239f7cf38f79ad7bb82f234b6ea3584f2eb5edb0d33c)
[cxx-corpus] cxx_tls (probe ELF, .tdata/.tbss + TLSDESC relocs)
[cxx-corpus] cxx_tls.mpb size=3708 sha256=0d4c957670520ba6d57c8ed72157a28bd55a77d7594f572d51e5797b89a5cb94 (elf sha256=9e3842fe937f477cdd45d5ada96e5ca10e1a2198ca10eec23d368f67d43046c6)
[cxx-corpus] neg_tls_nosect (TLS sections renamed; p1-only row)
  .shstrtab@0x09ca: '.tdata' -> '.xdata'
  .shstrtab@0x09d1: '.tbss' -> '.xbss'
[cxx-corpus] neg_tls_nosect.mpb size=3716 sha256=abcdd69648a15a60620bb9efd5f17cb55998ddf499dd7ff6a2a72b9dfab03f71 (elf sha256=dc4ff823310ea5d7554600b5b5a0d9c236e147da3a1388766cd8d7ddcbd745f0)
[3/348] Building C object esp-idf/mbedtls/CMakeFiles/__idf_mbedtls.dir/port/esp_mem.c.obj
[4/348] Building ASM object esp-idf/mbedtls/CMakeFiles/__idf_mbedtls.dir/__/__/x509_crt_bundle.S.obj
[5/348] Building C object esp-idf/esp_driver_dma/CMakeFiles/__idf_esp_driver_dma.dir/src/esp_dma_utils.c.obj
[6/348] Building C object esp-idf/esp_driver_dma/CMakeFiles/__idf_esp_driver_dma.dir/src/esp_async_memcpy.c.obj
[7/348] Building C object esp-idf/esp_mm/CMakeFiles/__idf_esp_mm.dir/port/esp32s3/ext_mem_layout.c.obj
[8/348] Building C object esp-idf/esp_driver_dma/CMakeFiles/__idf_esp_driver_dma.dir/src/gdma_link.c.obj
[9/348] Building C object esp-idf/esp_pm/CMakeFiles/__idf_esp_pm.dir/pm_locks.c.obj
[10/348] Building C object esp-idf/esp_mm/CMakeFiles/__idf_esp_mm.dir/esp_cache_utils.c.obj
[11/348] Building C object esp-idf/mbedtls/CMakeFiles/__idf_mbedtls.dir/esp_crt_bundle/esp_crt_bundle.c.obj
[12/348] Building C object esp-idf/esp_mm/CMakeFiles/__idf_esp_mm.dir/esp_cache_msync.c.obj
[13/348] Building C object esp-idf/esp_driver_dma/CMakeFiles/__idf_esp_driver_dma.dir/src/async_memcpy_gdma.c.obj
[14/348] Building C object esp-idf/esp_driver_dma/CMakeFiles/__idf_esp_driver_dma.dir/src/gdma.c.obj
[15/348] Linking C static library esp-idf/mbedtls/libmbedtls.a
[16/348] Building C object esp-idf/esp_pm/CMakeFiles/__idf_esp_pm.dir/pm_trace.c.obj
[17/348] Linking C static library esp-idf/esp_driver_dma/libesp_driver_dma.a
[18/348] Building C object esp-idf/esp_hal_uart/CMakeFiles/__idf_esp_hal_uart.dir/esp32s3/uart_periph.c.obj
[19/348] Building C object esp-idf/esp_pm/CMakeFiles/__idf_esp_pm.dir/pm_impl.c.obj
[20/348] Building C object esp-idf/esp_hal_uart/CMakeFiles/__idf_esp_hal_uart.dir/uart_hal_iram.c.obj
[21/348] Building C object esp-idf/esp_hal_uart/CMakeFiles/__idf_esp_hal_uart.dir/uhci_hal.c.obj
[22/348] Building C object esp-idf/esp_mm/CMakeFiles/__idf_esp_mm.dir/esp_mmu_map.c.obj
[23/348] Building C object esp-idf/esp_hal_uart/CMakeFiles/__idf_esp_hal_uart.dir/uart_hal.c.obj
[24/348] Linking C static library esp-idf/esp_mm/libesp_mm.a
[25/348] Building C object esp-idf/esp_driver_gpio/CMakeFiles/__idf_esp_driver_gpio.dir/src/gpio_glitch_filter_ops.c.obj
[26/348] Linking C static library esp-idf/esp_pm/libesp_pm.a
[27/348] Building C object esp-idf/esp_security/CMakeFiles/__idf_esp_security.dir/src/init.c.obj
[28/348] Linking C static library esp-idf/esp_hal_uart/libesp_hal_uart.a
[29/348] Building C object esp-idf/esp_security/CMakeFiles/__idf_esp_security.dir/src/esp_hmac.c.obj
[30/348] Building C object esp-idf/esp_security/CMakeFiles/__idf_esp_security.dir/src/esp_crypto_lock.c.obj
[31/348] Building C object esp-idf/esp_driver_gpio/CMakeFiles/__idf_esp_driver_gpio.dir/src/gpio_pin_glitch_filter.c.obj
[32/348] Building C object esp-idf/esp_driver_gpio/CMakeFiles/__idf_esp_driver_gpio.dir/src/dedic_gpio.c.obj
[33/348] Building C object esp-idf/esp_security/CMakeFiles/__idf_esp_security.dir/src/esp_ds.c.obj
[34/348] Building C object esp-idf/esp_driver_gpio/CMakeFiles/__idf_esp_driver_gpio.dir/src/rtc_io.c.obj
[35/348] Building C object esp-idf/efuse/CMakeFiles/__idf_efuse.dir/esp32s3/esp_efuse_table.c.obj
[36/348] Building C object esp-idf/efuse/CMakeFiles/__idf_efuse.dir/esp32s3/esp_efuse_rtc_calib.c.obj
[37/348] Building C object esp-idf/esp_security/CMakeFiles/__idf_esp_security.dir/src/esp_crypto_periph_clk.c.obj
[38/348] Building C object esp-idf/efuse/CMakeFiles/__idf_efuse.dir/esp32s3/esp_efuse_fields.c.obj
[39/348] Building C object esp-idf/efuse/CMakeFiles/__idf_efuse.dir/esp32s3/esp_efuse_utility.c.obj
[40/348] Building C object esp-idf/efuse/CMakeFiles/__idf_efuse.dir/src/esp_efuse_fields.c.obj
[41/348] Building C object esp-idf/efuse/CMakeFiles/__idf_efuse.dir/src/esp_efuse_startup.c.obj
[42/348] Building C object esp-idf/efuse/CMakeFiles/__idf_efuse.dir/src/esp_efuse_api.c.obj
[43/348] Building C object esp-idf/esp_driver_gpio/CMakeFiles/__idf_esp_driver_gpio.dir/src/gpio.c.obj
[44/348] Building C object esp-idf/efuse/CMakeFiles/__idf_efuse.dir/src/esp_efuse_utility.c.obj
[45/348] Building C object esp-idf/esp_partition/CMakeFiles/__idf_esp_partition.dir/partition_target.c.obj
[46/348] Building C object esp-idf/esp_bootloader_format/CMakeFiles/__idf_esp_bootloader_format.dir/esp_bootloader_desc.c.obj
[47/348] Building C object esp-idf/efuse/CMakeFiles/__idf_efuse.dir/src/efuse_controller/keys/with_key_purposes/esp_efuse_api_key.c.obj
[48/348] Linking C static library esp-idf/esp_driver_gpio/libesp_driver_gpio.a
[49/348] Linking C static library esp-idf/esp_security/libesp_security.a
[50/348] Building C object esp-idf/esp_app_format/CMakeFiles/__idf_esp_app_format.dir/esp_app_desc.c.obj
[51/348] Building C object esp-idf/esp_hal_security/CMakeFiles/__idf_esp_hal_security.dir/sha_hal.c.obj
[52/348] Building C object esp-idf/esp_hal_security/CMakeFiles/__idf_esp_hal_security.dir/mpi_hal.c.obj
[53/348] Building C object esp-idf/esp_hal_security/CMakeFiles/__idf_esp_hal_security.dir/aes_hal.c.obj
[54/348] Linking C static library esp-idf/efuse/libefuse.a
[55/348] Building C object esp-idf/esp_partition/CMakeFiles/__idf_esp_partition.dir/partition.c.obj
[56/348] Building C object esp-idf/esp_hal_security/CMakeFiles/__idf_esp_hal_security.dir/mpu_hal.c.obj
[57/348] Building C object esp-idf/esp_hal_security/CMakeFiles/__idf_esp_hal_security.dir/hmac_hal.c.obj
[58/348] Building C object esp-idf/esp_hal_security/CMakeFiles/__idf_esp_hal_security.dir/ds_hal.c.obj
[59/348] Linking C static library esp-idf/esp_partition/libesp_partition.a
[60/348] Building C object esp-idf/esp_hal_mspi/CMakeFiles/__idf_esp_hal_mspi.dir/spi_flash_encrypt_hal_iram.c.obj
[61/348] Building C object esp-idf/esp_hal_gpspi/CMakeFiles/__idf_esp_hal_gpspi.dir/esp32s3/spi_periph.c.obj
[62/348] Building C object esp-idf/app_update/CMakeFiles/__idf_app_update.dir/esp_ota_ops.c.obj
[63/348] Building C object esp-idf/esp_hal_mspi/CMakeFiles/__idf_esp_hal_mspi.dir/spi_flash_hal.c.obj
[64/348] Linking C static library esp-idf/app_update/libapp_update.a
[65/348] Building C object esp-idf/esp_hal_clock/CMakeFiles/__idf_esp_hal_clock.dir/esp32s3/clk_tree_hal.c.obj
[66/348] Linking C static library esp-idf/esp_bootloader_format/libesp_bootloader_format.a
[67/348] Linking C static library esp-idf/esp_app_format/libesp_app_format.a
[68/348] Building C object esp-idf/esp_hal_mspi/CMakeFiles/__idf_esp_hal_mspi.dir/spi_flash_hal_gpspi.c.obj
[69/348] Building C object esp-idf/esp_hal_gpspi/CMakeFiles/__idf_esp_hal_gpspi.dir/spi_hal.c.obj
[70/348] Building C object esp-idf/esp_hal_mspi/CMakeFiles/__idf_esp_hal_mspi.dir/spi_flash_hal_iram.c.obj
[71/348] Building C object esp-idf/esp_hal_gpspi/CMakeFiles/__idf_esp_hal_gpspi.dir/spi_slave_hal.c.obj
[72/348] Linking C static library esp-idf/esp_hal_security/libesp_hal_security.a
[73/348] Building C object esp-idf/esp_hal_dma/CMakeFiles/__idf_esp_hal_dma.dir/esp32s3/gdma_periph.c.obj
[74/348] Linking C static library esp-idf/esp_hal_mspi/libesp_hal_mspi.a
[75/348] Building C object esp-idf/esp_hal_gpspi/CMakeFiles/__idf_esp_hal_gpspi.dir/spi_slave_hal_iram.c.obj
[76/348] Building C object esp-idf/esp_hal_dma/CMakeFiles/__idf_esp_hal_dma.dir/gdma_hal_top.c.obj
[77/348] Linking C static library esp-idf/esp_hal_clock/libesp_hal_clock.a
[78/348] Building C object esp-idf/esp_stdio/CMakeFiles/__idf_esp_stdio.dir/stdio_simple.c.obj
[79/348] Building C object esp-idf/esp_hal_gpspi/CMakeFiles/__idf_esp_hal_gpspi.dir/spi_hal_iram.c.obj
[80/348] Building C object esp-idf/xtensa/CMakeFiles/__idf_xtensa.dir/eri.c.obj
[81/348] Building C object esp-idf/esp_stdio/CMakeFiles/__idf_esp_stdio.dir/stdio_syscalls_simple.c.obj
[82/348] Building C object esp-idf/xtensa/CMakeFiles/__idf_xtensa.dir/xt_trax.c.obj
[83/348] Building ASM object esp-idf/xtensa/CMakeFiles/__idf_xtensa.dir/xtensa_intr_asm.S.obj
[84/348] Building C object esp-idf/esp_hal_dma/CMakeFiles/__idf_esp_hal_dma.dir/gdma_hal_ahb_v1.c.obj
[85/348] Building ASM object esp-idf/xtensa/CMakeFiles/__idf_xtensa.dir/xtensa_context.S.obj
[86/348] Building C object esp-idf/esp_stdio/CMakeFiles/__idf_esp_stdio.dir/stdio_vfs.c.obj
[87/348] Building ASM object esp-idf/xtensa/CMakeFiles/__idf_xtensa.dir/xtensa_vectors.S.obj
[88/348] Building C object esp-idf/esp_hal_sd/CMakeFiles/__idf_esp_hal_sd.dir/esp32s3/sdmmc_periph.c.obj
[89/348] Building C object esp-idf/esp_hal_sd/CMakeFiles/__idf_esp_hal_sd.dir/sdmmc_hal.c.obj
[90/348] Building C object esp-idf/esp_hal_gpspi/CMakeFiles/__idf_esp_hal_gpspi.dir/spi_slave_hd_hal.c.obj
[91/348] Building C object esp-idf/xtensa/CMakeFiles/__idf_xtensa.dir/xtensa_intr.c.obj
[92/348] Building C object esp-idf/console/CMakeFiles/__idf_console.dir/split_argv.c.obj
[93/348] Linking C static library esp-idf/esp_hal_gpspi/libesp_hal_gpspi.a
[94/348] Linking C static library esp-idf/esp_hal_dma/libesp_hal_dma.a
[95/348] Building C object esp-idf/console/CMakeFiles/__idf_console.dir/commands.c.obj
[96/348] Linking C static library esp-idf/esp_stdio/libesp_stdio.a
[97/348] Building C object esp-idf/console/CMakeFiles/__idf_console.dir/esp_console_common.c.obj
[98/348] Building C object esp-idf/console/CMakeFiles/__idf_console.dir/esp_console_repl_internal.c.obj
[99/348] Linking C static library esp-idf/xtensa/libxtensa.a
[100/348] Building C object esp-idf/console/CMakeFiles/__idf_console.dir/argtable3/arg_cmd.c.obj
[101/348] Building C object esp-idf/console/CMakeFiles/__idf_console.dir/esp_console_repl_chip.c.obj
[102/348] Building C object esp-idf/console/CMakeFiles/__idf_console.dir/argtable3/arg_dbl.c.obj
[103/348] Building C object esp-idf/console/CMakeFiles/__idf_console.dir/argtable3/arg_dstr.c.obj
[104/348] Building C object esp-idf/console/CMakeFiles/__idf_console.dir/argtable3/arg_end.c.obj
[105/348] Building C object esp-idf/console/CMakeFiles/__idf_console.dir/argtable3/arg_date.c.obj
[106/348] Building C object esp-idf/console/CMakeFiles/__idf_console.dir/argtable3/arg_hashtable.c.obj
[107/348] Building C object esp-idf/console/CMakeFiles/__idf_console.dir/argtable3/arg_file.c.obj
[108/348] Building C object esp-idf/console/CMakeFiles/__idf_console.dir/argtable3/arg_int.c.obj
[109/348] Building C object esp-idf/console/CMakeFiles/__idf_console.dir/argtable3/arg_rem.c.obj
[110/348] Building C object esp-idf/console/CMakeFiles/__idf_console.dir/linenoise/linenoise.c.obj
[111/348] Building C object esp-idf/console/CMakeFiles/__idf_console.dir/argtable3/arg_lit.c.obj
[112/348] Linking C static library esp-idf/esp_hal_sd/libesp_hal_sd.a
[113/348] Building C object esp-idf/console/CMakeFiles/__idf_console.dir/argtable3/arg_str.c.obj
[114/348] Building C object esp-idf/console/CMakeFiles/__idf_console.dir/argtable3/arg_utils.c.obj
[115/348] Building C object esp-idf/sdmmc/CMakeFiles/__idf_sdmmc.dir/sdmmc_init.c.obj
[116/348] Building C object esp-idf/console/CMakeFiles/__idf_console.dir/argtable3/arg_rex.c.obj
[117/348] Building C object esp-idf/console/CMakeFiles/__idf_console.dir/argtable3/argtable3.c.obj
[118/348] Building C object esp-idf/sdmmc/CMakeFiles/__idf_sdmmc.dir/sdmmc_common.c.obj
[119/348] Building C object esp-idf/sdmmc/CMakeFiles/__idf_sdmmc.dir/sdmmc_mmc.c.obj
[120/348] Building C object esp-idf/sdmmc/CMakeFiles/__idf_sdmmc.dir/sdmmc_blockdev.c.obj
[121/348] Building C object esp-idf/sdmmc/CMakeFiles/__idf_sdmmc.dir/sd_pwr_ctrl/sd_pwr_ctrl.c.obj
[122/348] Building C object esp-idf/sdmmc/CMakeFiles/__idf_sdmmc.dir/sdmmc_cmd.c.obj
[123/348] Building C object esp-idf/elf_loader/CMakeFiles/__idf_elf_loader.dir/src/esp_elf_adapter.c.obj
[124/348] Building C object esp-idf/elf_loader/CMakeFiles/__idf_elf_loader.dir/src/arch/esp_elf_xtensa.c.obj
[125/348] Building C object esp-idf/sdmmc/CMakeFiles/__idf_sdmmc.dir/sdmmc_sd.c.obj
[126/348] Building C object esp-idf/elf_loader/CMakeFiles/__idf_elf_loader.dir/src/esp_elf_symbol.c.obj
[127/348] Performing build step for 'bootloader'
[1/153] Building C object esp-idf/log/CMakeFiles/__idf_log.dir/src/noos/util.c.obj
[2/153] Building ASM object esp-idf/esp_rom/CMakeFiles/__idf_esp_rom.dir/patches/esp_rom_longjmp.S.obj
[3/153] Building C object esp-idf/esp_rom/CMakeFiles/__idf_esp_rom.dir/patches/esp_rom_crc.c.obj
[4/153] Building C object esp-idf/log/CMakeFiles/__idf_log.dir/src/noos/log_lock.c.obj
[5/153] Building C object esp-idf/log/CMakeFiles/__idf_log.dir/src/log_print.c.obj
[6/153] Building C object esp-idf/log/CMakeFiles/__idf_log.dir/src/util.c.obj
[7/153] Building C object esp-idf/esp_rom/CMakeFiles/__idf_esp_rom.dir/patches/esp_rom_efuse.c.obj
[8/153] Building C object esp-idf/esp_rom/CMakeFiles/__idf_esp_rom.dir/patches/esp_rom_sys.c.obj
[9/153] Building C object esp-idf/log/CMakeFiles/__idf_log.dir/src/log_format_text.c.obj
[10/153] Building C object esp-idf/log/CMakeFiles/__idf_log.dir/src/log_timestamp_common.c.obj
[11/153] Building C object esp-idf/esp_rom/CMakeFiles/__idf_esp_rom.dir/patches/esp_rom_systimer.c.obj
[12/153] Building ASM object esp-idf/esp_rom/CMakeFiles/__idf_esp_rom.dir/patches/esp_rom_cache_writeback_esp32s3.S.obj
[13/153] Building C object esp-idf/log/CMakeFiles/__idf_log.dir/src/log.c.obj
[14/153] Building C object esp-idf/esp_rom/CMakeFiles/__idf_esp_rom.dir/patches/esp_rom_gpio.c.obj
[15/153] Building C object esp-idf/esp_rom/CMakeFiles/__idf_esp_rom.dir/patches/esp_rom_serial_output.c.obj
[16/153] Building C object esp-idf/log/CMakeFiles/__idf_log.dir/src/noos/log_timestamp.c.obj
[17/153] Building C object esp-idf/esp_rom/CMakeFiles/__idf_esp_rom.dir/patches/esp_rom_spiflash.c.obj
[18/153] Building C object esp-idf/esp_hw_support/CMakeFiles/__idf_esp_hw_support.dir/esp_memory_utils.c.obj
[19/153] Building C object esp-idf/esp_hw_support/CMakeFiles/__idf_esp_hw_support.dir/port/esp32s3/cpu_region_protect.c.obj
[20/153] Building C object esp-idf/log/CMakeFiles/__idf_log.dir/src/buffer/log_buffers.c.obj
[21/153] Building C object esp-idf/esp_rom/CMakeFiles/__idf_esp_rom.dir/patches/esp_rom_cache_esp32s2_esp32s3.c.obj
[22/153] Building C object esp-idf/esp_common/CMakeFiles/__idf_esp_common.dir/src/esp_err_to_name.c.obj
[23/153] Building C object esp-idf/esp_hw_support/CMakeFiles/__idf_esp_hw_support.dir/port/esp32s3/chip_info.c.obj
[24/153] Building C object esp-idf/esp_hw_support/CMakeFiles/__idf_esp_hw_support.dir/port/esp32s3/esp_cpu_intr.c.obj
[25/153] Building C object esp-idf/esp_hw_support/CMakeFiles/__idf_esp_hw_support.dir/port/esp32s3/rtc_clk_init.c.obj
[26/153] Building C object esp-idf/efuse/CMakeFiles/__idf_efuse.dir/esp32s3/esp_efuse_fields.c.obj
[27/153] Building C object esp-idf/efuse/CMakeFiles/__idf_efuse.dir/esp32s3/esp_efuse_table.c.obj
[28/153] Building C object esp-idf/esp_system/CMakeFiles/__idf_esp_system.dir/esp_err.c.obj
[29/153] Building C object esp-idf/esp_hw_support/CMakeFiles/__idf_esp_hw_support.dir/cpu.c.obj
[30/153] Linking C static library esp-idf/log/liblog.a
[31/153] Building C object esp-idf/esp_hw_support/CMakeFiles/__idf_esp_hw_support.dir/port/esp32s3/rtc_sleep.c.obj
[32/153] Building C object esp-idf/efuse/CMakeFiles/__idf_efuse.dir/esp32s3/esp_efuse_rtc_calib.c.obj
[33/153] Building C object esp-idf/efuse/CMakeFiles/__idf_efuse.dir/src/esp_efuse_fields.c.obj
[34/153] Building C object esp-idf/esp_rom/CMakeFiles/__idf_esp_rom.dir/patches/esp_rom_print.c.obj
[35/153] Building C object esp-idf/bootloader_support/CMakeFiles/__idf_bootloader_support.dir/src/bootloader_mem.c.obj
[36/153] Building C object esp-idf/bootloader_support/CMakeFiles/__idf_bootloader_support.dir/src/bootloader_efuse.c.obj
[37/153] Building C object esp-idf/esp_hw_support/CMakeFiles/__idf_esp_hw_support.dir/port/esp32s3/rtc_time.c.obj
[38/153] Building C object esp-idf/bootloader_support/CMakeFiles/__idf_bootloader_support.dir/src/bootloader_clock_init.c.obj
[39/153] Building C object esp-idf/bootloader_support/CMakeFiles/__idf_bootloader_support.dir/src/bootloader_random.c.obj
[40/153] Building C object esp-idf/bootloader_support/CMakeFiles/__idf_bootloader_support.dir/src/bootloader_common.c.obj
[41/153] Linking C static library esp-idf/esp_rom/libesp_rom.a
[42/153] Building C object esp-idf/efuse/CMakeFiles/__idf_efuse.dir/src/esp_efuse_api.c.obj
[43/153] Building C object esp-idf/esp_hw_support/CMakeFiles/__idf_esp_hw_support.dir/port/esp32s3/rtc_init.c.obj
[44/153] Building C object esp-idf/efuse/CMakeFiles/__idf_efuse.dir/esp32s3/esp_efuse_utility.c.obj
[45/153] Building C object esp-idf/bootloader_support/CMakeFiles/__idf_bootloader_support.dir/src/bootloader_common_loader.c.obj
[46/153] Building C object esp-idf/bootloader_support/CMakeFiles/__idf_bootloader_support.dir/src/flash_encrypt.c.obj
[47/153] Building C object esp-idf/bootloader_support/CMakeFiles/__idf_bootloader_support.dir/src/secure_boot.c.obj
[48/153] Linking C static library esp-idf/esp_common/libesp_common.a
[49/153] Building C object esp-idf/bootloader_support/CMakeFiles/__idf_bootloader_support.dir/src/flash_partitions.c.obj
[50/153] Building C object esp-idf/efuse/CMakeFiles/__idf_efuse.dir/src/esp_efuse_utility.c.obj
[51/153] Building C object esp-idf/bootloader_support/CMakeFiles/__idf_bootloader_support.dir/src/bootloader_clock_loader.c.obj
[52/153] Building C object esp-idf/bootloader_support/CMakeFiles/__idf_bootloader_support.dir/src/bootloader_console_loader.c.obj
[53/153] Building C object esp-idf/bootloader_support/CMakeFiles/__idf_bootloader_support.dir/src/bootloader_sha.c.obj
[54/153] Building C object esp-idf/bootloader_support/CMakeFiles/__idf_bootloader_support.dir/src/esp32s3/bootloader_soc.c.obj
[55/153] Building C object esp-idf/bootloader_support/CMakeFiles/__idf_bootloader_support.dir/src/bootloader_console.c.obj
[56/153] Building C object esp-idf/esp_security/CMakeFiles/__idf_esp_security.dir/src/esp_crypto_lock.c.obj
[57/153] Building C object esp-idf/bootloader_support/CMakeFiles/__idf_bootloader_support.dir/bootloader_flash/src/flash_qio_mode.c.obj
[58/153] Building C object esp-idf/efuse/CMakeFiles/__idf_efuse.dir/src/efuse_controller/keys/with_key_purposes/esp_efuse_api_key.c.obj
[59/153] Building C object esp-idf/esp_hal_ana_conv/CMakeFiles/__idf_esp_hal_ana_conv.dir/esp32s3/adc_periph.c.obj
[60/153] Building C object esp-idf/bootloader_support/CMakeFiles/__idf_bootloader_support.dir/src/bootloader_random_esp32s3.c.obj
[61/153] Building C object esp-idf/bootloader_support/CMakeFiles/__idf_bootloader_support.dir/src/bootloader_panic.c.obj
[62/153] Building C object esp-idf/esp_hal_security/CMakeFiles/__idf_esp_hal_security.dir/mpu_hal.c.obj
[63/153] Building C object esp-idf/esp_hal_ana_conv/CMakeFiles/__idf_esp_hal_ana_conv.dir/esp32s3/temperature_sensor_periph.c.obj
[64/153] Building C object esp-idf/bootloader_support/CMakeFiles/__idf_bootloader_support.dir/bootloader_flash/src/bootloader_flash_config_esp32s3.c.obj
[65/153] Building C object esp-idf/bootloader_support/CMakeFiles/__idf_bootloader_support.dir/src/bootloader_init.c.obj
[66/153] Building C object esp-idf/esp_hw_support/CMakeFiles/__idf_esp_hw_support.dir/port/esp32s3/rtc_clk.c.obj
[67/153] Building C object esp-idf/esp_security/CMakeFiles/__idf_esp_security.dir/src/esp_crypto_periph_clk.c.obj
[68/153] Building C object esp-idf/esp_hal_wdt/CMakeFiles/__idf_esp_hal_wdt.dir/esp32s3/mwdt_periph.c.obj
[69/153] Building C object esp-idf/esp_hal_uart/CMakeFiles/__idf_esp_hal_uart.dir/esp32s3/uart_periph.c.obj
[70/153] Linking C static library esp-idf/esp_hw_support/libesp_hw_support.a
[71/153] Building C object esp-idf/bootloader_support/CMakeFiles/__idf_bootloader_support.dir/src/esp32s3/bootloader_esp32s3.c.obj
[72/153] Building C object esp-idf/esp_hal_uart/CMakeFiles/__idf_esp_hal_uart.dir/uart_hal_iram.c.obj
[73/153] Building C object esp-idf/esp_hal_timg/CMakeFiles/__idf_esp_hal_timg.dir/timer_hal.c.obj
[74/153] Building C object esp-idf/esp_hal_uart/CMakeFiles/__idf_esp_hal_uart.dir/uhci_hal.c.obj
[75/153] Building C object esp-idf/esp_hal_ana_conv/CMakeFiles/__idf_esp_hal_ana_conv.dir/temperature_sensor_hal.c.obj
[76/153] Building C object esp-idf/esp_hal_wdt/CMakeFiles/__idf_esp_hal_wdt.dir/rom_patch.c.obj
[77/153] Linking C static library esp-idf/esp_system/libesp_system.a
[78/153] Building C object esp-idf/esp_hal_timg/CMakeFiles/__idf_esp_hal_timg.dir/esp32s3/timer_periph.c.obj
[79/153] Building C object esp-idf/esp_hal_ana_conv/CMakeFiles/__idf_esp_hal_ana_conv.dir/adc_oneshot_hal.c.obj
[80/153] Building C object esp-idf/esp_bootloader_format/CMakeFiles/__idf_esp_bootloader_format.dir/esp_bootloader_desc.c.obj
[81/153] Building C object esp-idf/esp_hal_wdt/CMakeFiles/__idf_esp_hal_wdt.dir/xt_wdt_hal.c.obj
[82/153] Linking C static library esp-idf/efuse/libefuse.a
[83/153] Building C object esp-idf/esp_hal_gpspi/CMakeFiles/__idf_esp_hal_gpspi.dir/esp32s3/spi_periph.c.obj
[84/153] Building C object esp-idf/bootloader_support/CMakeFiles/__idf_bootloader_support.dir/bootloader_flash/src/bootloader_flash.c.obj
[85/153] Building C object esp-idf/esp_hal_ana_conv/CMakeFiles/__idf_esp_hal_ana_conv.dir/adc_hal_common.c.obj
[86/153] Building C object esp-idf/esp_hal_clock/CMakeFiles/__idf_esp_hal_clock.dir/esp32s3/clk_tree_hal.c.obj
[87/153] Building C object esp-idf/esp_hal_gpspi/CMakeFiles/__idf_esp_hal_gpspi.dir/spi_slave_hal.c.obj
[88/153] Building C object esp-idf/esp_hal_uart/CMakeFiles/__idf_esp_hal_uart.dir/uart_hal.c.obj
[89/153] Building C object esp-idf/spi_flash/CMakeFiles/__idf_spi_flash.dir/spi_flash_wrap.c.obj
[90/153] Building C object esp-idf/esp_hal_dma/CMakeFiles/__idf_esp_hal_dma.dir/esp32s3/gdma_periph.c.obj
[91/153] Building C object esp-idf/bootloader_support/CMakeFiles/__idf_bootloader_support.dir/src/bootloader_utility.c.obj
[92/153] Building C object esp-idf/esp_hal_ana_conv/CMakeFiles/__idf_esp_hal_ana_conv.dir/adc_hal.c.obj
[93/153] Building C object esp-idf/esp_hal_dma/CMakeFiles/__idf_esp_hal_dma.dir/gdma_hal_top.c.obj
[94/153] Building C object esp-idf/esp_hal_usb/CMakeFiles/__idf_esp_hal_usb.dir/esp32s3/usb_dwc_periph.c.obj
[95/153] Building C object esp-idf/esp_hal_pmu/CMakeFiles/__idf_esp_hal_pmu.dir/brownout_hal.c.obj
[96/153] Building C object esp-idf/esp_hal_usb/CMakeFiles/__idf_esp_hal_usb.dir/usb_wrap_hal.c.obj
[97/153] Building C object esp-idf/bootloader_support/CMakeFiles/__idf_bootloader_support.dir/src/esp_image_format.c.obj
[98/153] Building C object esp-idf/esp_hal_gpspi/CMakeFiles/__idf_esp_hal_gpspi.dir/spi_hal.c.obj
[99/153] Building C object esp-idf/esp_hal_gpspi/CMakeFiles/__idf_esp_hal_gpspi.dir/spi_slave_hal_iram.c.obj
[100/153] Building C object esp-idf/esp_hal_pmu/CMakeFiles/__idf_esp_hal_pmu.dir/esp32s3/rtc_cntl_hal.c.obj
[101/153] Building C object esp-idf/esp_hal_gpio/CMakeFiles/__idf_esp_hal_gpio.dir/esp32s3/rtc_io_periph.c.obj
[102/153] Building C object esp-idf/esp_hal_gpio/CMakeFiles/__idf_esp_hal_gpio.dir/esp32s3/dedic_gpio_periph.c.obj
[103/153] Building C object esp-idf/esp_hal_gpio/CMakeFiles/__idf_esp_hal_gpio.dir/esp32s3/sdm_periph.c.obj
[104/153] Building C object esp-idf/esp_hal_gpio/CMakeFiles/__idf_esp_hal_gpio.dir/sdm_hal.c.obj
[105/153] Building C object esp-idf/esp_hal_gpio/CMakeFiles/__idf_esp_hal_gpio.dir/gpio_hal.c.obj
[106/153] Building C object esp-idf/esp_hal_usb/CMakeFiles/__idf_esp_hal_usb.dir/usb_serial_jtag_hal.c.obj
[107/153] Building C object esp-idf/esp_hal_gpio/CMakeFiles/__idf_esp_hal_gpio.dir/rtc_io_hal.c.obj
[108/153] Building C object esp-idf/soc/CMakeFiles/__idf_soc.dir/esp32s3/interrupts.c.obj
[109/153] Building C object esp-idf/soc/CMakeFiles/__idf_soc.dir/dport_access_common.c.obj
[110/153] Building C object esp-idf/esp_hal_dma/CMakeFiles/__idf_esp_hal_dma.dir/gdma_hal_ahb_v1.c.obj
[111/153] Linking C static library esp-idf/bootloader_support/libbootloader_support.a
[112/153] Building C object esp-idf/soc/CMakeFiles/__idf_soc.dir/esp32s3/power_supply_periph.c.obj
[113/153] Building C object esp-idf/soc/CMakeFiles/__idf_soc.dir/esp32s3/gpio_periph.c.obj
[114/153] Building C object esp-idf/soc/CMakeFiles/__idf_soc.dir/esp32s3/mpi_periph.c.obj
[115/153] Building C object esp-idf/hal/CMakeFiles/__idf_hal.dir/hal_utils.c.obj
[116/153] Preprocessing linker script /home/lain/.espressif/v6.0.2/esp-idf/components/bootloader/subproject/main/ld/esp32s3/bootloader.memory.ld.in -> /home/lain/Projects/esp_study/poc-a-wt/poc/apps/poc_a/build/default/bootloader/ld/bootloader.memory.ld
[117/153] Building C object esp-idf/hal/CMakeFiles/__idf_hal.dir/esp32s3/efuse_hal.c.obj
[118/153] Building C object esp-idf/hal/CMakeFiles/__idf_hal.dir/efuse_hal.c.obj
[119/153] Building C object esp-idf/soc/CMakeFiles/__idf_soc.dir/lldesc.c.obj
[120/153] Building C object esp-idf/xtensa/CMakeFiles/__idf_xtensa.dir/eri.c.obj
[121/153] Generating project_elf_src_esp32s3.c
[122/153] Preprocessing linker script /home/lain/.espressif/v6.0.2/esp-idf/components/bootloader/subproject/main/ld/esp32s3/bootloader.sections.ld.in -> /home/lain/Projects/esp_study/poc-a-wt/poc/apps/poc_a/build/default/bootloader/ld/bootloader.sections.ld
[123/153] Building C object esp-idf/xtensa/CMakeFiles/__idf_xtensa.dir/xt_trax.c.obj
[124/153] Building C object CMakeFiles/bootloader.elf.dir/project_elf_src_esp32s3.c.obj
[125/153] Linking C static library esp-idf/esp_security/libesp_security.a
[126/153] Linking C static library esp-idf/esp_hal_security/libesp_hal_security.a
[127/153] Building C object esp-idf/esp_hal_usb/CMakeFiles/__idf_esp_hal_usb.dir/usb_dwc_hal.c.obj
[128/153] Building C object esp-idf/hal/CMakeFiles/__idf_hal.dir/cache_hal.c.obj
[129/153] Building C object esp-idf/main/CMakeFiles/__idf_main.dir/bootloader_start.c.obj
[130/153] Building C object esp-idf/hal/CMakeFiles/__idf_hal.dir/mmu_hal.c.obj
[131/153] Linking C static library esp-idf/esp_hal_ana_conv/libesp_hal_ana_conv.a
[132/153] Building C object esp-idf/esp_hal_gpspi/CMakeFiles/__idf_esp_hal_gpspi.dir/spi_slave_hd_hal.c.obj
[133/153] Linking C static library esp-idf/esp_hal_uart/libesp_hal_uart.a
[134/153] Linking C static library esp-idf/esp_hal_wdt/libesp_hal_wdt.a
[135/153] Building C object esp-idf/esp_hal_gpspi/CMakeFiles/__idf_esp_hal_gpspi.dir/spi_hal_iram.c.obj
[136/153] Linking C static library esp-idf/esp_hal_timg/libesp_hal_timg.a
[137/153] Building C object esp-idf/micro-ecc/CMakeFiles/__idf_micro-ecc.dir/uECC_verify_antifault.c.obj
[138/153] Linking C static library esp-idf/micro-ecc/libmicro-ecc.a
[139/153] Linking C static library esp-idf/esp_bootloader_format/libesp_bootloader_format.a
[140/153] Linking C static library esp-idf/spi_flash/libspi_flash.a
[141/153] Linking C static library esp-idf/esp_hal_clock/libesp_hal_clock.a
[142/153] Linking C static library esp-idf/esp_hal_gpspi/libesp_hal_gpspi.a
[143/153] Linking C static library esp-idf/esp_hal_dma/libesp_hal_dma.a
[144/153] Linking C static library esp-idf/esp_hal_pmu/libesp_hal_pmu.a
[145/153] Linking C static library esp-idf/esp_hal_usb/libesp_hal_usb.a
[146/153] Linking C static library esp-idf/esp_hal_gpio/libesp_hal_gpio.a
[147/153] Linking C static library esp-idf/hal/libhal.a
[148/153] Linking C static library esp-idf/soc/libsoc.a
[149/153] Linking C static library esp-idf/xtensa/libxtensa.a
[150/153] Linking C static library esp-idf/main/libmain.a
[151/153] Linking C executable bootloader.elf
[152/153] Generating binary image from built executable
esptool v5.3.1
Creating ESP32-S3 image...
Merged 2 ELF sections.
Successfully created ESP32-S3 image.
Generated /home/lain/Projects/esp_study/poc-a-wt/poc/apps/poc_a/build/default/bootloader/bootloader.bin
[153/153] cd /home/lain/Projects/esp_study/poc-a-wt/poc/apps/poc_a/build/default/bootloader && python /home/lain/.espressif/v6.0.2/esp-idf/components/partition_table/check_sizes.py --offset 0x8000 bootloader 0x0 /home/lain/Projects/esp_study/poc-a-wt/poc/apps/poc_a/build/default/bootloader/bootloader.bin
Bootloader binary size 0x5800 bytes. 0x2800 bytes (31%) free.
[128/348] Building C object esp-idf/frame_poc_mpb/CMakeFiles/__idf_frame_poc_mpb.dir/src/mpb_mbedtls_glue.c.obj
[129/348] Building C object esp-idf/sdmmc/CMakeFiles/__idf_sdmmc.dir/sdmmc_io.c.obj
[130/348] Building C object esp-idf/elf_loader/CMakeFiles/__idf_elf_loader.dir/src/esp_elf.c.obj
[131/348] Linking C static library esp-idf/console/libconsole.a
[132/348] Building C object esp-idf/frame_poc_mpb/CMakeFiles/__idf_frame_poc_mpb.dir/src/mpb_parser.c.obj
[133/348] Linking C static library esp-idf/sdmmc/libsdmmc.a
[134/348] Linking C static library esp-idf/elf_loader/libelf_loader.a
[135/348] Linking C static library esp-idf/frame_poc_mpb/libframe_poc_mpb.a
[136/348] Building C object esp-idf/esp_driver_sd_intf/CMakeFiles/__idf_esp_driver_sd_intf.dir/sd_host.c.obj
[137/348] Building C object esp-idf/unity/CMakeFiles/__idf_unity.dir/unity_compat.c.obj
[138/348] Building C object esp-idf/unity/CMakeFiles/__idf_unity.dir/unity_runner.c.obj
[139/348] Building C object esp-idf/unity/CMakeFiles/__idf_unity.dir/unity_utils_freertos.c.obj
[140/348] Building C object esp-idf/esp_driver_spi/CMakeFiles/__idf_esp_driver_spi.dir/src/gpspi/spi_slave_hd.c.obj
[141/348] Building C object esp-idf/esp_driver_spi/CMakeFiles/__idf_esp_driver_spi.dir/src/gpspi/spi_slave.c.obj
[142/348] Building C object esp-idf/esp_driver_spi/CMakeFiles/__idf_esp_driver_spi.dir/src/gpspi/spi_common.c.obj
[143/348] Building C object esp-idf/unity/CMakeFiles/__idf_unity.dir/unity_utils_cache.c.obj
[144/348] Building C object esp-idf/unity/CMakeFiles/__idf_unity.dir/unity_utils_memory.c.obj
[145/348] Building C object esp-idf/unity/CMakeFiles/__idf_unity.dir/port/esp/unity_utils_memory_esp.c.obj
[146/348] Building C object esp-idf/unity/CMakeFiles/__idf_unity.dir/unity_port_esp32.c.obj
[147/348] Building C object esp-idf/esp_hal_twai/CMakeFiles/__idf_esp_hal_twai.dir/esp32s3/twai_periph.c.obj
[148/348] Building C object esp-idf/esp_hal_cam/CMakeFiles/__idf_esp_hal_cam.dir/esp32s3/cam_periph.c.obj
[149/348] Building C object esp-idf/unity/CMakeFiles/__idf_unity.dir/unity/src/unity.c.obj
[150/348] Building C object esp-idf/esp_hal_cam/CMakeFiles/__idf_esp_hal_cam.dir/cam_hal.c.obj
[151/348] Building C object esp-idf/esp_driver_spi/CMakeFiles/__idf_esp_driver_spi.dir/src/gpspi/spi_master.c.obj
[152/348] Building C object esp-idf/esp_hal_ledc/CMakeFiles/__idf_esp_hal_ledc.dir/ledc_hal.c.obj
[153/348] Linking C static library esp-idf/esp_driver_spi/libesp_driver_spi.a
[154/348] Building C object esp-idf/esp_hal_ledc/CMakeFiles/__idf_esp_hal_ledc.dir/ledc_hal_iram.c.obj
[155/348] Building C object esp-idf/esp_hal_ledc/CMakeFiles/__idf_esp_hal_ledc.dir/esp32s3/ledc_periph.c.obj
[156/348] Building C object esp-idf/esp_hal_twai/CMakeFiles/__idf_esp_hal_twai.dir/twai_hal_v1.c.obj
[157/348] Building C object esp-idf/esp_hal_pcnt/CMakeFiles/__idf_esp_hal_pcnt.dir/pcnt_hal.c.obj
[158/348] Building C object esp-idf/esp_hal_pcnt/CMakeFiles/__idf_esp_hal_pcnt.dir/esp32s3/pcnt_periph.c.obj
[159/348] Building C object esp-idf/esp_hal_mcpwm/CMakeFiles/__idf_esp_hal_mcpwm.dir/esp32s3/mcpwm_periph.c.obj
[160/348] Building C object esp-idf/esp_driver_i2c/CMakeFiles/__idf_esp_driver_i2c.dir/i2c_common.c.obj
[161/348] Building C object esp-idf/esp_hal_mcpwm/CMakeFiles/__idf_esp_hal_mcpwm.dir/mcpwm_hal.c.obj
[162/348] Linking C static library esp-idf/esp_driver_sd_intf/libesp_driver_sd_intf.a
[163/348] Building C object esp-idf/esp_hal_rmt/CMakeFiles/__idf_esp_hal_rmt.dir/esp32s3/rmt_periph.c.obj
[164/348] Building C object esp-idf/esp_hal_rmt/CMakeFiles/__idf_esp_hal_rmt.dir/rmt_hal.c.obj
[165/348] Building C object esp-idf/protobuf-c/CMakeFiles/__idf_protobuf-c.dir/protobuf-c/protobuf-c/protobuf-c.c.obj
[166/348] Building C object esp-idf/esp_driver_i2c/CMakeFiles/__idf_esp_driver_i2c.dir/i2c_slave.c.obj
[167/348] Building C object esp-idf/esp_driver_sdspi/CMakeFiles/__idf_esp_driver_sdspi.dir/src/sdspi_crc.c.obj
[168/348] Building C object esp-idf/esp_driver_sdmmc/CMakeFiles/__idf_esp_driver_sdmmc.dir/legacy/src/sdmmc_transaction.c.obj
[169/348] Building C object esp-idf/esp_hal_lcd/CMakeFiles/__idf_esp_hal_lcd.dir/lcd_hal.c.obj
[170/348] Building C object esp-idf/esp_hal_lcd/CMakeFiles/__idf_esp_hal_lcd.dir/esp32s3/lcd_periph.c.obj
[171/348] Building C object esp-idf/esp_driver_sdspi/CMakeFiles/__idf_esp_driver_sdspi.dir/src/sdspi_transaction.c.obj
[172/348] Building C object esp-idf/esp_driver_sdmmc/CMakeFiles/__idf_esp_driver_sdmmc.dir/legacy/src/sdmmc_host.c.obj
[173/348] Linking C static library esp-idf/protobuf-c/libprotobuf-c.a
[174/348] Building C object esp-idf/protocomm/CMakeFiles/__idf_protocomm.dir/proto-c/constants.pb-c.c.obj
[175/348] Building C object esp-idf/esp_driver_sdmmc/CMakeFiles/__idf_esp_driver_sdmmc.dir/src/sd_trans_sdmmc.c.obj
[176/348] Building C object esp-idf/esp_driver_sdspi/CMakeFiles/__idf_esp_driver_sdspi.dir/src/sdspi_host.c.obj
[177/348] Building C object esp-idf/protocomm/CMakeFiles/__idf_protocomm.dir/proto-c/sec0.pb-c.c.obj
[178/348] Building C object esp-idf/esp_driver_i2c/CMakeFiles/__idf_esp_driver_i2c.dir/i2c_master.c.obj
[179/348] Building C object esp-idf/protocomm/CMakeFiles/__idf_protocomm.dir/proto-c/sec1.pb-c.c.obj
[180/348] Building C object esp-idf/protocomm/CMakeFiles/__idf_protocomm.dir/src/common/protocomm.c.obj
[181/348] Building C object esp-idf/protocomm/CMakeFiles/__idf_protocomm.dir/proto-c/session.pb-c.c.obj
[182/348] Building C object esp-idf/protocomm/CMakeFiles/__idf_protocomm.dir/proto-c/sec2.pb-c.c.obj
[183/348] Building C object esp-idf/esp_https_server/CMakeFiles/__idf_esp_https_server.dir/src/https_server.c.obj
[184/348] Building C object esp-idf/protocomm/CMakeFiles/__idf_protocomm.dir/src/transports/protocomm_console.c.obj
[185/348] Building C object esp-idf/protocomm/CMakeFiles/__idf_protocomm.dir/src/crypto/srp6a/esp_srp_mpi.c.obj
[186/348] Building CXX object esp-idf/wear_levelling/CMakeFiles/__idf_wear_levelling.dir/Partition.cpp.obj
[187/348] Building CXX object esp-idf/wear_levelling/CMakeFiles/__idf_wear_levelling.dir/BDL_Access.cpp.obj
[188/348] Building C object esp-idf/protocomm/CMakeFiles/__idf_protocomm.dir/src/transports/protocomm_httpd.c.obj
[189/348] Building C object esp-idf/esp_driver_sdmmc/CMakeFiles/__idf_esp_driver_sdmmc.dir/src/sd_host_sdmmc.c.obj
[190/348] Building CXX object esp-idf/wear_levelling/CMakeFiles/__idf_wear_levelling.dir/crc32.cpp.obj
[191/348] Building CXX object esp-idf/wear_levelling/CMakeFiles/__idf_wear_levelling.dir/SPI_Flash.cpp.obj
[192/348] Generating ../../baseline.mpb.S
[193/348] Building CXX object esp-idf/wear_levelling/CMakeFiles/__idf_wear_levelling.dir/WL_Ext_Perf.cpp.obj
[194/348] Generating ../../globdat.mpb.S
[195/348] Generating ../../plt.mpb.S
[196/348] Building CXX object esp-idf/wear_levelling/CMakeFiles/__idf_wear_levelling.dir/WL_Ext_Safe.cpp.obj
[197/348] Generating ../../import_neg.mpb.S
[198/348] Generating ../../neg_r32.mpb.S
[199/348] Generating ../../neg_s0op.mpb.S
[200/348] Generating ../../neg_phspan.mpb.S
[201/348] Generating ../../neg_ph64.mpb.S
[202/348] Generating ../../neg_phbe.mpb.S
[203/348] Building CXX object esp-idf/wear_levelling/CMakeFiles/__idf_wear_levelling.dir/wear_levelling.cpp.obj
[204/348] Building CXX object esp-idf/wear_levelling/CMakeFiles/__idf_wear_levelling.dir/wl_blockdev.cpp.obj
[205/348] Building C object esp-idf/protocomm/CMakeFiles/__idf_protocomm.dir/src/crypto/srp6a/esp_srp.c.obj
[206/348] Generating ../../neg_phmach.mpb.S
[207/348] Generating ../../cxx_ctor.mpb.S
[208/348] Generating ../../cxx_tls.mpb.S
[209/348] Building C object esp-idf/protocomm/CMakeFiles/__idf_protocomm.dir/src/security/security2.c.obj
[210/348] Generating ../../neg_tls_nosect.mpb.S
[211/348] Linking C static library esp-idf/esp_hal_twai/libesp_hal_twai.a
[212/348] Linking C static library esp-idf/unity/libunity.a
[213/348] Building C object esp-idf/cmock/CMakeFiles/__idf_cmock.dir/CMock/src/cmock.c.obj
[214/348] Building C object esp-idf/esp_driver_gptimer/CMakeFiles/__idf_esp_driver_gptimer.dir/src/gptimer_common.c.obj
[215/348] Building C object esp-idf/driver/CMakeFiles/__idf_driver.dir/touch_sensor/touch_sensor_common.c.obj
[216/348] Building CXX object esp-idf/wear_levelling/CMakeFiles/__idf_wear_levelling.dir/WL_Flash.cpp.obj
[217/348] Building C object esp-idf/esp_blockdev_util/CMakeFiles/__idf_esp_blockdev_util.dir/generic_partition.c.obj
[218/348] Linking C static library esp-idf/esp_hal_cam/libesp_hal_cam.a
[219/348] Building C object esp-idf/esp_driver_gptimer/CMakeFiles/__idf_esp_driver_gptimer.dir/src/gptimer.c.obj
[220/348] Building C object esp-idf/esp_blockdev_util/CMakeFiles/__idf_esp_blockdev_util.dir/memory.c.obj
[221/348] Building C object esp-idf/esp_driver_cam/CMakeFiles/__idf_esp_driver_cam.dir/dvp_share_ctrl.c.obj
[222/348] Building C object esp-idf/esp_driver_cam/CMakeFiles/__idf_esp_driver_cam.dir/esp_cam_ctlr.c.obj
[223/348] Linking C static library esp-idf/esp_driver_i2c/libesp_driver_i2c.a
[224/348] Building C object esp-idf/esp_driver_cam/CMakeFiles/__idf_esp_driver_cam.dir/dvp/src/esp_cam_ctlr_dvp_gdma.c.obj
[225/348] Linking C static library esp-idf/esp_hal_ledc/libesp_hal_ledc.a
[226/348] Linking C static library esp-idf/esp_hal_mcpwm/libesp_hal_mcpwm.a
[227/348] Building C object esp-idf/driver/CMakeFiles/__idf_driver.dir/twai/twai.c.obj
[228/348] Building C object esp-idf/driver/CMakeFiles/__idf_driver.dir/touch_sensor/esp32s3/touch_sensor.c.obj
[229/348] Building C object esp-idf/esp_driver_mcpwm/CMakeFiles/__idf_esp_driver_mcpwm.dir/src/mcpwm_cmpr.c.obj
[230/348] Building C object esp-idf/esp_driver_mcpwm/CMakeFiles/__idf_esp_driver_mcpwm.dir/src/mcpwm_com.c.obj
[231/348] Building C object esp-idf/esp_driver_cam/CMakeFiles/__idf_esp_driver_cam.dir/dvp/src/esp_cam_ctlr_dvp_cam.c.obj
[232/348] Building C object esp-idf/esp_driver_mcpwm/CMakeFiles/__idf_esp_driver_mcpwm.dir/src/mcpwm_fault.c.obj
[233/348] Building C object esp-idf/driver/CMakeFiles/__idf_driver.dir/i2c/i2c.c.obj
[234/348] Linking C static library esp-idf/esp_hal_pcnt/libesp_hal_pcnt.a
[235/348] Building C object esp-idf/esp_driver_mcpwm/CMakeFiles/__idf_esp_driver_mcpwm.dir/src/mcpwm_cap.c.obj
[236/348] Linking C static library esp-idf/esp_hal_rmt/libesp_hal_rmt.a
[237/348] Building C object esp-idf/esp_driver_mcpwm/CMakeFiles/__idf_esp_driver_mcpwm.dir/src/mcpwm_sync.c.obj
[238/348] Building C object esp-idf/esp_driver_mcpwm/CMakeFiles/__idf_esp_driver_mcpwm.dir/src/mcpwm_gen.c.obj
[239/348] Building C object esp-idf/esp_driver_rmt/CMakeFiles/__idf_esp_driver_rmt.dir/src/rmt_encoder.c.obj
[240/348] Building C object esp-idf/esp_driver_mcpwm/CMakeFiles/__idf_esp_driver_mcpwm.dir/src/mcpwm_oper.c.obj
[241/348] Building C object esp-idf/esp_driver_rmt/CMakeFiles/__idf_esp_driver_rmt.dir/src/rmt_common.c.obj
[242/348] Building C object esp-idf/esp_driver_mcpwm/CMakeFiles/__idf_esp_driver_mcpwm.dir/src/mcpwm_timer.c.obj
[243/348] Building C object esp-idf/esp_driver_rmt/CMakeFiles/__idf_esp_driver_rmt.dir/src/rmt_encoder_copy.c.obj
[244/348] Building C object esp-idf/esp_driver_rmt/CMakeFiles/__idf_esp_driver_rmt.dir/src/rmt_encoder_bytes.c.obj
[245/348] Building C object esp-idf/esp_driver_rmt/CMakeFiles/__idf_esp_driver_rmt.dir/src/rmt_encoder_simple.c.obj
[246/348] Linking C static library esp-idf/esp_driver_sdspi/libesp_driver_sdspi.a
[247/348] Linking C static library esp-idf/esp_driver_sdmmc/libesp_driver_sdmmc.a
[248/348] Building C object esp-idf/esp_driver_ledc/CMakeFiles/__idf_esp_driver_ledc.dir/src/ledc.c.obj
[249/348] Building C object esp-idf/esp_driver_pcnt/CMakeFiles/__idf_esp_driver_pcnt.dir/src/pulse_cnt.c.obj
[250/348] Building C object esp-idf/esp_driver_sdm/CMakeFiles/__idf_esp_driver_sdm.dir/src/sdm.c.obj
[251/348] Building C object esp-idf/esp_driver_twai/CMakeFiles/__idf_esp_driver_twai.dir/esp_twai.c.obj
[252/348] Building C object esp-idf/esp_driver_tsens/CMakeFiles/__idf_esp_driver_tsens.dir/src/temperature_sensor.c.obj
[253/348] Building C object esp-idf/esp_driver_rmt/CMakeFiles/__idf_esp_driver_rmt.dir/src/rmt_rx.c.obj
[254/348] Linking C static library esp-idf/esp_hal_lcd/libesp_hal_lcd.a
[255/348] Building C object esp-idf/esp_driver_touch_sens/CMakeFiles/__idf_esp_driver_touch_sens.dir/hw_ver2/touch_version_specific.c.obj
[256/348] Building C object esp-idf/esp_driver_touch_sens/CMakeFiles/__idf_esp_driver_touch_sens.dir/common/touch_sens_common.c.obj
[257/348] Building C object esp-idf/esp_hid/CMakeFiles/__idf_esp_hid.dir/src/esp_hidd.c.obj
[258/348] Building C object esp-idf/esp_eth/CMakeFiles/__idf_esp_eth.dir/src/esp_eth_netif_glue.c.obj
[259/348] Building C object esp-idf/esp_driver_rmt/CMakeFiles/__idf_esp_driver_rmt.dir/src/rmt_tx.c.obj
[260/348] Linking C static library esp-idf/esp_https_server/libesp_https_server.a
[261/348] Building C object esp-idf/esp_eth/CMakeFiles/__idf_esp_eth.dir/src/esp_eth.c.obj
[262/348] Building C object esp-idf/esp_driver_twai/CMakeFiles/__idf_esp_driver_twai.dir/esp_twai_onchip.c.obj
[263/348] Building C object esp-idf/esp_hid/CMakeFiles/__idf_esp_hid.dir/src/esp_hid_common.c.obj
[264/348] Building C object esp-idf/esp_lcd/CMakeFiles/__idf_esp_lcd.dir/src/esp_lcd_common.c.obj
[265/348] Building C object esp-idf/esp_lcd/CMakeFiles/__idf_esp_lcd.dir/src/esp_lcd_panel_io.c.obj
[266/348] Building C object esp-idf/esp_eth/CMakeFiles/__idf_esp_eth.dir/src/phy/esp_eth_phy_802_3.c.obj
[267/348] Building C object esp-idf/esp_hid/CMakeFiles/__idf_esp_hid.dir/src/esp_hidh.c.obj
[268/348] Building C object esp-idf/esp_lcd/CMakeFiles/__idf_esp_lcd.dir/src/esp_lcd_panel_ops.c.obj
[269/348] Linking C static library esp-idf/protocomm/libprotocomm.a
[270/348] Building C object esp-idf/esp_lcd/CMakeFiles/__idf_esp_lcd.dir/src/esp_lcd_panel_ssd1306.c.obj
[271/348] Building C object esp-idf/esp_lcd/CMakeFiles/__idf_esp_lcd.dir/src/esp_lcd_panel_st7789.c.obj
[272/348] Building C object esp-idf/esp_lcd/CMakeFiles/__idf_esp_lcd.dir/i2c/esp_lcd_panel_io_i2c.c.obj
[273/348] Linking C static library esp-idf/wear_levelling/libwear_levelling.a
[274/348] Building C object esp-idf/esp_local_ctrl/CMakeFiles/__idf_esp_local_ctrl.dir/src/esp_local_ctrl_transport_httpd.c.obj
[275/348] Building C object esp-idf/esp_lcd/CMakeFiles/__idf_esp_lcd.dir/spi/esp_lcd_panel_io_spi.c.obj
[276/348] Building C object esp-idf/esp_local_ctrl/CMakeFiles/__idf_esp_local_ctrl.dir/src/esp_local_ctrl.c.obj
[277/348] Building C object esp-idf/esp_local_ctrl/CMakeFiles/__idf_esp_local_ctrl.dir/proto-c/esp_local_ctrl.pb-c.c.obj
[278/348] Building C object esp-idf/esp_local_ctrl/CMakeFiles/__idf_esp_local_ctrl.dir/src/esp_local_ctrl_handler.c.obj
[279/348] Building C object esp-idf/fatfs/CMakeFiles/__idf_fatfs.dir/diskio/diskio.c.obj
[280/348] Building C object esp-idf/fatfs/CMakeFiles/__idf_fatfs.dir/diskio/diskio_rawflash.c.obj
[281/348] Building C object esp-idf/fatfs/CMakeFiles/__idf_fatfs.dir/port/freertos/ffsystem.c.obj
[282/348] Building C object esp-idf/fatfs/CMakeFiles/__idf_fatfs.dir/diskio/diskio_wl.c.obj
[283/348] Building C object esp-idf/fatfs/CMakeFiles/__idf_fatfs.dir/src/ffunicode.c.obj
[284/348] Building C object esp-idf/fatfs/CMakeFiles/__idf_fatfs.dir/diskio/diskio_sdmmc.c.obj
[285/348] Building C object esp-idf/perfmon/CMakeFiles/__idf_perfmon.dir/xtensa_perfmon_access.c.obj
[286/348] Building C object esp-idf/esp_lcd/CMakeFiles/__idf_esp_lcd.dir/i80/esp_lcd_panel_io_i80.c.obj
[287/348] Building C object esp-idf/perfmon/CMakeFiles/__idf_perfmon.dir/xtensa_perfmon_apis.c.obj
[288/348] Building C object esp-idf/perfmon/CMakeFiles/__idf_perfmon.dir/xtensa_perfmon_masks.c.obj
[289/348] Building C object esp-idf/fatfs/CMakeFiles/__idf_fatfs.dir/vfs/vfs_fat_spiflash.c.obj
[290/348] Building C object esp-idf/rt/CMakeFiles/__idf_rt.dir/FreeRTOS_POSIX_utils.c.obj
[291/348] Building C object esp-idf/fatfs/CMakeFiles/__idf_fatfs.dir/vfs/vfs_fat_sdmmc.c.obj
[292/348] Building C object esp-idf/rt/CMakeFiles/__idf_rt.dir/FreeRTOS_POSIX_mqueue.c.obj
[293/348] Building C object esp-idf/spiffs/CMakeFiles/__idf_spiffs.dir/spiffs_api.c.obj
[294/348] Building C object esp-idf/spiffs/CMakeFiles/__idf_spiffs.dir/spiffs/src/spiffs_cache.c.obj
[295/348] Building C object esp-idf/esp_lcd/CMakeFiles/__idf_esp_lcd.dir/rgb/esp_lcd_panel_rgb.c.obj
[296/348] Building C object esp-idf/spiffs/CMakeFiles/__idf_spiffs.dir/spiffs/src/spiffs_gc.c.obj
[297/348] Building C object esp-idf/fatfs/CMakeFiles/__idf_fatfs.dir/vfs/vfs_fat.c.obj
[298/348] Building CXX object esp-idf/main/CMakeFiles/__idf_main.dir/abi_smoke.cc.obj
[299/348] Building CXX object esp-idf/main/CMakeFiles/__idf_main.dir/poc_a_main.cc.obj
[300/348] Building ASM object esp-idf/main/CMakeFiles/__idf_main.dir/__/__/baseline.mpb.S.obj
[301/348] Building C object esp-idf/spiffs/CMakeFiles/__idf_spiffs.dir/spiffs/src/spiffs_check.c.obj
[302/348] Building ASM object esp-idf/main/CMakeFiles/__idf_main.dir/__/__/globdat.mpb.S.obj
[303/348] Building ASM object esp-idf/main/CMakeFiles/__idf_main.dir/__/__/plt.mpb.S.obj
[304/348] Building ASM object esp-idf/main/CMakeFiles/__idf_main.dir/__/__/neg_r32.mpb.S.obj
[305/348] Building ASM object esp-idf/main/CMakeFiles/__idf_main.dir/__/__/import_neg.mpb.S.obj
[306/348] Building CXX object esp-idf/main/CMakeFiles/__idf_main.dir/poca_console.cc.obj
[307/348] Building ASM object esp-idf/main/CMakeFiles/__idf_main.dir/__/__/neg_phspan.mpb.S.obj
[308/348] Building ASM object esp-idf/main/CMakeFiles/__idf_main.dir/__/__/neg_s0op.mpb.S.obj
[309/348] Building ASM object esp-idf/main/CMakeFiles/__idf_main.dir/__/__/neg_phbe.mpb.S.obj
[310/348] Building ASM object esp-idf/main/CMakeFiles/__idf_main.dir/__/__/neg_phmach.mpb.S.obj
[311/348] Building ASM object esp-idf/main/CMakeFiles/__idf_main.dir/__/__/neg_ph64.mpb.S.obj
[312/348] Building C object esp-idf/fatfs/CMakeFiles/__idf_fatfs.dir/src/ff.c.obj
[313/348] Building C object esp-idf/spiffs/CMakeFiles/__idf_spiffs.dir/spiffs/src/spiffs_hydrogen.c.obj
[314/348] Building ASM object esp-idf/main/CMakeFiles/__idf_main.dir/__/__/cxx_ctor.mpb.S.obj
[315/348] Building ASM object esp-idf/main/CMakeFiles/__idf_main.dir/__/__/cxx_tls.mpb.S.obj
[316/348] Building ASM object esp-idf/main/CMakeFiles/__idf_main.dir/__/__/neg_tls_nosect.mpb.S.obj
[317/348] Linking C static library esp-idf/cmock/libcmock.a
[318/348] Linking C static library esp-idf/esp_driver_gptimer/libesp_driver_gptimer.a
[319/348] Linking C static library esp-idf/esp_blockdev_util/libesp_blockdev_util.a
[320/348] Building C object esp-idf/spiffs/CMakeFiles/__idf_spiffs.dir/esp_spiffs.c.obj
[321/348] Linking C static library esp-idf/esp_driver_cam/libesp_driver_cam.a
[322/348] Linking C static library esp-idf/driver/libdriver.a
[323/348] Linking C static library esp-idf/esp_driver_ledc/libesp_driver_ledc.a
[324/348] Linking C static library esp-idf/esp_driver_pcnt/libesp_driver_pcnt.a
[325/348] Linking C static library esp-idf/esp_driver_sdm/libesp_driver_sdm.a
[326/348] Linking C static library esp-idf/esp_driver_mcpwm/libesp_driver_mcpwm.a
[327/348] Linking C static library esp-idf/esp_driver_rmt/libesp_driver_rmt.a
[328/348] Linking C static library esp-idf/esp_driver_tsens/libesp_driver_tsens.a
[329/348] Linking C static library esp-idf/esp_driver_touch_sens/libesp_driver_touch_sens.a
[330/348] Linking C static library esp-idf/esp_driver_twai/libesp_driver_twai.a
[331/348] Linking C static library esp-idf/esp_eth/libesp_eth.a
[332/348] Linking C static library esp-idf/esp_hid/libesp_hid.a
[333/348] Linking C static library esp-idf/esp_local_ctrl/libesp_local_ctrl.a
[334/348] No install step for 'bootloader'
[335/348] Linking C static library esp-idf/rt/librt.a
[336/348] Linking C static library esp-idf/perfmon/libperfmon.a
[337/348] Linking C static library esp-idf/esp_lcd/libesp_lcd.a
[338/348] Linking C static library esp-idf/fatfs/libfatfs.a
[339/348] Completed 'bootloader'
[340/348] Building CXX object esp-idf/main/CMakeFiles/__idf_main.dir/poca_plugin.cc.obj
[341/348] Building C object esp-idf/spiffs/CMakeFiles/__idf_spiffs.dir/spiffs/src/spiffs_nucleus.c.obj
[342/348] Linking C static library esp-idf/main/libmain.a
[343/348] Linking C static library esp-idf/spiffs/libspiffs.a
[344/348] Generating esp-idf/esp_system/ld/sections.ld
NOTE: 
/home/lain/.espressif/v6.0.2/esp-idf/components/bt/host/nimble/Kconfig.in:1421: 
BT_NIMBLE_MESH_PROVISIONER: 'default 0' is not a valid bool value (only 'y' and 
'n' are allowed). Value is treated as 'n'.
NOTE: /home/lain/.espressif/v6.0.2/esp-idf/components/fatfs/Kconfig:230: 
FATFS_PRINT_LLI: 'default 0' is not a valid bool value (only 'y' and 'n' are 
allowed). Value is treated as 'n'.
NOTE: /home/lain/.espressif/v6.0.2/esp-idf/components/fatfs/Kconfig:235: 
FATFS_PRINT_FLOAT: 'default 0' is not a valid bool value (only 'y' and 'n' are 
allowed). Value is treated as 'n'.
[345/348] Building C object CMakeFiles/frame_poc_a.elf.dir/project_elf_src_esp32s3.c.obj
[346/348] Linking CXX executable frame_poc_a.elf
[347/348] Generating binary image from built executable
esptool v5.3.1
Creating ESP32-S3 image...
Merged 3 ELF sections.
Successfully created ESP32-S3 image.
Generated /home/lain/Projects/esp_study/poc-a-wt/poc/apps/poc_a/build/default/frame_poc_a.bin
[348/348] cd /home/lain/Projects/esp_study/poc-a-wt/poc/apps/poc_a/build/default && python /home/lain/.espressif/v6.0.2/esp-idf/components/partition_table/check_sizes.py --offset 0x8000 partition --type app /home/lain/Projects/esp_study/poc-a-wt/poc/apps/poc_a/build/default/partition_table/partition-table.bin /home/lain/Projects/esp_study/poc-a-wt/poc/apps/poc_a/build/default/frame_poc_a.bin
frame_poc_a.bin binary size 0x65820 bytes. Smallest app partition is 0x100000 bytes. 0x9a7e0 bytes (60%) free.
BUILD_RC=0
--- post-build checks: warnings-in-log=0 (expected 0 for this task's code) ---
--- determinism: corpus rebuild byte-identical (all 3) ---
bb1d19a85614f895f30d055edeec48ab97fa0092c4821d84505412bd4939abc8  build/default/plugins/cxx_ctor.mpb
0d4c957670520ba6d57c8ed72157a28bd55a77d7594f572d51e5797b89a5cb94  build/default/plugins/cxx_tls.mpb
abcdd69648a15a60620bb9efd5f17cb55998ddf499dd7ff6a2a72b9dfab03f71  build/default/plugins/neg_tls_nosect.mpb
--- variant ELFs (adversarial: stale_state hashes) ---
f62429c4f81024bbdeeb239f7cf38f79ad7bb82f234b6ea3584f2eb5edb0d33c  build/default/plugins/cxx_ctor/cxx_ctor.elf
563d431836f500c810e8356f91e447acbaa2a3eb81e334c1bcc5b3590bdb7739  build/default/plugins/cxx_dtor/cxx_dtor.elf
6eadd5730e0e84e2497c4e685c0125075eb92f9f0901169a3d57605c6bc3ece2  build/default/plugins/cxx_exceptions/cxx_exceptions.elf
397fd9b2d735dcd2ec0e93eafdb15680a5d1d0f09f11ecf47af9061fb20a8c73  build/default/plugins/cxx_rtti/cxx_rtti.elf
9e3842fe937f477cdd45d5ada96e5ca10e1a2198ca10eec23d368f67d43046c6  build/default/plugins/cxx_tls/cxx_tls.elf
63d0324da126a38859192acd52df84223b0ff3642658f9f768fa23a1ef3ef640  build/default/plugins/cxx_unwind/cxx_unwind.elf
--- probe artifact map (readelf) ---
cxx_ctor       sections: .ctors | relocs: | undef: 
cxx_dtor       sections: .dtors | relocs: | undef: 
cxx_tls        sections: .tbss .tdata | relocs: R_XTENSA_TLSDESC_ARG R_XTENSA_TLSDESC_FN | undef: 
cxx_exceptions sections: .eh_frame .gcc_except_table | relocs: | undef: __cxa_allocate_exception __cxa_begin_catch __cxa_end_catch __cxa_throw __gxx_personality_v0 _Unwind_Resume _ZTIi 
cxx_rtti       sections: | relocs: | undef: __dynamic_cast _ZdlPvj _ZTVN10__cxxabiv117__class_type_infoE _ZTVN10__cxxabiv120__si_class_type_infoE 
cxx_unwind     sections: .eh_frame | relocs: | undef: 
--- positive gates re-run (gate 4 must not break C plugins) ---
--- positive gates re-run (gate 4 must not break C plugins) ---
--- positive gates re-run (gate 4 must not break C plugins) ---
-- [poca-plugin] baseline: gates OK relocs(R_XTENSA_NONE=0 R_XTENSA_RELATIVE=8 R_XTENSA_RTLD=0 R_XTENSA_GLOB_DAT=0 R_XTENSA_JMP_SLOT=0) undefined=0 entry=frame_plugin_entry
-- [poca-plugin] plt: gates OK relocs(R_XTENSA_NONE=0 R_XTENSA_RELATIVE=7 R_XTENSA_RTLD=2 R_XTENSA_GLOB_DAT=1 R_XTENSA_JMP_SLOT=1) undefined=0 entry=frame_plugin_entry
-- [poca-plugin] globdat: gates OK relocs(R_XTENSA_NONE=0 R_XTENSA_RELATIVE=8 R_XTENSA_RTLD=0 R_XTENSA_GLOB_DAT=2 R_XTENSA_JMP_SLOT=0) undefined=0 entry=frame_plugin_entry
-- [poca-plugin] import_neg: gates OK relocs(R_XTENSA_NONE=0 R_XTENSA_RELATIVE=4 R_XTENSA_RTLD=2 R_XTENSA_GLOB_DAT=0 R_XTENSA_JMP_SLOT=1) undefined=0 entry=frame_plugin_entry
=== phase 2: PRE-p4 board run (loader gap demo) ===
ninja: Entering directory `build/default'
[1/5] cd /home/lain/Projects/esp_study/poc-a-wt/poc/apps/poc_a/build/default && python /home/lain/.espressif/v6.0.2/esp-idf/components/partition_table/check_sizes.py --offset 0x8000 partition --type app /home/lain/Projects/esp_study/poc-a-wt/poc/apps/poc_a/build/default/partition_table/partition-table.bin /home/lain/Projects/esp_study/poc-a-wt/poc/apps/poc_a/build/default/frame_poc_a.bin
frame_poc_a.bin binary size 0x65820 bytes. Smallest app partition is 0x100000 bytes. 0x9a7e0 bytes (60%) free.
[2/5] Performing build step for 'bootloader'
[1/1] cd /home/lain/Projects/esp_study/poc-a-wt/poc/apps/poc_a/build/default/bootloader && python /home/lain/.espressif/v6.0.2/esp-idf/components/partition_table/check_sizes.py --offset 0x8000 bootloader 0x0 /home/lain/Projects/esp_study/poc-a-wt/poc/apps/poc_a/build/default/bootloader/bootloader.bin
Bootloader binary size 0x5800 bytes. 0x2800 bytes (31%) free.
[3/5] No install step for 'bootloader'
[4/5] Completed 'bootloader'
[4/5] Running utility command for flash
Note: python;-m;esptool;--chip;esp32s3 will attempt to set baud rate automatically. To specify a baud rate, set the ESPBAUD environment variable.
esptool --chip esp32s3 -p /dev/ttyACM0 --before=default-reset --after=hard-reset write-flash --flash-mode dio --flash-freq 80m --flash-size 16MB 0x0 bootloader/bootloader.bin 0x8000 partition_table/partition-table.bin 0x10000 frame_poc_a.bin
esptool v5.3.1
Serial port /dev/ttyACM0:
Connecting...
[1A[2K[1A[2KConnected to ESP32-S3 on /dev/ttyACM0:
Chip type:          ESP32-S3 (QFN56) (revision v0.2)
Features:           Wi-Fi, BT 5 (LE), Dual Core + LP Core, 240MHz, Embedded PSRAM 8MB (AP_3v3)
Crystal frequency:  40MHz
USB mode:           USB-Serial/JTAG
MAC:                a4:cb:8f:cf:cd:5c

Uploading stub flasher...
Running stub flasher...
[1A[2K[1A[2KStub flasher running.

Configuring flash size...

Writing 'bootloader/bootloader.bin' at 0x00000000...
SHA digest in image updated.
Flash will be erased from 0x00000000 to 0x00005fff...
Compressed 22528 bytes to 14418...
[KWriting at 0x00000000 [                              ]   0.0% 0/14418 bytes... [KWriting at 0x00005800 [==============================] 100.0% 14418/14418 bytes... 
[1A[2K[1A[2KWrote 22528 bytes (14418 compressed) at 0x00000000 in 0.2 seconds (807.1 kbit/s).
Verifying written data...
[1A[2KHash of data verified.

Writing 'partition_table/partition-table.bin' at 0x00008000...
Flash will be erased from 0x00008000 to 0x00008fff...
Compressed 3072 bytes to 103...
[KWriting at 0x00008000 [                              ]   0.0% 0/103 bytes... [KWriting at 0x00008c00 [==============================] 100.0% 103/103 bytes... 
[1A[2K[1A[2KWrote 3072 bytes (103 compressed) at 0x00008000 in 0.0 seconds (980.1 kbit/s).
Verifying written data...
[1A[2KHash of data verified.

Writing 'frame_poc_a.bin' at 0x00010000...
Flash will be erased from 0x00010000 to 0x00075fff...
Compressed 415776 bytes to 241384...
[KWriting at 0x00010000 [                              ]   0.0% 0/241384 bytes... [KWriting at 0x0001bbf9 [=>                            ]   6.8% 16384/241384 bytes... [KWriting at 0x00028eb0 [===>                          ]  13.6% 32768/241384 bytes... [KWriting at 0x00031330 [=====>                        ]  20.4% 49152/241384 bytes... [KWriting at 0x0003742b [=======>                      ]  27.2% 65536/241384 bytes... [KWriting at 0x0003d401 [=========>                    ]  33.9% 81920/241384 bytes... [KWriting at 0x00042a03 [===========>                  ]  40.7% 98304/241384 bytes... [KWriting at 0x00048742 [=============>                ]  47.5% 114688/241384 bytes... [KWriting at 0x0004e437 [===============>              ]  54.3% 131072/241384 bytes... [KWriting at 0x00053fcf [=================>            ]  61.1% 147456/241384 bytes... [KWriting at 0x0005979c [===================>          ]  67.9% 163840/241384 bytes... [KWriting at 0x0005ed39 [=====================>        ]  74.7% 180224/241384 bytes... [KWriting at 0x00064398 [=======================>      ]  81.5% 196608/241384 bytes... [KWriting at 0x0006a4fe [=========================>    ]  88.2% 212992/241384 bytes... [KWriting at 0x00070cc6 [===========================>  ]  95.0% 229376/241384 bytes... [KWriting at 0x00075820 [==============================] 100.0% 241384/241384 bytes... 
[1A[2K[1A[2KWrote 415776 bytes (241384 compressed) at 0x00010000 in 2.2 seconds (1521.3 kbit/s).
Verifying written data...
[1A[2KHash of data verified.

Hard resetting via RTS pin...
FLASH_RC=0
--- pre-p4 board transcript ---
Traceback (most recent call last):
  File "/tmp/opencode/t6/pre_p4_run.py", line 8, in <module>
    import serial
ModuleNotFoundError: No module named 'serial'
--- poca> poca status
poca status
elf_loader: vendored espressif 1.3.3 @6526c5b1 (esp-iot-solution)
  ELF_LOADER=y LOAD_PSRAM=y CACHE_OFFSET=y SET_MMU=n DLSO=n
  esp_elf_t state size: 92 bytes
  loader entries: esp_elf_init=0x42011690 esp_elf_relocate=0x420116cc
  registered host imports: poca_host_sentinel poca_host_add
  entry queries so far: 0 (execution canary)
heap internal  size=    427695 free=    378395 largest=    286720 min_ever=    374191
heap psram     size=   8386280 free=   8385920 largest=   8257536 min_ever=   8385920
poca>  
--- poca> poca load baseline
poca load baseline
[poca-load] begin baseline (entry_queries=0)
[poca-load] psram free before=8385920
[poca-load] mpb size=1972 sha256=f61c2640343f95efcb82e6c20042b329b418cabdbe82fdae77e9d2abebba01ff
[poca] mpb digest MATCH
[poca] view name=baseline version=1.0.0 epoch=1 key_id=e5677a1c abi=1.0 iram=0B max_mem=262144B payloads=1
[poca] view payload[0] span offset=208 length=1692
[poca] phdr loads=2 memsz=1884 pad=4120 budget=6004 manifest max_mem=262144
I (23843) ELF: ELF loader version: 1.3.3
I (23844) ELF: elf->entry=0x420612e4
[poca-load] entry sym frame_plugin_entry vaddr=0x00000234 mapped=0x3c0612e4 exec=0x420612e4 delta=0x06000000
[poca-load] query fn ptr=0x420612e4
[poca-load] table ptr=0x3c06135c struct_size=36 abi=1.1
[poca-load] prepare()=0 OK
[poca-load] text [0x3c061248 .. +0xd0) data [0x3c06131c .. +0x64) bss 0x404 rodata 0x40 drlro 0x24
[poca-load] psram free after=8382564 consumed=3356
[poca-load] PASS
poca>  
--- poca> poca activate
poca activate
[poca-activate] baseline activate fn ptr=0x420612d0
[poca-activate] returned=0x1501e22e expected=0x1501e22e
[poca-activate] MAGIC MATCH
[poca-activate] PASS
poca>  
--- poca> poca unload
poca unload
[poca-unload] psram free after=8385920 (before-load=8385920 delta=+0)
[poca-unload] PASS
poca>  
--- poca> poca load cxx_tls
poca load cxx_tls
[poca-load] begin cxx_tls (entry_queries=1)
[poca-load] psram free before=8385920
[poca-load] mpb size=3708 sha256=0d4c957670520ba6d57c8ed72157a28bd55a77d7594f572d51e5797b89a5cb94
[poca] mpb digest MATCH
[poca] view name=cxx_tls version=1.0.0 epoch=1 key_id=e5677a1c abi=1.0 iram=0B max_mem=262144B payloads=1
[poca] view payload[0] span offset=204 length=3432
[poca] phdr loads=2 memsz=2072 pad=4096 budget=6168 manifest max_mem=262144
I (29247) ELF: ELF loader version: 1.3.3
I (29247) ELF: elf->entry=0x42061a10
E (29247) elf_arch: info=51 is not supported
E (29248) ELF: Failed to relocate type=51 offset=0x1f8 ret=-22
[poca-load] FAIL esp_elf_relocate err=-22
[poca-load] entry_queries=1 (unchanged=yes)
[poca-load] NEGATIVE cxx_tls PASS (errno -22, expected -22)
poca>  
--- poca> poca load neg_tls_nosect
poca load neg_tls_nosect
[poca-load] begin neg_tls_nosect (entry_queries=1)
[poca-load] psram free before=8385920
[poca-load] mpb size=3716 sha256=abcdd69648a15a60620bb9efd5f17cb55998ddf499dd7ff6a2a72b9dfab03f71
[poca] mpb digest MATCH
[poca] view name=neg_tls_nosect version=1.0.0 epoch=1 key_id=e5677a1c abi=1.0 iram=0B max_mem=262144B payloads=1
[poca] view payload[0] span offset=212 length=3432
[poca] phdr loads=2 memsz=2072 pad=4096 budget=6168 manifest max_mem=262144
I (31049) ELF: ELF loader version: 1.3.3
I (31049) ELF: elf->entry=0x42061a50
E (31050) elf_arch: info=51 is not supported
E (31050) ELF: Failed to relocate type=51 offset=0x1f8 ret=-22
[poca-load] FAIL esp_elf_relocate err=-22
[poca-load] entry_queries=1 (unchanged=yes)
[poca-load] NEGATIVE neg_tls_nosect PASS (errno -22, expected -22)
poca>  
=== now the gap row: cxx_ctor (only RELATIVE relocs, .ctors section) ===
--- poca> poca load cxx_ctor
poca load cxx_ctor
[poca-load] begin cxx_ctor (entry_queries=1)
[poca-load] psram free before=8385920
[poca-load] mpb size=3456 sha256=bb1d19a85614f895f30d055edeec48ab97fa0092c4821d84505412bd4939abc8
[poca] mpb digest MATCH
[poca] view name=cxx_ctor version=1.0.0 epoch=1 key_id=e5677a1c abi=1.0 iram=0B max_mem=262144B payloads=1
[poca] view payload[0] span offset=208 length=3176
[poca] phdr loads=2 memsz=1920 pad=4096 budget=6016 manifest max_mem=262144
I (32850) ELF: ELF loader version: 1.3.3
I (32851) ELF: elf->entry=0x420618b0
Guru Meditation Error: Core  1 panic'ed (LoadProhibited). Exception was unhandled.

Core  1 register dump:
PC      : 0x42011a30  PS      : 0x00060630  A0      : 0x820118b2  A1      : 0x3fceb600  
A2      : 0x3fc966f4  A3      : 0x3fceb630  A4      : 0x3c060c10  A5      : 0x00000000  
A6      : 0x00000000  A7      : 0x00000000  A8      : 0x00000005  A9      : 0x3fceb5e0  
A10     : 0x00000000  A11     : 0x000012c4  A12     : 0x3fceb5e0  A13     : 0x0000000c  
A14     : 0x00000000  A15     : 0x00000040  SAR     : 0x00000005  EXCCAUSE: 0x0000001c  
EXCVADDR: 0x00000000  LBEG    : 0x40056f5c  LEND    : 0x40056f72  LCOUNT  : 0xffffffff  


Backtrace: 0x42011a2d:0x3fceb600 0x420118af:0x3fceb620 0x4200e1e3:0x3fceb680 0x4200d647:0x3fceb820 0x4200eb73:0x3fceb840 0x4200ee24:0x3fceb860 0x420373de:0x3fceb890




ELF file SHA256: 3ae28253d

Rebooting...
ESP-ROM:esp32s3-20210327
Build:Mar 27 2021
rst:0xc (RTC_SW_CPU_RST),boot:0xb (SPI_FAST_FLASH_BOOT)
Saved PC:0x403792d2
SPIWP:0xee
mode:DIO, clock div:1
load:0x3fce2820,len:0x16bc
load:0x403c8700,len:0xf00
load:0x403cb700,len:0x31f0
entry 0x403c892c
I (24) boot: ESP-IDF v6.0.2 2nd stage bootloader
I (24) boot: compile time Aug 31 2026 23:10:33
I (24) boot: Multicore bootloader
I (24) boot: chip revision: v0.2
I (24) boot: efuse block revision: v1.4
I (25) qio_mode: Enabling default flash chip QIO
I (25) boot.esp32s3: Boot SPI Speed : 80MHz
I (25) boot.esp32s3: SPI Mode       : QIO
I (25) boot.esp32s3: SPI Flash Size : 16MB
I (26) boot: Enabling RNG early entropy source...
I (26) boot: Partition Table:
I (26) boot: ## Label            Usage          Type ST Offset   Length
I (26) boot:  0 nvs              WiFi data        01 02 00009000 00006000
I (27) boot:  1 phy_init         RF data          01 01 0000f000 00001000
I (27) boot:  2 factory          factory app      00 00 00010000 00100000
I (28) boot: End of partition table
I (28) esp_image: segment 0: paddr=00010020 vaddr=3c040020 size=19f70h (106352) map
I (45) esp_image: segment 1: paddr=00029f98 vaddr=3fc92800 size=03594h ( 13716) load
I (48) esp_image: segment 2: paddr=0002d534 vaddr=40374000 size=02ae4h ( 10980) load
I (51) esp_image: segment 3: paddr=00030020 vaddr=42000020 size=39ae8h (236264) map
I (88) esp_image: segment 4: paddr=00069b10 vaddr=40376ae4 size=0bcb4h ( 48308) load
I (98) esp_image: segment 5: paddr=000757cc vaddr=50000000 size=00024h (    36) load
I (104) boot: Loaded app from partition at offset 0x10000
I (105) boot: Disabling RNG early entropy source...
I (105) octal_psram: vendor id    : 0x0d (AP)
I (106) octal_psram: dev id       : 0x02 (generation 3)
I (106) octal_psram: density      : 0x03 (64 Mbit)
I (106) octal_psram: good-die     : 0x01 (Pass)
I (106) octal_psram: Latency      : 0x01 (Fixed)
I (106) octal_psram: VCC          : 0x01 (3V)
I (107) octal_psram: SRF          : 0x01 (Fast Refresh)
I (107) octal_psram: BurstType    : 0x01 (Hybrid Wrap)
I (107) octal_psram: BurstLen     : 0x01 (32 Byte)
I (107) octal_psram: Readlatency  : 0x02 (10 cycles@Fixed)
I (108) octal_psram: DriveStrength: 0x00 (1/1)
I (108) MSPI Timing: Enter psram timing tuning
I (109) esp_psram: Found 8MB PSRAM device
I (109) esp_psram: Speed: 80MHz
I (109) cpu_start: Multicore app
I (535) esp_psram: SPI SRAM memory test OK
I (544) cpu_start: Pro cpu start user code
I (544) cpu_start: cpu freq: 240000000 Hz
I (544) app_init: Application information:
I (544) app_init: Project name:     frame_poc_a
I (544) app_init: App version:      cab9664-dirty
I (545) app_init: Compile time:     Aug 31 2026 23:10:34
I (545) app_init: ELF file SHA256:  3ae28253d...
I (545) app_init: ESP-IDF:          v6.0.2
I (545) efuse_init: Min chip rev:     v0.0
I (545) efuse_init: Max chip rev:     v0.99 
I (545) efuse_init: Chip rev:         v0.2
I (545) heap_init: Initializing. RAM available for dynamic allocation:
I (546) heap_init: At 3FC97580 len 00052190 (328 KiB): RAM
I (546) heap_init: At 3FCE9710 len 00005724 (21 KiB): RAM
I (546) heap_init: At 3FCF0000 len 00008000 (32 KiB): DRAM
I (546) heap_init: At 600FE000 len 00001FE8 (7 KiB): RTCRAM
I (547) esp_psram: Adding pool of 8192K of PSRAM memory to heap allocator
I (547) spi_flash: detected chip: generic
I (547) spi_flash: flash io: qio
I (548) sleep_gpio: Configure to isolate all GPIO pins in sleep [5nI (1198) poc-a: console=ESP_OK

Type 'help' to get the list of commands.
Use UP/DOWN arrows to navigate through command history.
Press TAB when typing command name to auto-complete.

Your terminal application does not support escape sequence
--- poca> poca status
poca status
elf_loader: vendored espressif 1.3.3 @6526c5b1 (esp-iot-solution)
  ELF_LOADER=y LOAD_PSRAM=y CACHE_OFFSET=y SET_MMU=n DLSO=n
  esp_elf_t state size: 92 bytes
  loader entries: esp_elf_init=0x42011690 esp_elf_relocate=0x420116cc
  registered host imports: poca_host_sentinel poca_host_add
  entry queries so far: 0 (execution canary)
heap internal  size=    427695 free=    378395 largest=    286720 min_ever=    374191
heap psram     size=   8386280 free=   8385920 largest=   8257536 min_ever=   8385920
poca>  
=== phase 3: POST-p4 build + flash + full matrix ===
[1/9] Performing build step for 'bootloader'
[1/1] cd /home/lain/Projects/esp_study/poc-a-wt/poc/apps/poc_a/build/default/bootloader && python /home/lain/.espressif/v6.0.2/esp-idf/components/partition_table/check_sizes.py --offset 0x8000 bootloader 0x0 /home/lain/Projects/esp_study/poc-a-wt/poc/apps/poc_a/build/default/bootloader/bootloader.bin
Bootloader binary size 0x5800 bytes. 0x2800 bytes (31%) free.
[2/9] No install step for 'bootloader'
[3/9] Completed 'bootloader'
[4/9] Building C object esp-idf/elf_loader/CMakeFiles/__idf_elf_loader.dir/src/esp_elf.c.obj
[5/9] Linking C static library esp-idf/elf_loader/libelf_loader.a
[6/9] Generating esp-idf/esp_system/ld/sections.ld
NOTE: 
/home/lain/.espressif/v6.0.2/esp-idf/components/bt/host/nimble/Kconfig.in:1421: 
BT_NIMBLE_MESH_PROVISIONER: 'default 0' is not a valid bool value (only 'y' and 
'n' are allowed). Value is treated as 'n'.
NOTE: /home/lain/.espressif/v6.0.2/esp-idf/components/fatfs/Kconfig:230: 
FATFS_PRINT_LLI: 'default 0' is not a valid bool value (only 'y' and 'n' are 
allowed). Value is treated as 'n'.
NOTE: /home/lain/.espressif/v6.0.2/esp-idf/components/fatfs/Kconfig:235: 
FATFS_PRINT_FLOAT: 'default 0' is not a valid bool value (only 'y' and 'n' are 
allowed). Value is treated as 'n'.
[7/9] Linking CXX executable frame_poc_a.elf
[8/9] Generating binary image from built executable
esptool v5.3.1
Creating ESP32-S3 image...
Merged 3 ELF sections.
Successfully created ESP32-S3 image.
Generated /home/lain/Projects/esp_study/poc-a-wt/poc/apps/poc_a/build/default/frame_poc_a.bin
[9/9] cd /home/lain/Projects/esp_study/poc-a-wt/poc/apps/poc_a/build/default && python /home/lain/.espressif/v6.0.2/esp-idf/components/partition_table/check_sizes.py --offset 0x8000 partition --type app /home/lain/Projects/esp_study/poc-a-wt/poc/apps/poc_a/build/default/partition_table/partition-table.bin /home/lain/Projects/esp_study/poc-a-wt/poc/apps/poc_a/build/default/frame_poc_a.bin
frame_poc_a.bin binary size 0x65990 bytes. Smallest app partition is 0x100000 bytes. 0x9a670 bytes (60%) free.
BUILD_RC=0
ninja: Entering directory `build/default'
[1/5] cd /home/lain/Projects/esp_study/poc-a-wt/poc/apps/poc_a/build/default && python /home/lain/.espressif/v6.0.2/esp-idf/components/partition_table/check_sizes.py --offset 0x8000 partition --type app /home/lain/Projects/esp_study/poc-a-wt/poc/apps/poc_a/build/default/partition_table/partition-table.bin /home/lain/Projects/esp_study/poc-a-wt/poc/apps/poc_a/build/default/frame_poc_a.bin
frame_poc_a.bin binary size 0x65990 bytes. Smallest app partition is 0x100000 bytes. 0x9a670 bytes (60%) free.
[2/5] Performing build step for 'bootloader'
[1/1] cd /home/lain/Projects/esp_study/poc-a-wt/poc/apps/poc_a/build/default/bootloader && python /home/lain/.espressif/v6.0.2/esp-idf/components/partition_table/check_sizes.py --offset 0x8000 bootloader 0x0 /home/lain/Projects/esp_study/poc-a-wt/poc/apps/poc_a/build/default/bootloader/bootloader.bin
Bootloader binary size 0x5800 bytes. 0x2800 bytes (31%) free.
[3/5] No install step for 'bootloader'
[4/5] Completed 'bootloader'
[4/5] Running utility command for flash
Note: python;-m;esptool;--chip;esp32s3 will attempt to set baud rate automatically. To specify a baud rate, set the ESPBAUD environment variable.
esptool --chip esp32s3 -p /dev/ttyACM0 --before=default-reset --after=hard-reset write-flash --flash-mode dio --flash-freq 80m --flash-size 16MB 0x0 bootloader/bootloader.bin 0x8000 partition_table/partition-table.bin 0x10000 frame_poc_a.bin
esptool v5.3.1
Serial port /dev/ttyACM0:
Connecting...
[1A[2K[1A[2KConnected to ESP32-S3 on /dev/ttyACM0:
Chip type:          ESP32-S3 (QFN56) (revision v0.2)
Features:           Wi-Fi, BT 5 (LE), Dual Core + LP Core, 240MHz, Embedded PSRAM 8MB (AP_3v3)
Crystal frequency:  40MHz
USB mode:           USB-Serial/JTAG
MAC:                a4:cb:8f:cf:cd:5c

Uploading stub flasher...
Running stub flasher...
[1A[2K[1A[2KStub flasher running.

Configuring flash size...

Writing 'bootloader/bootloader.bin' at 0x00000000...
SHA digest in image updated.
Flash will be erased from 0x00000000 to 0x00005fff...
Compressed 22528 bytes to 14418...
[KWriting at 0x00000000 [                              ]   0.0% 0/14418 bytes... [KWriting at 0x00005800 [==============================] 100.0% 14418/14418 bytes... 
[1A[2K[1A[2KWrote 22528 bytes (14418 compressed) at 0x00000000 in 0.2 seconds (814.9 kbit/s).
Verifying written data...
[1A[2KHash of data verified.

Writing 'partition_table/partition-table.bin' at 0x00008000...
Flash will be erased from 0x00008000 to 0x00008fff...
Compressed 3072 bytes to 103...
[KWriting at 0x00008000 [                              ]   0.0% 0/103 bytes... [KWriting at 0x00008c00 [==============================] 100.0% 103/103 bytes... 
[1A[2K[1A[2KWrote 3072 bytes (103 compressed) at 0x00008000 in 0.0 seconds (1017.1 kbit/s).
Verifying written data...
[1A[2KHash of data verified.

Writing 'frame_poc_a.bin' at 0x00010000...
Flash will be erased from 0x00010000 to 0x00075fff...
Compressed 416144 bytes to 241599...
[KWriting at 0x00010000 [                              ]   0.0% 0/241599 bytes... [KWriting at 0x0001bb81 [=>                            ]   6.8% 16384/241599 bytes... [KWriting at 0x00028efe [===>                          ]  13.6% 32768/241599 bytes... [KWriting at 0x00031365 [=====>                        ]  20.3% 49152/241599 bytes... [KWriting at 0x0003744e [=======>                      ]  27.1% 65536/241599 bytes... [KWriting at 0x0003d429 [=========>                    ]  33.9% 81920/241599 bytes... [KWriting at 0x00042a44 [===========>                  ]  40.7% 98304/241599 bytes... [KWriting at 0x00048792 [=============>                ]  47.5% 114688/241599 bytes... [KWriting at 0x0004e487 [===============>              ]  54.3% 131072/241599 bytes... [KWriting at 0x00054014 [=================>            ]  61.0% 147456/241599 bytes... [KWriting at 0x000597f3 [===================>          ]  67.8% 163840/241599 bytes... [KWriting at 0x0005ed8d [=====================>        ]  74.6% 180224/241599 bytes... [KWriting at 0x000643dd [=======================>      ]  81.4% 196608/241599 bytes... [KWriting at 0x0006a571 [=========================>    ]  88.2% 212992/241599 bytes... [KWriting at 0x00070d0c [===========================>  ]  94.9% 229376/241599 bytes... [KWriting at 0x00075990 [==============================] 100.0% 241599/241599 bytes... 
[1A[2K[1A[2KWrote 416144 bytes (241599 compressed) at 0x00010000 in 2.2 seconds (1520.7 kbit/s).
Verifying written data...
[1A[2KHash of data verified.

Hard resetting via RTS pin...
FLASH_RC=0
--- post-p4 full matrix run 1 ---
--- poca> poca status
poca status
elf_loader: vendored espressif 1.3.3 @6526c5b1 (esp-iot-solution)
  ELF_LOADER=y LOAD_PSRAM=y CACHE_OFFSET=y SET_MMU=n DLSO=n
  esp_elf_t state size: 92 bytes
  loader entries: esp_elf_init=0x42011698 esp_elf_relocate=0x420116d4
  registered host imports: poca_host_sentinel poca_host_add
  entry queries so far: 0 (execution canary)
heap internal  size=    427695 free=    378395 largest=    286720 min_ever=    374191
heap psram     size=   8386280 free=   8385920 largest=   8257536 min_ever=   8385920
poca>  
--- poca> poca verify baseline
poca verify baseline
[poca-verify] baseline size=1972 sha256=f61c2640343f95efcb82e6c20042b329b418cabdbe82fdae77e9d2abebba01ff
[poca] mpb digest MATCH
[poca] view name=baseline version=1.0.0 epoch=1 key_id=e5677a1c abi=1.0 iram=0B max_mem=262144B payloads=1
[poca] view payload[0] span offset=208 length=1692
[poca] phdr loads=2 memsz=1884 pad=4120 budget=6004 manifest max_mem=262144
[poca-verify] PASS
poca>  
--- poca> poca load baseline
poca load baseline
[poca-load] begin baseline (entry_queries=0)
[poca-load] psram free before=8385920
[poca-load] mpb size=1972 sha256=f61c2640343f95efcb82e6c20042b329b418cabdbe82fdae77e9d2abebba01ff
[poca] mpb digest MATCH
[poca] view name=baseline version=1.0.0 epoch=1 key_id=e5677a1c abi=1.0 iram=0B max_mem=262144B payloads=1
[poca] view payload[0] span offset=208 length=1692
[poca] phdr loads=2 memsz=1884 pad=4120 budget=6004 manifest max_mem=262144
I (7485) ELF: ELF loader version: 1.3.3
I (7486) ELF: elf->entry=0x420612e4
[poca-load] entry sym frame_plugin_entry vaddr=0x00000234 mapped=0x3c0612e4 exec=0x420612e4 delta=0x06000000
[poca-load] query fn ptr=0x420612e4
[poca-load] table ptr=0x3c06135c struct_size=36 abi=1.1
[poca-load] prepare()=0 OK
[poca-load] text [0x3c061248 .. +0xd0) data [0x3c06131c .. +0x64) bss 0x404 rodata 0x40 drlro 0x24
[poca-load] psram free after=8382564 consumed=3356
[poca-load] PASS
poca>  
--- poca> poca activate
poca activate
[poca-activate] baseline activate fn ptr=0x420612d0
[poca-activate] returned=0x1501e22e expected=0x1501e22e
[poca-activate] MAGIC MATCH
[poca-activate] PASS
poca>  
--- poca> poca unload
poca unload
[poca-unload] psram free after=8385920 (before-load=8385920 delta=+0)
[poca-unload] PASS
poca>  
--- poca> poca verify globdat
poca verify globdat
[poca-verify] globdat size=2036 sha256=28b030bcd3f63ba399b897dda0615ed5574d3bf1f18d62fc2b8a8188365d48b7
[poca] mpb digest MATCH
[poca] view name=globdat version=1.0.0 epoch=1 key_id=e5677a1c abi=1.0 iram=0B max_mem=262144B payloads=1
[poca] view payload[0] span offset=204 length=1760
[poca] phdr loads=2 memsz=1955 pad=4121 budget=6076 manifest max_mem=262144
[poca-verify] PASS
poca>  
--- poca> poca load globdat
poca load globdat
[poca-load] begin globdat (entry_queries=1)
[poca-load] psram free before=8385920
[poca-load] mpb size=2036 sha256=28b030bcd3f63ba399b897dda0615ed5574d3bf1f18d62fc2b8a8188365d48b7
[poca] mpb digest MATCH
[poca] view name=globdat version=1.0.0 epoch=1 key_id=e5677a1c abi=1.0 iram=0B max_mem=262144B payloads=1
[poca] view payload[0] span offset=204 length=1760
[poca] phdr loads=2 memsz=1955 pad=4121 budget=6076 manifest max_mem=262144
I (13889) ELF: ELF loader version: 1.3.3
I (13890) ELF: elf->entry=0x4206134c
[poca-load] entry sym frame_plugin_entry vaddr=0x0000029c mapped=0x3c06134c exec=0x4206134c delta=0x06000000
[poca-load] query fn ptr=0x4206134c
[poca-load] table ptr=0x3c0613a0 struct_size=36 abi=1.1
[poca-load] prepare()=0 OK
[poca-load] GLOB_DAT host_sentinel=0x4200d77c expected=0x4200d77c MATCH
[poca-load] text [0x3c061288 .. +0xd3) data [0x3c061360 .. +0x64) bss 0x408 rodata 0x40 drlro 0x24
[poca-load] psram free after=8382496 consumed=3424
[poca-load] PASS
poca>  
--- poca> poca activate
poca activate
[poca-activate] globdat activate fn ptr=0x420612d0
[poca-activate] returned=0x4bec22f0 expected=0x4bec22f0
[poca-activate] MAGIC MATCH
[poca-activate] PASS
poca>  
--- poca> poca unload
poca unload
[poca-unload] psram free after=8385920 (before-load=8385920 delta=+0)
[poca-unload] PASS
poca>  
--- poca> poca verify plt
poca verify plt
[poca-verify] plt size=2164 sha256=112bd8926837ddaef2954b31351633e10f54f0659f2577153b674b80c2db5adf
[poca] mpb digest MATCH
[poca] view name=plt version=1.0.0 epoch=1 key_id=e5677a1c abi=1.0 iram=0B max_mem=262144B payloads=1
[poca] view payload[0] span offset=200 length=1892
[poca] phdr loads=2 memsz=2007 pad=4129 budget=6136 manifest max_mem=262144
[poca-verify] PASS
poca>  
--- poca> poca load plt
poca load plt
[poca-load] begin plt (entry_queries=2)
[poca-load] psram free before=8385920
[poca-load] mpb size=2164 sha256=112bd8926837ddaef2954b31351633e10f54f0659f2577153b674b80c2db5adf
[poca] mpb digest MATCH
[poca] view name=plt version=1.0.0 epoch=1 key_id=e5677a1c abi=1.0 iram=0B max_mem=262144B payloads=1
[poca] view payload[0] span offset=200 length=1892
[poca] phdr loads=2 memsz=2007 pad=4129 budget=6136 manifest max_mem=262144
I (20295) ELF: ELF loader version: 1.3.3
I (20295) ELF: elf->entry=0x420613e4
[poca-load] entry sym frame_plugin_entry vaddr=0x000002bc mapped=0x3c0613e4 exec=0x420613e4 delta=0x06000000
[poca-load] query fn ptr=0x420613e4
[poca-load] table ptr=0x3c061438 struct_size=36 abi=1.1
[poca-load] prepare()=0 OK
[poca-load] GLOB_DAT host_add=0x42033824 expected=0x42033824 MATCH
[poca-load] text [0x3c061308 .. +0xeb) data [0x3c0613f8 .. +0x64) bss 0x404 rodata 0x40 drlro 0x24
[poca-load] psram free after=8382344 consumed=3576
[poca-load] PASS
poca>  
--- poca> poca activate
poca activate
[poca-activate] plt activate fn ptr=0x42061358
[poca-activate] returned=0xf027ea65 expected=0xf027ea65
[poca-activate] MAGIC MATCH
[poca-activate] PASS
poca>  
--- poca> poca unload
poca unload
[poca-unload] psram free after=8385920 (before-load=8385920 delta=+0)
[poca-unload] PASS
poca>  
--- poca> poca status
poca status
elf_loader: vendored espressif 1.3.3 @6526c5b1 (esp-iot-solution)
  ELF_LOADER=y LOAD_PSRAM=y CACHE_OFFSET=y SET_MMU=n DLSO=n
  esp_elf_t state size: 92 bytes
  loader entries: esp_elf_init=0x42011698 esp_elf_relocate=0x420116d4
  registered host imports: poca_host_sentinel poca_host_add
  entry queries so far: 3 (execution canary)
heap internal  size=    427607 free=    376863 largest=    286720 min_ever=    369087
heap psram     size=   8386280 free=   8385920 largest=   8257536 min_ever=   8382344
poca>  
--- poca> poca load import_neg
poca load import_neg
[poca-load] begin import_neg (entry_queries=3)
[poca-load] psram free before=8385920
[poca-load] mpb size=1784 sha256=1e4d91fcab673eb5a3558086887cf2ddc4b424a6357fab65060abb5e4a3578a3
[poca] mpb digest MATCH
[poca] view name=import_neg version=1.0.0 epoch=1 key_id=e5677a1c abi=1.0 iram=0B max_mem=262144B payloads=1
[poca] view payload[0] span offset=208 length=1504
[poca] phdr loads=2 memsz=723 pad=4121 budget=4844 manifest max_mem=262144
I (26700) ELF: ELF loader version: 1.3.3
I (26700) ELF: elf->entry=0x420611cc
E (26701) ELF: Can't find symbol frame_unknown_symbol
[poca-load] FAIL esp_elf_relocate err=-88
[poca-load] entry_queries=3 (unchanged=yes)
[poca-load] NEGATIVE import_neg PASS (errno -88, expected -88)
poca>  
--- poca> poca load neg_r32
poca load neg_r32
[poca-load] begin neg_r32 (entry_queries=3)
[poca-load] psram free before=8385920
[poca-load] mpb size=1968 sha256=fce86557ea8a331e5b55ad3524f66b7be51127d8fec9da0f0654f77798c6571e
[poca] mpb digest MATCH
[poca] view name=neg_r32 version=1.0.0 epoch=1 key_id=e5677a1c abi=1.0 iram=0B max_mem=262144B payloads=1
[poca] view payload[0] span offset=204 length=1692
[poca] phdr loads=2 memsz=1884 pad=4120 budget=6004 manifest max_mem=262144
I (28302) ELF: ELF loader version: 1.3.3
I (28302) ELF: elf->entry=0x420612e4
E (28303) elf_arch: info=1 is not supported
E (28303) ELF: Failed to relocate type=1 offset=0x198 ret=-22
[poca-load] FAIL esp_elf_relocate err=-22
[poca-load] entry_queries=3 (unchanged=yes)
[poca-load] NEGATIVE neg_r32 PASS (errno -22, expected -22)
poca>  
--- poca> poca load neg_s0op
poca load neg_s0op
[poca-load] begin neg_s0op (entry_queries=3)
[poca-load] psram free before=8385920
[poca-load] mpb size=1972 sha256=b50829fe77dc6ea733c66ac0f2f3d0ef9bf82ddddb7c90003300fe7ba61c4f4f
[poca] mpb digest MATCH
[poca] view name=neg_s0op version=1.0.0 epoch=1 key_id=e5677a1c abi=1.0 iram=0B max_mem=262144B payloads=1
[poca] view payload[0] span offset=208 length=1692
[poca] phdr loads=2 memsz=1884 pad=4120 budget=6004 manifest max_mem=262144
I (29903) ELF: ELF loader version: 1.3.3
I (29904) ELF: elf->entry=0x420612e4
E (29904) elf_arch: info=20 is not supported
E (29904) ELF: Failed to relocate type=20 offset=0x198 ret=-22
[poca-load] FAIL esp_elf_relocate err=-22
[poca-load] entry_queries=3 (unchanged=yes)
[poca-load] NEGATIVE neg_s0op PASS (errno -22, expected -22)
poca>  
--- poca> poca load neg_phbe
poca load neg_phbe
[poca-load] begin neg_phbe (entry_queries=3)
[poca-load] psram free before=8385920
[poca-load] mpb size=1972 sha256=671bf6f7be36d7f9904ae652dad13d62f28615d12c3240907aee9eef1392dfd6
[poca] mpb digest MATCH
[poca] view name=neg_phbe version=1.0.0 epoch=1 key_id=e5677a1c abi=1.0 iram=0B max_mem=262144B payloads=1
[poca] view payload[0] span offset=208 length=1692
[poca] phdr loads=2 memsz=1884 pad=4120 budget=6004 manifest max_mem=262144
I (31504) ELF: ELF loader version: 1.3.3
E (31504) ELF: Invalid ELF image: magic/class/data/machine mismatch (class=1 data=2 machine=94)
[poca-load] FAIL esp_elf_relocate err=-22
[poca-load] entry_queries=3 (unchanged=yes)
[poca-load] NEGATIVE neg_phbe PASS (errno -22, expected -22)
poca>  
--- poca> poca load neg_ph64
poca load neg_ph64
[poca-load] begin neg_ph64 (entry_queries=3)
[poca-load] psram free before=8385920
[poca-load] mpb size=1972 sha256=ccb0b2f9be7b82928af15675c13b035eefbfae39fbc476229af5c1dae0759b7f
[poca] mpb digest MATCH
[poca] view name=neg_ph64 version=1.0.0 epoch=1 key_id=e5677a1c abi=1.0 iram=0B max_mem=262144B payloads=1
[poca] view payload[0] span offset=208 length=1692
[poca] phdr loads=2 memsz=1884 pad=4120 budget=6004 manifest max_mem=262144
I (33105) ELF: ELF loader version: 1.3.3
E (33105) ELF: Invalid ELF image: magic/class/data/machine mismatch (class=2 data=1 machine=94)
[poca-load] FAIL esp_elf_relocate err=-22
[poca-load] entry_queries=3 (unchanged=yes)
[poca-load] NEGATIVE neg_ph64 PASS (errno -22, expected -22)
poca>  
--- poca> poca load neg_phmach
poca load neg_phmach
[poca-load] begin neg_phmach (entry_queries=3)
[poca-load] psram free before=8385920
[poca-load] mpb size=1972 sha256=657e3885ba4f1ec5d5df14c3dc75fc18c2f3c6b0cdb9ac403d6796918ba0511f
[poca] mpb digest MATCH
[poca] view name=neg_phmach version=1.0.0 epoch=1 key_id=e5677a1c abi=1.0 iram=0B max_mem=262144B payloads=1
[poca] view payload[0] span offset=208 length=1692
[poca] phdr loads=2 memsz=1884 pad=4120 budget=6004 manifest max_mem=262144
I (34707) ELF: ELF loader version: 1.3.3
E (34707) ELF: Invalid ELF image: magic/class/data/machine mismatch (class=1 data=1 machine=40)
[poca-load] FAIL esp_elf_relocate err=-22
[poca-load] entry_queries=3 (unchanged=yes)
[poca-load] NEGATIVE neg_phmach PASS (errno -22, expected -22)
poca>  
--- poca> poca load neg_phspan
poca load neg_phspan
[poca-load] begin neg_phspan (entry_queries=3)
[poca-load] psram free before=8385920
[poca-load] mpb size=1972 sha256=fecf67199c1f00375ae55b8cb6ccfcfe453b425ec9a24cbf005a8ce8aba677d2
[poca] mpb digest MATCH
[poca] view name=neg_phspan version=1.0.0 epoch=1 key_id=e5677a1c abi=1.0 iram=0B max_mem=262144B payloads=1
[poca] view payload[0] span offset=208 length=1692
[poca] phdr loads=2 memsz=15729844 pad=0 budget=15729844 manifest max_mem=262144
[poca-load] NEGATIVE neg_phspan PASS (phdr admission rejected before load)
[poca-load] entry_queries=3 (unchanged=yes)
poca>  
--- poca> poca load cxx_ctor
poca load cxx_ctor
[poca-load] begin cxx_ctor (entry_queries=3)
[poca-load] psram free before=8385920
[poca-load] mpb size=3456 sha256=bb1d19a85614f895f30d055edeec48ab97fa0092c4821d84505412bd4939abc8
[poca] mpb digest MATCH
[poca] view name=cxx_ctor version=1.0.0 epoch=1 key_id=e5677a1c abi=1.0 iram=0B max_mem=262144B payloads=1
[poca] view payload[0] span offset=208 length=3176
[poca] phdr loads=2 memsz=1920 pad=4096 budget=6016 manifest max_mem=262144
I (37910) ELF: ELF loader version: 1.3.3
E (37910) ELF: Forbidden C++ feature section '.ctors' (appendix C 11.2); rejecting image before load
[poca-load] FAIL esp_elf_relocate err=-22
[poca-load] entry_queries=3 (unchanged=yes)
[poca-load] NEGATIVE cxx_ctor PASS (errno -22, expected -22)
poca>  
--- poca> poca load cxx_tls
poca load cxx_tls
[poca-load] begin cxx_tls (entry_queries=3)
[poca-load] psram free before=8385920
[poca-load] mpb size=3708 sha256=0d4c957670520ba6d57c8ed72157a28bd55a77d7594f572d51e5797b89a5cb94
[poca] mpb digest MATCH
[poca] view name=cxx_tls version=1.0.0 epoch=1 key_id=e5677a1c abi=1.0 iram=0B max_mem=262144B payloads=1
[poca] view payload[0] span offset=204 length=3432
[poca] phdr loads=2 memsz=2072 pad=4096 budget=6168 manifest max_mem=262144
I (39511) ELF: ELF loader version: 1.3.3
E (39511) ELF: Forbidden C++ feature section '.tdata' (appendix C 11.2); rejecting image before load
[poca-load] FAIL esp_elf_relocate err=-22
[poca-load] entry_queries=3 (unchanged=yes)
[poca-load] NEGATIVE cxx_tls PASS (errno -22, expected -22)
poca>  
--- poca> poca load neg_tls_nosect
poca load neg_tls_nosect
[poca-load] begin neg_tls_nosect (entry_queries=3)
[poca-load] psram free before=8385920
[poca-load] mpb size=3716 sha256=abcdd69648a15a60620bb9efd5f17cb55998ddf499dd7ff6a2a72b9dfab03f71
[poca] mpb digest MATCH
[poca] view name=neg_tls_nosect version=1.0.0 epoch=1 key_id=e5677a1c abi=1.0 iram=0B max_mem=262144B payloads=1
[poca] view payload[0] span offset=212 length=3432
[poca] phdr loads=2 memsz=2072 pad=4096 budget=6168 manifest max_mem=262144
I (41112) ELF: ELF loader version: 1.3.3
I (41113) ELF: elf->entry=0x42061a50
E (41113) elf_arch: info=51 is not supported
E (41113) ELF: Failed to relocate type=51 offset=0x1f8 ret=-22
[poca-load] FAIL esp_elf_relocate err=-22
[poca-load] entry_queries=3 (unchanged=yes)
[poca-load] NEGATIVE neg_tls_nosect PASS (errno -22, expected -22)
poca>  
--- poca> poca status
poca status
elf_loader: vendored espressif 1.3.3 @6526c5b1 (esp-iot-solution)
  ELF_LOADER=y LOAD_PSRAM=y CACHE_OFFSET=y SET_MMU=n DLSO=n
  esp_elf_t state size: 92 bytes
  loader entries: esp_elf_init=0x42011698 esp_elf_relocate=0x420116d4
  registered host imports: poca_host_sentinel poca_host_add
  entry queries so far: 3 (execution canary)
heap internal  size=    427563 free=    376587 largest=    286720 min_ever=    368775
heap psram     size=   8386280 free=   8385920 largest=   8257536 min_ever=   8380692
poca>  
--- poca> poca load baseline
poca load baseline
[poca-load] begin baseline (entry_queries=3)
[poca-load] psram free before=8385920
[poca-load] mpb size=1972 sha256=f61c2640343f95efcb82e6c20042b329b418cabdbe82fdae77e9d2abebba01ff
[poca] mpb digest MATCH
[poca] view name=baseline version=1.0.0 epoch=1 key_id=e5677a1c abi=1.0 iram=0B max_mem=262144B payloads=1
[poca] view payload[0] span offset=208 length=1692
[poca] phdr loads=2 memsz=1884 pad=4120 budget=6004 manifest max_mem=262144
I (44314) ELF: ELF loader version: 1.3.3
I (44315) ELF: elf->entry=0x420612e4
[poca-load] entry sym frame_plugin_entry vaddr=0x00000234 mapped=0x3c0612e4 exec=0x420612e4 delta=0x06000000
[poca-load] query fn ptr=0x420612e4
[poca-load] table ptr=0x3c06135c struct_size=36 abi=1.1
[poca-load] prepare()=0 OK
[poca-load] text [0x3c061248 .. +0xd0) data [0x3c06131c .. +0x64) bss 0x404 rodata 0x40 drlro 0x24
[poca-load] psram free after=8382564 consumed=3356
[poca-load] PASS
poca>  
--- poca> poca activate
poca activate
[poca-activate] baseline activate fn ptr=0x420612d0
[poca-activate] returned=0x1501e22e expected=0x1501e22e
[poca-activate] MAGIC MATCH
[poca-activate] PASS
poca>  
--- poca> poca unload
poca unload
[poca-unload] psram free after=8385920 (before-load=8385920 delta=+0)
[poca-unload] PASS
poca>  

MATRIX PASS (positives=3, negatives=10, canary=3 unchanged across all negatives)
--- post-p4 full matrix run 2 (stability) ---
--- poca> poca status
poca status
elf_loader: vendored espressif 1.3.3 @6526c5b1 (esp-iot-solution)
  ELF_LOADER=y LOAD_PSRAM=y CACHE_OFFSET=y SET_MMU=n DLSO=n
  esp_elf_t state size: 92 bytes
  loader entries: esp_elf_init=0x42011698 esp_elf_relocate=0x420116d4
  registered host imports: poca_host_sentinel poca_host_add
  entry queries so far: 4 (execution canary)
heap internal  size=    427547 free=    376511 largest=    286720 min_ever=    368735
heap psram     size=   8386280 free=   8385920 largest=   8257536 min_ever=   8380692
poca>  
--- poca> poca verify baseline
poca verify baseline
[poca-verify] baseline size=1972 sha256=f61c2640343f95efcb82e6c20042b329b418cabdbe82fdae77e9d2abebba01ff
[poca] mpb digest MATCH
[poca] view name=baseline version=1.0.0 epoch=1 key_id=e5677a1c abi=1.0 iram=0B max_mem=262144B payloads=1
[poca] view payload[0] span offset=208 length=1692
[poca] phdr loads=2 memsz=1884 pad=4120 budget=6004 manifest max_mem=262144
[poca-verify] PASS
poca>  
--- poca> poca load baseline
poca load baseline
[poca-load] begin baseline (entry_queries=4)
[poca-load] psram free before=8385920
[poca-load] mpb size=1972 sha256=f61c2640343f95efcb82e6c20042b329b418cabdbe82fdae77e9d2abebba01ff
[poca] mpb digest MATCH
[poca] view name=baseline version=1.0.0 epoch=1 key_id=e5677a1c abi=1.0 iram=0B max_mem=262144B payloads=1
[poca] view payload[0] span offset=208 length=1692
[poca] phdr loads=2 memsz=1884 pad=4120 budget=6004 manifest max_mem=262144
I (62309) ELF: ELF loader version: 1.3.3
I (62309) ELF: elf->entry=0x420612e4
[poca-load] entry sym frame_plugin_entry vaddr=0x00000234 mapped=0x3c0612e4 exec=0x420612e4 delta=0x06000000
[poca-load] query fn ptr=0x420612e4
[poca-load] table ptr=0x3c06135c struct_size=36 abi=1.1
[poca-load] prepare()=0 OK
[poca-load] text [0x3c061248 .. +0xd0) data [0x3c06131c .. +0x64) bss 0x404 rodata 0x40 drlro 0x24
[poca-load] psram free after=8382564 consumed=3356
[poca-load] PASS
poca>  
--- poca> poca activate
poca activate
[poca-activate] baseline activate fn ptr=0x420612d0
[poca-activate] returned=0x1501e22e expected=0x1501e22e
[poca-activate] MAGIC MATCH
[poca-activate] PASS
poca>  
--- poca> poca unload
poca unload
[poca-unload] psram free after=8385920 (before-load=8385920 delta=+0)
[poca-unload] PASS
poca>  
--- poca> poca verify globdat
poca verify globdat
[poca-verify] globdat size=2036 sha256=28b030bcd3f63ba399b897dda0615ed5574d3bf1f18d62fc2b8a8188365d48b7
[poca] mpb digest MATCH
[poca] view name=globdat version=1.0.0 epoch=1 key_id=e5677a1c abi=1.0 iram=0B max_mem=262144B payloads=1
[poca] view payload[0] span offset=204 length=1760
[poca] phdr loads=2 memsz=1955 pad=4121 budget=6076 manifest max_mem=262144
[poca-verify] PASS
poca>  
--- poca> poca load globdat
poca load globdat
[poca-load] begin globdat (entry_queries=5)
[poca-load] psram free before=8385920
[poca-load] mpb size=2036 sha256=28b030bcd3f63ba399b897dda0615ed5574d3bf1f18d62fc2b8a8188365d48b7
[poca] mpb digest MATCH
[poca] view name=globdat version=1.0.0 epoch=1 key_id=e5677a1c abi=1.0 iram=0B max_mem=262144B payloads=1
[poca] view payload[0] span offset=204 length=1760
[poca] phdr loads=2 memsz=1955 pad=4121 budget=6076 manifest max_mem=262144
I (68713) ELF: ELF loader version: 1.3.3
I (68714) ELF: elf->entry=0x4206134c
[poca-load] entry sym frame_plugin_entry vaddr=0x0000029c mapped=0x3c06134c exec=0x4206134c delta=0x06000000
[poca-load] query fn ptr=0x4206134c
[poca-load] table ptr=0x3c0613a0 struct_size=36 abi=1.1
[poca-load] prepare()=0 OK
[poca-load] GLOB_DAT host_sentinel=0x4200d77c expected=0x4200d77c MATCH
[poca-load] text [0x3c061288 .. +0xd3) data [0x3c061360 .. +0x64) bss 0x408 rodata 0x40 drlro 0x24
[poca-load] psram free after=8382496 consumed=3424
[poca-load] PASS
poca>  
--- poca> poca activate
poca activate
[poca-activate] globdat activate fn ptr=0x420612d0
[poca-activate] returned=0x4bec22f0 expected=0x4bec22f0
[poca-activate] MAGIC MATCH
[poca-activate] PASS
poca>  
--- poca> poca unload
poca unload
[poca-unload] psram free after=8385920 (before-load=8385920 delta=+0)
[poca-unload] PASS
poca>  
--- poca> poca verify plt
poca verify plt
[poca-verify] plt size=2164 sha256=112bd8926837ddaef2954b31351633e10f54f0659f2577153b674b80c2db5adf
[poca] mpb digest MATCH
[poca] view name=plt version=1.0.0 epoch=1 key_id=e5677a1c abi=1.0 iram=0B max_mem=262144B payloads=1
[poca] view payload[0] span offset=200 length=1892
[poca] phdr loads=2 memsz=2007 pad=4129 budget=6136 manifest max_mem=262144
[poca-verify] PASS
poca>  
--- poca> poca load plt
poca load plt
[poca-load] begin plt (entry_queries=6)
[poca-load] psram free before=8385920
[poca-load] mpb size=2164 sha256=112bd8926837ddaef2954b31351633e10f54f0659f2577153b674b80c2db5adf
[poca] mpb digest MATCH
[poca] view name=plt version=1.0.0 epoch=1 key_id=e5677a1c abi=1.0 iram=0B max_mem=262144B payloads=1
[poca] view payload[0] span offset=200 length=1892
[poca] phdr loads=2 memsz=2007 pad=4129 budget=6136 manifest max_mem=262144
I (75118) ELF: ELF loader version: 1.3.3
I (75119) ELF: elf->entry=0x420613e4
[poca-load] entry sym frame_plugin_entry vaddr=0x000002bc mapped=0x3c0613e4 exec=0x420613e4 delta=0x06000000
[poca-load] query fn ptr=0x420613e4
[poca-load] table ptr=0x3c061438 struct_size=36 abi=1.1
[poca-load] prepare()=0 OK
[poca-load] GLOB_DAT host_add=0x42033824 expected=0x42033824 MATCH
[poca-load] text [0x3c061308 .. +0xeb) data [0x3c0613f8 .. +0x64) bss 0x404 rodata 0x40 drlro 0x24
[poca-load] psram free after=8382344 consumed=3576
[poca-load] PASS
poca>  
--- poca> poca activate
poca activate
[poca-activate] plt activate fn ptr=0x42061358
[poca-activate] returned=0xf027ea65 expected=0xf027ea65
[poca-activate] MAGIC MATCH
[poca-activate] PASS
poca>  
--- poca> poca unload
poca unload
[poca-unload] psram free after=8385920 (before-load=8385920 delta=+0)
[poca-unload] PASS
poca>  
--- poca> poca status
poca status
elf_loader: vendored espressif 1.3.3 @6526c5b1 (esp-iot-solution)
  ELF_LOADER=y LOAD_PSRAM=y CACHE_OFFSET=y SET_MMU=n DLSO=n
  esp_elf_t state size: 92 bytes
  loader entries: esp_elf_init=0x42011698 esp_elf_relocate=0x420116d4
  registered host imports: poca_host_sentinel poca_host_add
  entry queries so far: 7 (execution canary)
heap internal  size=    427535 free=    376455 largest=    286720 min_ever=    368619
heap psram     size=   8386280 free=   8385920 largest=   8257536 min_ever=   8380692
poca>  
--- poca> poca load import_neg
poca load import_neg
[poca-load] begin import_neg (entry_queries=7)
[poca-load] psram free before=8385920
[poca-load] mpb size=1784 sha256=1e4d91fcab673eb5a3558086887cf2ddc4b424a6357fab65060abb5e4a3578a3
[poca] mpb digest MATCH
[poca] view name=import_neg version=1.0.0 epoch=1 key_id=e5677a1c abi=1.0 iram=0B max_mem=262144B payloads=1
[poca] view payload[0] span offset=208 length=1504
[poca] phdr loads=2 memsz=723 pad=4121 budget=4844 manifest max_mem=262144
I (81523) ELF: ELF loader version: 1.3.3
I (81524) ELF: elf->entry=0x420611cc
E (81524) ELF: Can't find symbol frame_unknown_symbol
[poca-load] FAIL esp_elf_relocate err=-88
[poca-load] entry_queries=7 (unchanged=yes)
[poca-load] NEGATIVE import_neg PASS (errno -88, expected -88)
poca>  
--- poca> poca load neg_r32
poca load neg_r32
[poca-load] begin neg_r32 (entry_queries=7)
[poca-load] psram free before=8385920
[poca-load] mpb size=1968 sha256=fce86557ea8a331e5b55ad3524f66b7be51127d8fec9da0f0654f77798c6571e
[poca] mpb digest MATCH
[poca] view name=neg_r32 version=1.0.0 epoch=1 key_id=e5677a1c abi=1.0 iram=0B max_mem=262144B payloads=1
[poca] view payload[0] span offset=204 length=1692
[poca] phdr loads=2 memsz=1884 pad=4120 budget=6004 manifest max_mem=262144
I (83126) ELF: ELF loader version: 1.3.3
I (83126) ELF: elf->entry=0x420612e4
E (83127) elf_arch: info=1 is not supported
E (83127) ELF: Failed to relocate type=1 offset=0x198 ret=-22
[poca-load] FAIL esp_elf_relocate err=-22
[poca-load] entry_queries=7 (unchanged=yes)
[poca-load] NEGATIVE neg_r32 PASS (errno -22, expected -22)
poca>  
--- poca> poca load neg_s0op
poca load neg_s0op
[poca-load] begin neg_s0op (entry_queries=7)
[poca-load] psram free before=8385920
[poca-load] mpb size=1972 sha256=b50829fe77dc6ea733c66ac0f2f3d0ef9bf82ddddb7c90003300fe7ba61c4f4f
[poca] mpb digest MATCH
[poca] view name=neg_s0op version=1.0.0 epoch=1 key_id=e5677a1c abi=1.0 iram=0B max_mem=262144B payloads=1
[poca] view payload[0] span offset=208 length=1692
[poca] phdr loads=2 memsz=1884 pad=4120 budget=6004 manifest max_mem=262144
I (84727) ELF: ELF loader version: 1.3.3
I (84728) ELF: elf->entry=0x420612e4
E (84728) elf_arch: info=20 is not supported
E (84728) ELF: Failed to relocate type=20 offset=0x198 ret=-22
[poca-load] FAIL esp_elf_relocate err=-22
[poca-load] entry_queries=7 (unchanged=yes)
[poca-load] NEGATIVE neg_s0op PASS (errno -22, expected -22)
poca>  
--- poca> poca load neg_phbe
poca load neg_phbe
[poca-load] begin neg_phbe (entry_queries=7)
[poca-load] psram free before=8385920
[poca-load] mpb size=1972 sha256=671bf6f7be36d7f9904ae652dad13d62f28615d12c3240907aee9eef1392dfd6
[poca] mpb digest MATCH
[poca] view name=neg_phbe version=1.0.0 epoch=1 key_id=e5677a1c abi=1.0 iram=0B max_mem=262144B payloads=1
[poca] view payload[0] span offset=208 length=1692
[poca] phdr loads=2 memsz=1884 pad=4120 budget=6004 manifest max_mem=262144
I (86328) ELF: ELF loader version: 1.3.3
E (86328) ELF: Invalid ELF image: magic/class/data/machine mismatch (class=1 data=2 machine=94)
[poca-load] FAIL esp_elf_relocate err=-22
[poca-load] entry_queries=7 (unchanged=yes)
[poca-load] NEGATIVE neg_phbe PASS (errno -22, expected -22)
poca>  
--- poca> poca load neg_ph64
poca load neg_ph64
[poca-load] begin neg_ph64 (entry_queries=7)
[poca-load] psram free before=8385920
[poca-load] mpb size=1972 sha256=ccb0b2f9be7b82928af15675c13b035eefbfae39fbc476229af5c1dae0759b7f
[poca] mpb digest MATCH
[poca] view name=neg_ph64 version=1.0.0 epoch=1 key_id=e5677a1c abi=1.0 iram=0B max_mem=262144B payloads=1
[poca] view payload[0] span offset=208 length=1692
[poca] phdr loads=2 memsz=1884 pad=4120 budget=6004 manifest max_mem=262144
I (87929) ELF: ELF loader version: 1.3.3
E (87930) ELF: Invalid ELF image: magic/class/data/machine mismatch (class=2 data=1 machine=94)
[poca-load] FAIL esp_elf_relocate err=-22
[poca-load] entry_queries=7 (unchanged=yes)
[poca-load] NEGATIVE neg_ph64 PASS (errno -22, expected -22)
poca>  
--- poca> poca load neg_phmach
poca load neg_phmach
[poca-load] begin neg_phmach (entry_queries=7)
[poca-load] psram free before=8385920
[poca-load] mpb size=1972 sha256=657e3885ba4f1ec5d5df14c3dc75fc18c2f3c6b0cdb9ac403d6796918ba0511f
[poca] mpb digest MATCH
[poca] view name=neg_phmach version=1.0.0 epoch=1 key_id=e5677a1c abi=1.0 iram=0B max_mem=262144B payloads=1
[poca] view payload[0] span offset=208 length=1692
[poca] phdr loads=2 memsz=1884 pad=4120 budget=6004 manifest max_mem=262144
I (89531) ELF: ELF loader version: 1.3.3
E (89531) ELF: Invalid ELF image: magic/class/data/machine mismatch (class=1 data=1 machine=40)
[poca-load] FAIL esp_elf_relocate err=-22
[poca-load] entry_queries=7 (unchanged=yes)
[poca-load] NEGATIVE neg_phmach PASS (errno -22, expected -22)
poca>  
--- poca> poca load neg_phspan
poca load neg_phspan
[poca-load] begin neg_phspan (entry_queries=7)
[poca-load] psram free before=8385920
[poca-load] mpb size=1972 sha256=fecf67199c1f00375ae55b8cb6ccfcfe453b425ec9a24cbf005a8ce8aba677d2
[poca] mpb digest MATCH
[poca] view name=neg_phspan version=1.0.0 epoch=1 key_id=e5677a1c abi=1.0 iram=0B max_mem=262144B payloads=1
[poca] view payload[0] span offset=208 length=1692
[poca] phdr loads=2 memsz=15729844 pad=0 budget=15729844 manifest max_mem=262144
[poca-load] NEGATIVE neg_phspan PASS (phdr admission rejected before load)
[poca-load] entry_queries=7 (unchanged=yes)
poca>  
--- poca> poca load cxx_ctor
poca load cxx_ctor
[poca-load] begin cxx_ctor (entry_queries=7)
[poca-load] psram free before=8385920
[poca-load] mpb size=3456 sha256=bb1d19a85614f895f30d055edeec48ab97fa0092c4821d84505412bd4939abc8
[poca] mpb digest MATCH
[poca] view name=cxx_ctor version=1.0.0 epoch=1 key_id=e5677a1c abi=1.0 iram=0B max_mem=262144B payloads=1
[poca] view payload[0] span offset=208 length=3176
[poca] phdr loads=2 memsz=1920 pad=4096 budget=6016 manifest max_mem=262144
I (92734) ELF: ELF loader version: 1.3.3
E (92735) ELF: Forbidden C++ feature section '.ctors' (appendix C 11.2); rejecting image before load
[poca-load] FAIL esp_elf_relocate err=-22
[poca-load] entry_queries=7 (unchanged=yes)
[poca-load] NEGATIVE cxx_ctor PASS (errno -22, expected -22)
poca>  
--- poca> poca load cxx_tls
poca load cxx_tls
[poca-load] begin cxx_tls (entry_queries=7)
[poca-load] psram free before=8385920
[poca-load] mpb size=3708 sha256=0d4c957670520ba6d57c8ed72157a28bd55a77d7594f572d51e5797b89a5cb94
[poca] mpb digest MATCH
[poca] view name=cxx_tls version=1.0.0 epoch=1 key_id=e5677a1c abi=1.0 iram=0B max_mem=262144B payloads=1
[poca] view payload[0] span offset=204 length=3432
[poca] phdr loads=2 memsz=2072 pad=4096 budget=6168 manifest max_mem=262144
I (94335) ELF: ELF loader version: 1.3.3
E (94336) ELF: Forbidden C++ feature section '.tdata' (appendix C 11.2); rejecting image before load
[poca-load] FAIL esp_elf_relocate err=-22
[poca-load] entry_queries=7 (unchanged=yes)
[poca-load] NEGATIVE cxx_tls PASS (errno -22, expected -22)
poca>  
--- poca> poca load neg_tls_nosect
poca load neg_tls_nosect
[poca-load] begin neg_tls_nosect (entry_queries=7)
[poca-load] psram free before=8385920
[poca-load] mpb size=3716 sha256=abcdd69648a15a60620bb9efd5f17cb55998ddf499dd7ff6a2a72b9dfab03f71
[poca] mpb digest MATCH
[poca] view name=neg_tls_nosect version=1.0.0 epoch=1 key_id=e5677a1c abi=1.0 iram=0B max_mem=262144B payloads=1
[poca] view payload[0] span offset=212 length=3432
[poca] phdr loads=2 memsz=2072 pad=4096 budget=6168 manifest max_mem=262144
I (95938) ELF: ELF loader version: 1.3.3
I (95938) ELF: elf->entry=0x42061a50
E (95939) elf_arch: info=51 is not supported
E (95939) ELF: Failed to relocate type=51 offset=0x1f8 ret=-22
[poca-load] FAIL esp_elf_relocate err=-22
[poca-load] entry_queries=7 (unchanged=yes)
[poca-load] NEGATIVE neg_tls_nosect PASS (errno -22, expected -22)
poca>  
--- poca> poca status
poca status
elf_loader: vendored espressif 1.3.3 @6526c5b1 (esp-iot-solution)
  ELF_LOADER=y LOAD_PSRAM=y CACHE_OFFSET=y SET_MMU=n DLSO=n
  esp_elf_t state size: 92 bytes
  loader entries: esp_elf_init=0x42011698 esp_elf_relocate=0x420116d4
  registered host imports: poca_host_sentinel poca_host_add
  entry queries so far: 7 (execution canary)
heap internal  size=    427535 free=    376403 largest=    286720 min_ever=    368555
heap psram     size=   8386280 free=   8385920 largest=   8257536 min_ever=   8380692
poca>  
--- poca> poca load baseline
poca load baseline
[poca-load] begin baseline (entry_queries=7)
[poca-load] psram free before=8385920
[poca-load] mpb size=1972 sha256=f61c2640343f95efcb82e6c20042b329b418cabdbe82fdae77e9d2abebba01ff
[poca] mpb digest MATCH
[poca] view name=baseline version=1.0.0 epoch=1 key_id=e5677a1c abi=1.0 iram=0B max_mem=262144B payloads=1
[poca] view payload[0] span offset=208 length=1692
[poca] phdr loads=2 memsz=1884 pad=4120 budget=6004 manifest max_mem=262144
I (99140) ELF: ELF loader version: 1.3.3
I (99141) ELF: elf->entry=0x420612e4
[poca-load] entry sym frame_plugin_entry vaddr=0x00000234 mapped=0x3c0612e4 exec=0x420612e4 delta=0x06000000
[poca-load] query fn ptr=0x420612e4
[poca-load] table ptr=0x3c06135c struct_size=36 abi=1.1
[poca-load] prepare()=0 OK
[poca-load] text [0x3c061248 .. +0xd0) data [0x3c06131c .. +0x64) bss 0x404 rodata 0x40 drlro 0x24
[poca-load] psram free after=8382564 consumed=3356
[poca-load] PASS
poca>  
--- poca> poca activate
poca activate
[poca-activate] baseline activate fn ptr=0x420612d0
[poca-activate] returned=0x1501e22e expected=0x1501e22e
[poca-activate] MAGIC MATCH
[poca-activate] PASS
poca>  
--- poca> poca unload
poca unload
[poca-unload] psram free after=8385920 (before-load=8385920 delta=+0)
[poca-unload] PASS
poca>  

MATRIX FAILURES:
  - canary after positives: 7 != 3
--- matrix runs 3+4 back-to-back, no reboot between (delta-canary fix) ---
--- poca> poca status
poca status
elf_loader: vendored espressif 1.3.3 @6526c5b1 (esp-iot-solution)
  ELF_LOADER=y LOAD_PSRAM=y CACHE_OFFSET=y SET_MMU=n DLSO=n
  esp_elf_t state size: 92 bytes
  loader entries: esp_elf_init=0x42011698 esp_elf_relocate=0x420116d4
  registered host imports: poca_host_sentinel poca_host_add
  entry queries so far: 8 (execution canary)
heap internal  size=    427535 free=    376423 largest=    286720 min_ever=    368555
heap psram     size=   8386280 free=   8385920 largest=   8257536 min_ever=   8380692
poca>  
--- poca> poca status
poca status
elf_loader: vendored espressif 1.3.3 @6526c5b1 (esp-iot-solution)
  ELF_LOADER=y LOAD_PSRAM=y CACHE_OFFSET=y SET_MMU=n DLSO=n
  esp_elf_t state size: 92 bytes
  loader entries: esp_elf_init=0x42011698 esp_elf_relocate=0x420116d4
  registered host imports: poca_host_sentinel poca_host_add
  entry queries so far: 8 (execution canary)
heap internal  size=    427535 free=    376423 largest=    286720 min_ever=    368555
heap psram     size=   8386280 free=   8385920 largest=   8257536 min_ever=   8380692
poca>  
--- poca> poca verify baseline
poca verify baseline
[poca-verify] baseline size=1972 sha256=f61c2640343f95efcb82e6c20042b329b418cabdbe82fdae77e9d2abebba01ff
[poca] mpb digest MATCH
[poca] view name=baseline version=1.0.0 epoch=1 key_id=e5677a1c abi=1.0 iram=0B max_mem=262144B payloads=1
[poca] view payload[0] span offset=208 length=1692
[poca] phdr loads=2 memsz=1884 pad=4120 budget=6004 manifest max_mem=262144
[poca-verify] PASS
poca>  
--- poca> poca load baseline
poca load baseline
[poca-load] begin baseline (entry_queries=8)
[poca-load] psram free before=8385920
[poca-load] mpb size=1972 sha256=f61c2640343f95efcb82e6c20042b329b418cabdbe82fdae77e9d2abebba01ff
[poca] mpb digest MATCH
[poca] view name=baseline version=1.0.0 epoch=1 key_id=e5677a1c abi=1.0 iram=0B max_mem=262144B payloads=1
[poca] view payload[0] span offset=208 length=1692
[poca] phdr loads=2 memsz=1884 pad=4120 budget=6004 manifest max_mem=262144
I (158098) ELF: ELF loader version: 1.3.3
I (158098) ELF: elf->entry=0x420612e4
[poca-load] entry sym frame_plugin_entry vaddr=0x00000234 mapped=0x3c0612e4 exec=0x420612e4 delta=0x06000000
[poca-load] query fn ptr=0x420612e4
[poca-load] table ptr=0x3c06135c struct_size=36 abi=1.1
[poca-load] prepare()=0 OK
[poca-load] text [0x3c061248 .. +0xd0) data [0x3c06131c .. +0x64) bss 0x404 rodata 0x40 drlro 0x24
[poca-load] psram free after=8382564 consumed=3356
[poca-load] PASS
poca>  
--- poca> poca activate
poca activate
[poca-activate] baseline activate fn ptr=0x420612d0
[poca-activate] returned=0x1501e22e expected=0x1501e22e
[poca-activate] MAGIC MATCH
[poca-activate] PASS
poca>  
--- poca> poca unload
poca unload
[poca-unload] psram free after=8385920 (before-load=8385920 delta=+0)
[poca-unload] PASS
poca>  
--- poca> poca verify globdat
poca verify globdat
[poca-verify] globdat size=2036 sha256=28b030bcd3f63ba399b897dda0615ed5574d3bf1f18d62fc2b8a8188365d48b7
[poca] mpb digest MATCH
[poca] view name=globdat version=1.0.0 epoch=1 key_id=e5677a1c abi=1.0 iram=0B max_mem=262144B payloads=1
[poca] view payload[0] span offset=204 length=1760
[poca] phdr loads=2 memsz=1955 pad=4121 budget=6076 manifest max_mem=262144
[poca-verify] PASS
poca>  
--- poca> poca load globdat
poca load globdat
[poca-load] begin globdat (entry_queries=9)
[poca-load] psram free before=8385920
[poca-load] mpb size=2036 sha256=28b030bcd3f63ba399b897dda0615ed5574d3bf1f18d62fc2b8a8188365d48b7
[poca] mpb digest MATCH
[poca] view name=globdat version=1.0.0 epoch=1 key_id=e5677a1c abi=1.0 iram=0B max_mem=262144B payloads=1
[poca] view payload[0] span offset=204 length=1760
poca>  
--- poca> poca activate
poca activate
[poca-activate] globdat activate fn ptr=0x420612d0
[poca-activate] returned=0x4bec22f0 expected=0x4bec22f0
[poca-activate] MAGIC MATCH
[poca-activate] PASS
poca>  
--- poca> poca unload
poca unload
[poca-unload] psram free after=8385920 (before-load=8385920 delta=+0)
[poca-unload] PASS
poca>  
--- poca> poca verify plt
poca verify plt
[poca-verify] plt size=2164 sha256=112bd8926837ddaef2954b31351633e10f54f0659f2577153b674b80c2db5adf
[poca] mpb digest MATCH
[poca] view name=plt version=1.0.0 epoch=1 key_id=e5677a1c abi=1.0 iram=0B max_mem=262144B payloads=1
[poca] view payload[0] span offset=200 length=1892
[poca] phdr loads=2 memsz=2007 pad=4129 budget=6136 manifest max_mem=262144
[poca-verify] PASS
poca>  
--- poca> poca load plt
poca load plt
[poca-load] begin plt (entry_queries=10)
[poca-load] psram free before=8385920
[poca-load] mpb size=2164 sha256=112bd8926837ddaef2954b31351633e10f54f0659f2577153b674b80c2db5adf
[poca] mpb digest MATCH
[poca] view name=plt version=1.0.0 epoch=1 key_id=e5677a1c abi=1.0 iram=0B max_mem=262144B payloads=1
[poca] view payload[0] span offset=200 length=1892
[poca] phdr loads=2 memsz=2007 pad=4129 budget=6136 manifest max_mem=262144
I (170910) ELF: ELF loader version: 1.3.3
I (170911) ELF: elf->entry=0x420613e4
[poca-load] entry sym frame_plugin_entry vaddr=0x000002bc mapped=0x3c0613e4 exec=0x420613e4 delta=0x06000000
[poca-load] query fn ptr=0x420613e4
[poca-load] table ptr=0x3c061438 struct_size=36 abi=1.1
[poca-load] prepare()=0 OK
[poca-load] GLOB_DAT host_add=0x42033824 expected=0x42033824 MATCH
[poca-load] text [0x3c061308 .. +0xeb) data [0x3c0613f8 .. +0x64) bss 0x404 rodata 0x40 drlro 0x24
[poca-load] psram free after=8382344 consumed=3576
[poca-load] PASS
poca>  
--- poca> poca activate
poca activate
[poca-activate] plt activate fn ptr=0x42061358
[poca-activate] returned=0xf027ea65 expected=0xf027ea65
[poca-activate] MAGIC MATCH
[poca-activate] PASS
poca>  
--- poca> poca unload
poca unload
[poca-unload] psram free after=8385920 (before-load=8385920 delta=+0)
[poca-unload] PASS
poca>  
--- poca> poca status
poca status
elf_loader: vendored espressif 1.3.3 @6526c5b1 (esp-iot-solution)
  ELF_LOADER=y LOAD_PSRAM=y CACHE_OFFSET=y SET_MMU=n DLSO=n
  esp_elf_t state size: 92 bytes
  loader entries: esp_elf_init=0x42011698 esp_elf_relocate=0x420116d4
  registered host imports: poca_host_sentinel poca_host_add
  entry queries so far: 11 (execution canary)
heap internal  size=    427535 free=    376419 largest=    286720 min_ever=    368555
heap psram     size=   8386280 free=   8385920 largest=   8257536 min_ever=   8380692
poca>  
--- poca> poca load import_neg
poca load import_neg
[poca-load] begin import_neg (entry_queries=11)
[poca-load] psram free before=8385920
[poca-load] mpb size=1784 sha256=1e4d91fcab673eb5a3558086887cf2ddc4b424a6357fab65060abb5e4a3578a3
[poca] mpb digest MATCH
[poca] view name=import_neg version=1.0.0 epoch=1 key_id=e5677a1c abi=1.0 iram=0B max_mem=262144B payloads=1
[poca] view payload[0] span offset=208 length=1504
[poca] phdr loads=2 memsz=723 pad=4121 budget=4844 manifest max_mem=262144
I (177317) ELF: ELF loader version: 1.3.3
I (177318) ELF: elf->entry=0x420611cc
E (177318) ELF: Can't find symbol frame_unknown_symbol
[poca-load] FAIL esp_elf_relocate err=-88
[poca-load] entry_queries=11 (unchanged=yes)
[poca-load] NEGATIVE import_neg PASS (errno -88, expected -88)
poca>  
--- poca> poca load neg_r32
poca load neg_r32
[poca-load] begin neg_r32 (entry_queries=11)
[poca-load] psram free before=8385920
[poca-load] mpb size=1968 sha256=fce86557ea8a331e5b55ad3524f66b7be51127d8fec9da0f0654f77798c6571e
[poca] mpb digest MATCH
[poca] view name=neg_r32 version=1.0.0 epoch=1 key_id=e5677a1c abi=1.0 iram=0B max_mem=262144B payloads=1
[poca] view payload[0] span offset=204 length=1692
[poca] phdr loads=2 memsz=1884 pad=4120 budget=6004 manifest max_mem=262144
I (178919) ELF: ELF loader version: 1.3.3
I (178920) ELF: elf->entry=0x420612e4
E (178920) elf_arch: info=1 is not supported
E (178920) ELF: Failed to relocate type=1 offset=0x198 ret=-22
[poca-load] FAIL esp_elf_relocate err=-22
[poca-load] entry_queries=11 (unchanged=yes)
[poca-load] NEGATIVE neg_r32 PASS (errno -22, expected -22)
poca>  
--- poca> poca load neg_s0op
poca load neg_s0op
[poca-load] begin neg_s0op (entry_queries=11)
[poca-load] psram free before=8385920
[poca-load] mpb size=1972 sha256=b50829fe77dc6ea733c66ac0f2f3d0ef9bf82ddddb7c90003300fe7ba61c4f4f
[poca] mpb digest MATCH
[poca] view name=neg_s0op version=1.0.0 epoch=1 key_id=e5677a1c abi=1.0 iram=0B max_mem=262144B payloads=1
[poca] view payload[0] span offset=208 length=1692
[poca] phdr loads=2 memsz=1884 pad=4120 budget=6004 manifest max_mem=262144
I (180520) ELF: ELF loader version: 1.3.3
I (180521) ELF: elf->entry=0x420612e4
E (180521) elf_arch: info=20 is not supported
E (180522) ELF: Failed to relocate type=20 offset=0x198 ret=-22
[poca-load] FAIL esp_elf_relocate err=-22
[poca-load] entry_queries=11 (unchanged=yes)
[poca-load] NEGATIVE neg_s0op PASS (errno -22, expected -22)
poca>  
--- poca> poca load neg_phbe
poca load neg_phbe
[poca-load] begin neg_phbe (entry_queries=11)
[poca-load] psram free before=8385920
[poca-load] mpb size=1972 sha256=671bf6f7be36d7f9904ae652dad13d62f28615d12c3240907aee9eef1392dfd6
[poca] mpb digest MATCH
[poca] view name=neg_phbe version=1.0.0 epoch=1 key_id=e5677a1c abi=1.0 iram=0B max_mem=262144B payloads=1
[poca] view payload[0] span offset=208 length=1692
[poca] phdr loads=2 memsz=1884 pad=4120 budget=6004 manifest max_mem=262144
I (182121) ELF: ELF loader version: 1.3.3
E (182121) ELF: Invalid ELF image: magic/class/data/machine mismatch (class=1 data=2 machine=94)
[poca-load] FAIL esp_elf_relocate err=-22
[poca-load] entry_queries=11 (unchanged=yes)
[poca-load] NEGATIVE neg_phbe PASS (errno -22, expected -22)
poca>  
--- poca> poca load neg_ph64
poca load neg_ph64
[poca-load] begin neg_ph64 (entry_queries=11)
[poca-load] psram free before=8385920
[poca-load] mpb size=1972 sha256=ccb0b2f9be7b82928af15675c13b035eefbfae39fbc476229af5c1dae0759b7f
[poca] mpb digest MATCH
[poca] view name=neg_ph64 version=1.0.0 epoch=1 key_id=e5677a1c abi=1.0 iram=0B max_mem=262144B payloads=1
[poca] view payload[0] span offset=208 length=1692
[poca] phdr loads=2 memsz=1884 pad=4120 budget=6004 manifest max_mem=262144
I (183722) ELF: ELF loader version: 1.3.3
E (183722) ELF: Invalid ELF image: magic/class/data/machine mismatch (class=2 data=1 machine=94)
[poca-load] FAIL esp_elf_relocate err=-22
[poca-load] entry_queries=11 (unchanged=yes)
[poca-load] NEGATIVE neg_ph64 PASS (errno -22, expected -22)
poca>  
--- poca> poca load neg_phmach
poca load neg_phmach
[poca-load] begin neg_phmach (entry_queries=11)
[poca-load] psram free before=8385920
[poca-load] mpb size=1972 sha256=657e3885ba4f1ec5d5df14c3dc75fc18c2f3c6b0cdb9ac403d6796918ba0511f
[poca] mpb digest MATCH
[poca] view name=neg_phmach version=1.0.0 epoch=1 key_id=e5677a1c abi=1.0 iram=0B max_mem=262144B payloads=1
[poca] view payload[0] span offset=208 length=1692
[poca] phdr loads=2 memsz=1884 pad=4120 budget=6004 manifest max_mem=262144
I (185324) ELF: ELF loader version: 1.3.3
E (185324) ELF: Invalid ELF image: magic/class/data/machine mismatch (class=1 data=1 machine=40)
[poca-load] FAIL esp_elf_relocate err=-22
[poca-load] entry_queries=11 (unchanged=yes)
[poca-load] NEGATIVE neg_phmach PASS (errno -22, expected -22)
poca>  
--- poca> poca load neg_phspan
poca load neg_phspan
[poca-load] begin neg_phspan (entry_queries=11)
[poca-load] psram free before=8385920
[poca-load] mpb size=1972 sha256=fecf67199c1f00375ae55b8cb6ccfcfe453b425ec9a24cbf005a8ce8aba677d2
[poca] mpb digest MATCH
[poca] view name=neg_phspan version=1.0.0 epoch=1 key_id=e5677a1c abi=1.0 iram=0B max_mem=262144B payloads=1
[poca] view payload[0] span offset=208 length=1692
[poca] phdr loads=2 memsz=15729844 pad=0 budget=15729844 manifest max_mem=262144
[poca-load] NEGATIVE neg_phspan PASS (phdr admission rejected before load)
[poca-load] entry_queries=11 (unchanged=yes)
poca>  
--- poca> poca load cxx_ctor
poca load cxx_ctor
[poca-load] begin cxx_ctor (entry_queries=11)
[poca-load] psram free before=8385920
[poca-load] mpb size=3456 sha256=bb1d19a85614f895f30d055edeec48ab97fa0092c4821d84505412bd4939abc8
[poca] mpb digest MATCH
[poca] view name=cxx_ctor version=1.0.0 epoch=1 key_id=e5677a1c abi=1.0 iram=0B max_mem=262144B payloads=1
[poca] view payload[0] span offset=208 length=3176
[poca] phdr loads=2 memsz=1920 pad=4096 budget=6016 manifest max_mem=262144
I (188525) ELF: ELF loader version: 1.3.3
E (188526) ELF: Forbidden C++ feature section '.ctors' (appendix C 11.2); rejecting image before load
[poca-load] FAIL esp_elf_relocate err=-22
[poca-load] entry_queries=11 (unchanged=yes)
[poca-load] NEGATIVE cxx_ctor PASS (errno -22, expected -22)
poca>  
--- poca> poca load cxx_tls
poca load cxx_tls
[poca-load] begin cxx_tls (entry_queries=11)
[poca-load] psram free before=8385920
[poca-load] mpb size=3708 sha256=0d4c957670520ba6d57c8ed72157a28bd55a77d7594f572d51e5797b89a5cb94
[poca] mpb digest MATCH
[poca] view name=cxx_tls version=1.0.0 epoch=1 key_id=e5677a1c abi=1.0 iram=0B max_mem=262144B payloads=1
[poca] view payload[0] span offset=204 length=3432
[poca] phdr loads=2 memsz=2072 pad=4096 budget=6168 manifest max_mem=262144
I (190127) ELF: ELF loader version: 1.3.3
E (190128) ELF: Forbidden C++ feature section '.tdata' (appendix C 11.2); rejecting image before load
[poca-load] FAIL esp_elf_relocate err=-22
[poca-load] entry_queries=11 (unchanged=yes)
[poca-load] NEGATIVE cxx_tls PASS (errno -22, expected -22)
poca>  
--- poca> poca load neg_tls_nosect
poca load neg_tls_nosect
[poca-load] begin neg_tls_nosect (entry_queries=11)
[poca-load] psram free before=8385920
[poca-load] mpb size=3716 sha256=abcdd69648a15a60620bb9efd5f17cb55998ddf499dd7ff6a2a72b9dfab03f71
[poca] mpb digest MATCH
[poca] view name=neg_tls_nosect version=1.0.0 epoch=1 key_id=e5677a1c abi=1.0 iram=0B max_mem=262144B payloads=1
[poca] view payload[0] span offset=212 length=3432
[poca] phdr loads=2 memsz=2072 pad=4096 budget=6168 manifest max_mem=262144
I (191729) ELF: ELF loader version: 1.3.3
I (191730) ELF: elf->entry=0x42061a50
E (191730) elf_arch: info=51 is not supported
E (191731) ELF: Failed to relocate type=51 offset=0x1f8 ret=-22
[poca-load] FAIL esp_elf_relocate err=-22
[poca-load] entry_queries=11 (unchanged=yes)
[poca-load] NEGATIVE neg_tls_nosect PASS (errno -22, expected -22)
poca>  
--- poca> poca status
poca status
elf_loader: vendored espressif 1.3.3 @6526c5b1 (esp-iot-solution)
  ELF_LOADER=y LOAD_PSRAM=y CACHE_OFFSET=y SET_MMU=n DLSO=n
  esp_elf_t state size: 92 bytes
  loader entries: esp_elf_init=0x42011698 esp_elf_relocate=0x420116d4
  registered host imports: poca_host_sentinel poca_host_add
  entry queries so far: 11 (execution canary)
heap internal  size=    427535 free=    376411 largest=    286720 min_ever=    368555
heap psram     size=   8386280 free=   8385920 largest=   8257536 min_ever=   8380692
poca>  
--- poca> poca load baseline
poca load baseline
[poca-load] begin baseline (entry_queries=11)
[poca-load] psram free before=8385920
[poca-load] mpb size=1972 sha256=f61c2640343f95efcb82e6c20042b329b418cabdbe82fdae77e9d2abebba01ff
[poca] mpb digest MATCH
[poca] view name=baseline version=1.0.0 epoch=1 key_id=e5677a1c abi=1.0 iram=0B max_mem=262144B payloads=1
[poca] view payload[0] span offset=208 length=1692
[poca] phdr loads=2 memsz=1884 pad=4120 budget=6004 manifest max_mem=262144
I (194932) ELF: ELF loader version: 1.3.3
I (194932) ELF: elf->entry=0x420612e4
[poca-load] entry sym frame_plugin_entry vaddr=0x00000234 mapped=0x3c0612e4 exec=0x420612e4 delta=0x06000000
[poca-load] query fn ptr=0x420612e4
[poca-load] table ptr=0x3c06135c struct_size=36 abi=1.1
[poca-load] prepare()=0 OK
[poca-load] text [0x3c061248 .. +0xd0) data [0x3c06131c .. +0x64) bss 0x404 rodata 0x40 drlro 0x24
[poca-load] psram free after=8382564 consumed=3356
[poca-load] PASS
poca>  
--- poca> poca activate
poca activate
[poca-activate] baseline activate fn ptr=0x420612d0
[poca-activate] returned=0x1501e22e expected=0x1501e22e
[poca-activate] MAGIC MATCH
[poca-activate] PASS
poca>  
--- poca> poca unload
poca unload
[poca-unload] psram free after=8385920 (before-load=8385920 delta=+0)
[poca-unload] PASS
poca>  

MATRIX FAILURES:
  - load globdat: missing '[poca-load] PASS'
  - globdat value: missing 'GLOB_DAT host_sentinel=0x'
--- poca> poca status
poca status
elf_loader: vendored espressif 1.3.3 @6526c5b1 (esp-iot-solution)
  ELF_LOADER=y LOAD_PSRAM=y CACHE_OFFSET=y SET_MMU=n DLSO=n
  esp_elf_t state size: 92 bytes
  loader entries: esp_elf_init=0x42011698 esp_elf_relocate=0x420116d4
  registered host imports: poca_host_sentinel poca_host_add
  entry queries so far: 12 (execution canary)
heap internal  size=    427535 free=    376427 largest=    286720 min_ever=    368555
heap psram     size=   8386280 free=   8385920 largest=   8257536 min_ever=   8380692
poca>  
--- poca> poca status
poca status
elf_loader: vendored espressif 1.3.3 @6526c5b1 (esp-iot-solution)
  ELF_LOADER=y LOAD_PSRAM=y CACHE_OFFSET=y SET_MMU=n DLSO=n
  esp_elf_t state size: 92 bytes
  loader entries: esp_elf_init=0x42011698 esp_elf_relocate=0x420116d4
  registered host imports: poca_host_sentinel poca_host_add
  entry queries so far: 12 (execution canary)
heap internal  size=    427535 free=    376427 largest=    286720 min_ever=    368555
heap psram     size=   8386280 free=   8385920 largest=   8257536 min_ever=   8380692
poca>  
--- poca> poca verify baseline
poca verify baseline
[poca-verify] baseline size=1972 sha256=f61c2640343f95efcb82e6c20042b329b418cabdbe82fdae77e9d2abebba01ff
[poca] mpb digest MATCH
[poca] view name=baseline version=1.0.0 epoch=1 key_id=e5677a1c abi=1.0 iram=0B max_mem=262144B payloads=1
[poca] view payload[0] span offset=208 length=1692
[poca] phdr loads=2 memsz=1884 pad=4120 budget=6004 manifest max_mem=262144
[poca-verify] PASS
poca>  
--- poca> poca load baseline
poca load baseline
[poca-load] begin baseline (entry_queries=12)
[poca-load] psram free before=8385920
[poca-load] mpb size=1972 sha256=f61c2640343f95efcb82e6c20042b329b418cabdbe82fdae77e9d2abebba01ff
[poca] mpb digest MATCH
[poca] view name=baseline version=1.0.0 epoch=1 key_id=e5677a1c abi=1.0 iram=0B max_mem=262144B payloads=1
[poca] view payload[0] span offset=208 length=1692
[poca] phdr loads=2 memsz=1884 pad=4120 budget=6004 manifest max_mem=262144
I (204764) ELF: ELF loader version: 1.3.3
I (204764) ELF: elf->entry=0x420612e4
[poca-load] entry sym frame_plugin_entry vaddr=0x00000234 mapped=0x3c0612e4 exec=0x420612e4 delta=0x06000000
[poca-load] query fn ptr=0x420612e4
[poca-load] table ptr=0x3c06135c struct_size=36 abi=1.1
[poca-load] prepare()=0 OK
[poca-load] text [0x3c061248 .. +0xd0) data [0x3c06131c .. +0x64) bss 0x404 rodata 0x40 drlro 0x24
[poca-load] psram free after=8382564 consumed=3356
[poca-load] PASS
poca>  
--- poca> poca activate
poca activate
[poca-activate] baseline activate fn ptr=0x420612d0
[poca-activate] returned=0x1501e22e expected=0x1501e22e
[poca-activate] MAGIC MATCH
[poca-activate] PASS
poca>  
--- poca> poca unload
poca unload
[poca-unload] psram free after=8385920 (before-load=8385920 delta=+0)
[poca-unload] PASS
poca>  
--- poca> poca verify globdat
poca verify globdat
[poca-verify] globdat size=2036 sha256=28b030bcd3f63ba399b897dda0615ed5574d3bf1f18d62fc2b8a8188365d48b7
[poca] mpb digest MATCH
[poca] view name=globdat version=1.0.0 epoch=1 key_id=e5677a1c abi=1.0 iram=0B max_mem=262144B payloads=1
[poca] view payload[0] span offset=204 length=1760
[poca] phdr loads=2 memsz=1955 pad=4121 budget=6076 manifest max_mem=262144
[poca-verify] PASS
poca>  
--- poca> poca load globdat
poca load globdat
[poca-load] begin globdat (entry_queries=13)
[poca-load] psram free before=8385920
[poca-load] mpb size=2036 sha256=28b030bcd3f63ba399b897dda0615ed5574d3bf1f18d62fc2b8a8188365d48b7
[poca] mpb digest MATCH
[poca] view name=globdat version=1.0.0 epoch=1 key_id=e5677a1c abi=1.0 iram=0B max_mem=262144B payloads=1
[poca] view payload[0] span offset=204 length=1760
[poca] phdr loads=2 memsz=1955 pad=4121 budget=6076 manifest max_mem=262144
I (211169) ELF: ELF loader version: 1.3.3
I (211170) ELF: elf->entry=0x4206134c
[poca-load] entry sym frame_plugin_entry vaddr=0x0000029c mapped=0x3c06134c exec=0x4206134c delta=0x06000000
[poca-load] query fn ptr=0x4206134c
[poca-load] table ptr=0x3c0613a0 struct_size=36 abi=1.1
[poca-load] prepare()=0 OK
[poca-load] GLOB_DAT host_sentinel=0x4200d77c expected=0x4200d77c MATCH
[poca-load] text [0x3c061288 .. +0xd3) data [0x3c061360 .. +0x64) bss 0x408 rodata 0x40 drlro 0x24
[poca-load] psram free after=8382496 consumed=3424
[poca-load] PASS
poca>  
--- poca> poca activate
poca activate
[poca-activate] globdat activate fn ptr=0x420612d0
[poca-activate] returned=0x4bec22f0 expected=0x4bec22f0
[poca-activate] MAGIC MATCH
[poca-activate] PASS
poca>  
--- poca> poca unload
poca unload
[poca-unload] psram free after=8385920 (before-load=8385920 delta=+0)
[poca-unload] PASS
poca>  
--- poca> poca verify plt
poca verify plt
[poca-verify] plt size=2164 sha256=112bd8926837ddaef2954b31351633e10f54f0659f2577153b674b80c2db5adf
[poca] mpb digest MATCH
[poca] view name=plt version=1.0.0 epoch=1 key_id=e5677a1c abi=1.0 iram=0B max_mem=262144B payloads=1
[poca] view payload[0] span offset=200 length=1892
[poca] phdr loads=2 memsz=2007 pad=4129 budget=6136 manifest max_mem=262144
[poca-verify] PASS
poca>  
--- poca> poca load plt
poca load plt
[poca-load] begin plt (entry_queries=14)
[poca-load] psram free before=8385920
[poca-load] mpb size=2164 sha256=112bd8926837ddaef2954b31351633e10f54f0659f2577153b674b80c2db5adf
[poca] mpb digest MATCH
[poca] view name=plt version=1.0.0 epoch=1 key_id=e5677a1c abi=1.0 iram=0B max_mem=262144B payloads=1
[poca] view payload[0] span offset=200 length=1892
[poca] phdr loads=2 memsz=2007 pad=4129 budget=6136 manifest max_mem=262144
I (217574) ELF: ELF loader version: 1.3.3
I (217575) ELF: elf->entry=0x420613e4
[poca-load] entry sym frame_plugin_entry vaddr=0x000002bc mapped=0x3c0613e4 exec=0x420613e4 delta=0x06000000
[poca-load] query fn ptr=0x420613e4
[poca-load] table ptr=0x3c061438 struct_size=36 abi=1.1
[poca-load] prepare()=0 OK
[poca-load] GLOB_DAT host_add=0x42033824 expected=0x42033824 MATCH
[poca-load] text [0x3c061308 .. +0xeb) data [0x3c0613f8 .. +0x64) bss 0x404 rodata 0x40 drlro 0x24
[poca-load] psram free after=8382344 consumed=3576
[poca-load] PASS
poca>  
--- poca> poca activate
poca activate
[poca-activate] plt activate fn ptr=0x42061358
[poca-activate] returned=0xf027ea65 expected=0xf027ea65
[poca-activate] MAGIC MATCH
[poca-activate] PASS
poca>  
--- poca> poca unload
poca unload
[poca-unload] psram free after=8385920 (before-load=8385920 delta=+0)
[poca-unload] PASS
poca>  
--- poca> poca status
poca status
elf_loader: vendored espressif 1.3.3 @6526c5b1 (esp-iot-solution)
  ELF_LOADER=y LOAD_PSRAM=y CACHE_OFFSET=y SET_MMU=n DLSO=n
  esp_elf_t state size: 92 bytes
  loader entries: esp_elf_init=0x42011698 esp_elf_relocate=0x420116d4
  registered host imports: poca_host_sentinel poca_host_add
  entry queries so far: 15 (execution canary)
heap internal  size=    427535 free=    376431 largest=    286720 min_ever=    368555
heap psram     size=   8386280 free=   8385920 largest=   8257536 min_ever=   8380692
poca>  
--- poca> poca load import_neg
poca load import_neg
[poca-load] begin import_neg (entry_queries=15)
[poca-load] psram free before=8385920
[poca-load] mpb size=1784 sha256=1e4d91fcab673eb5a3558086887cf2ddc4b424a6357fab65060abb5e4a3578a3
[poca] mpb digest MATCH
[poca] view name=import_neg version=1.0.0 epoch=1 key_id=e5677a1c abi=1.0 iram=0B max_mem=262144B payloads=1
[poca] view payload[0] span offset=208 length=1504
[poca] phdr loads=2 memsz=723 pad=4121 budget=4844 manifest max_mem=262144
I (223980) ELF: ELF loader version: 1.3.3
I (223981) ELF: elf->entry=0x420611cc
E (223981) ELF: Can't find symbol frame_unknown_symbol
[poca-load] FAIL esp_elf_relocate err=-88
[poca-load] entry_queries=15 (unchanged=yes)
[poca-load] NEGATIVE import_neg PASS (errno -88, expected -88)
poca>  
--- poca> poca load neg_r32
poca load neg_r32
[poca-load] begin neg_r32 (entry_queries=15)
[poca-load] psram free before=8385920
[poca-load] mpb size=1968 sha256=fce86557ea8a331e5b55ad3524f66b7be51127d8fec9da0f0654f77798c6571e
[poca] mpb digest MATCH
[poca] view name=neg_r32 version=1.0.0 epoch=1 key_id=e5677a1c abi=1.0 iram=0B max_mem=262144B payloads=1
[poca] view payload[0] span offset=204 length=1692
[poca] phdr loads=2 memsz=1884 pad=4120 budget=6004 manifest max_mem=262144
I (225583) ELF: ELF loader version: 1.3.3
I (225583) ELF: elf->entry=0x420612e4
E (225583) elf_arch: info=1 is not supported
E (225584) ELF: Failed to relocate type=1 offset=0x198 ret=-22
[poca-load] FAIL esp_elf_relocate err=-22
[poca-load] entry_queries=15 (unchanged=yes)
[poca-load] NEGATIVE neg_r32 PASS (errno -22, expected -22)
poca>  
--- poca> poca load neg_s0op
poca load neg_s0op
[poca-load] begin neg_s0op (entry_queries=15)
[poca-load] psram free before=8385920
[poca-load] mpb size=1972 sha256=b50829fe77dc6ea733c66ac0f2f3d0ef9bf82ddddb7c90003300fe7ba61c4f4f
[poca] mpb digest MATCH
[poca] view name=neg_s0op version=1.0.0 epoch=1 key_id=e5677a1c abi=1.0 iram=0B max_mem=262144B payloads=1
[poca] view payload[0] span offset=208 length=1692
[poca] phdr loads=2 memsz=1884 pad=4120 budget=6004 manifest max_mem=262144
I (227184) ELF: ELF loader version: 1.3.3
I (227185) ELF: elf->entry=0x420612e4
E (227185) elf_arch: info=20 is not supported
E (227185) ELF: Failed to relocate type=20 offset=0x198 ret=-22
[poca-load] FAIL esp_elf_relocate err=-22
[poca-load] entry_queries=15 (unchanged=yes)
[poca-load] NEGATIVE neg_s0op PASS (errno -22, expected -22)
poca>  
--- poca> poca load neg_phbe
poca load neg_phbe
[poca-load] begin neg_phbe (entry_queries=15)
[poca-load] psram free before=8385920
[poca-load] mpb size=1972 sha256=671bf6f7be36d7f9904ae652dad13d62f28615d12c3240907aee9eef1392dfd6
[poca] mpb digest MATCH
[poca] view name=neg_phbe version=1.0.0 epoch=1 key_id=e5677a1c abi=1.0 iram=0B max_mem=262144B payloads=1
[poca] view payload[0] span offset=208 length=1692
[poca] phdr loads=2 memsz=1884 pad=4120 budget=6004 manifest max_mem=262144
I (228786) ELF: ELF loader version: 1.3.3
E (228786) ELF: Invalid ELF image: magic/class/data/machine mismatch (class=1 data=2 machine=94)
[poca-load] FAIL esp_elf_relocate err=-22
[poca-load] entry_queries=15 (unchanged=yes)
[poca-load] NEGATIVE neg_phbe PASS (errno -22, expected -22)
poca>  
--- poca> poca load neg_ph64
poca load neg_ph64
[poca-load] begin neg_ph64 (entry_queries=15)
[poca-load] psram free before=8385920
[poca-load] mpb size=1972 sha256=ccb0b2f9be7b82928af15675c13b035eefbfae39fbc476229af5c1dae0759b7f
[poca] mpb digest MATCH
[poca] view name=neg_ph64 version=1.0.0 epoch=1 key_id=e5677a1c abi=1.0 iram=0B max_mem=262144B payloads=1
[poca] view payload[0] span offset=208 length=1692
[poca] phdr loads=2 memsz=1884 pad=4120 budget=6004 manifest max_mem=262144
I (230387) ELF: ELF loader version: 1.3.3
E (230388) ELF: Invalid ELF image: magic/class/data/machine mismatch (class=2 data=1 machine=94)
[poca-load] FAIL esp_elf_relocate err=-22
[poca-load] entry_queries=15 (unchanged=yes)
[poca-load] NEGATIVE neg_ph64 PASS (errno -22, expected -22)
poca>  
--- poca> poca load neg_phmach
poca load neg_phmach
[poca-load] begin neg_phmach (entry_queries=15)
[poca-load] psram free before=8385920
[poca-load] mpb size=1972 sha256=657e3885ba4f1ec5d5df14c3dc75fc18c2f3c6b0cdb9ac403d6796918ba0511f
[poca] mpb digest MATCH
[poca] view name=neg_phmach version=1.0.0 epoch=1 key_id=e5677a1c abi=1.0 iram=0B max_mem=262144B payloads=1
[poca] view payload[0] span offset=208 length=1692
[poca] phdr loads=2 memsz=1884 pad=4120 budget=6004 manifest max_mem=262144
I (231990) ELF: ELF loader version: 1.3.3
E (231990) ELF: Invalid ELF image: magic/class/data/machine mismatch (class=1 data=1 machine=40)
[poca-load] FAIL esp_elf_relocate err=-22
[poca-load] entry_queries=15 (unchanged=yes)
[poca-load] NEGATIVE neg_phmach PASS (errno -22, expected -22)
poca>  
--- poca> poca load neg_phspan
poca load neg_phspan
[poca-load] begin neg_phspan (entry_queries=15)
[poca-load] psram free before=8385920
[poca-load] mpb size=1972 sha256=fecf67199c1f00375ae55b8cb6ccfcfe453b425ec9a24cbf005a8ce8aba677d2
[poca] mpb digest MATCH
[poca] view name=neg_phspan version=1.0.0 epoch=1 key_id=e5677a1c abi=1.0 iram=0B max_mem=262144B payloads=1
[poca] view payload[0] span offset=208 length=1692
[poca] phdr loads=2 memsz=15729844 pad=0 budget=15729844 manifest max_mem=262144
[poca-load] NEGATIVE neg_phspan PASS (phdr admission rejected before load)
[poca-load] entry_queries=15 (unchanged=yes)
poca>  
--- poca> poca load cxx_ctor
poca load cxx_ctor
[poca-load] begin cxx_ctor (entry_queries=15)
[poca-load] psram free before=8385920
[poca-load] mpb size=3456 sha256=bb1d19a85614f895f30d055edeec48ab97fa0092c4821d84505412bd4939abc8
[poca] mpb digest MATCH
[poca] view name=cxx_ctor version=1.0.0 epoch=1 key_id=e5677a1c abi=1.0 iram=0B max_mem=262144B payloads=1
[poca] view payload[0] span offset=208 length=3176
[poca] phdr loads=2 memsz=1920 pad=4096 budget=6016 manifest max_mem=262144
I (235195) ELF: ELF loader version: 1.3.3
E (235195) ELF: Forbidden C++ feature section '.ctors' (appendix C 11.2); rejecting image before load
[poca-load] FAIL esp_elf_relocate err=-22
[poca-load] entry_queries=15 (unchanged=yes)
[poca-load] NEGATIVE cxx_ctor PASS (errno -22, expected -22)
poca>  
--- poca> poca load cxx_tls
poca load cxx_tls
[poca-load] begin cxx_tls (entry_queries=15)
[poca-load] psram free before=8385920
[poca-load] mpb size=3708 sha256=0d4c957670520ba6d57c8ed72157a28bd55a77d7594f572d51e5797b89a5cb94
[poca] mpb digest MATCH
[poca] view name=cxx_tls version=1.0.0 epoch=1 key_id=e5677a1c abi=1.0 iram=0B max_mem=262144B payloads=1
[poca] view payload[0] span offset=204 length=3432
[poca] phdr loads=2 memsz=2072 pad=4096 budget=6168 manifest max_mem=262144
I (236796) ELF: ELF loader version: 1.3.3
E (236796) ELF: Forbidden C++ feature section '.tdata' (appendix C 11.2); rejecting image before load
[poca-load] FAIL esp_elf_relocate err=-22
[poca-load] entry_queries=15 (unchanged=yes)
[poca-load] NEGATIVE cxx_tls PASS (errno -22, expected -22)
poca>  
--- poca> poca load neg_tls_nosect
poca load neg_tls_nosect
[poca-load] begin neg_tls_nosect (entry_queries=15)
[poca-load] psram free before=8385920
[poca-load] mpb size=3716 sha256=abcdd69648a15a60620bb9efd5f17cb55998ddf499dd7ff6a2a72b9dfab03f71
[poca] mpb digest MATCH
[poca] view name=neg_tls_nosect version=1.0.0 epoch=1 key_id=e5677a1c abi=1.0 iram=0B max_mem=262144B payloads=1
[poca] view payload[0] span offset=212 length=3432
[poca] phdr loads=2 memsz=2072 pad=4096 budget=6168 manifest max_mem=262144
I (238398) ELF: ELF loader version: 1.3.3
I (238399) ELF: elf->entry=0x42061a50
E (238399) elf_arch: info=51 is not supported
E (238400) ELF: Failed to relocate type=51 offset=0x1f8 ret=-22
[poca-load] FAIL esp_elf_relocate err=-22
[poca-load] entry_queries=15 (unchanged=yes)
[poca-load] NEGATIVE neg_tls_nosect PASS (errno -22, expected -22)
poca>  
--- poca> poca status
poca status
elf_loader: vendored espressif 1.3.3 @6526c5b1 (esp-iot-solution)
  ELF_LOADER=y LOAD_PSRAM=y CACHE_OFFSET=y SET_MMU=n DLSO=n
  esp_elf_t state size: 92 bytes
  loader entries: esp_elf_init=0x42011698 esp_elf_relocate=0x420116d4
  registered host imports: poca_host_sentinel poca_host_add
  entry queries so far: 15 (execution canary)
heap internal  size=    427535 free=    376431 largest=    286720 min_ever=    368555
heap psram     size=   8386280 free=   8385920 largest=   8257536 min_ever=   8380692
poca>  
--- poca> poca load baseline
poca load baseline
[poca-load] begin baseline (entry_queries=15)
[poca-load] psram free before=8385920
[poca-load] mpb size=1972 sha256=f61c2640343f95efcb82e6c20042b329b418cabdbe82fdae77e9d2abebba01ff
[poca] mpb digest MATCH
[poca] view name=baseline version=1.0.0 epoch=1 key_id=e5677a1c abi=1.0 iram=0B max_mem=262144B payloads=1
[poca] view payload[0] span offset=208 length=1692
[poca] phdr loads=2 memsz=1884 pad=4120 budget=6004 manifest max_mem=262144
I (241601) ELF: ELF loader version: 1.3.3
I (241601) ELF: elf->entry=0x420612e4
[poca-load] entry sym frame_plugin_entry vaddr=0x00000234 mapped=0x3c0612e4 exec=0x420612e4 delta=0x06000000
[poca-load] query fn ptr=0x420612e4
[poca-load] table ptr=0x3c06135c struct_size=36 abi=1.1
[poca-load] prepare()=0 OK
[poca-load] text [0x3c061248 .. +0xd0) data [0x3c06131c .. +0x64) bss 0x404 rodata 0x40 drlro 0x24
[poca-load] psram free after=8382564 consumed=3356
[poca-load] PASS
poca>  
--- poca> poca activate
poca activate
[poca-activate] baseline activate fn ptr=0x420612d0
[poca-activate] returned=0x1501e22e expected=0x1501e22e
[poca-activate] MAGIC MATCH
[poca-activate] PASS
poca>  
--- poca> poca unload
poca unload
[poca-unload] psram free after=8385920 (before-load=8385920 delta=+0)
[poca-unload] PASS
poca>  

MATRIX PASS (positives=3, negatives=10, canary=15 unchanged across all negatives, canary_start=12)
--- matrix run 5 (final confirmation) ---
--- poca> poca status
poca status
elf_loader: vendored espressif 1.3.3 @6526c5b1 (esp-iot-solution)
  ELF_LOADER=y LOAD_PSRAM=y CACHE_OFFSET=y SET_MMU=n DLSO=n
  esp_elf_t state size: 92 bytes
  loader entries: esp_elf_init=0x42011698 esp_elf_relocate=0x420116d4
  registered host imports: poca_host_sentinel poca_host_add
  entry queries so far: 16 (execution canary)
heap internal  size=    427535 free=    376435 largest=    286720 min_ever=    368555
heap psram     size=   8386280 free=   8385920 largest=   8257536 min_ever=   8380692
poca>  
--- poca> poca status
poca status
elf_loader: vendored espressif 1.3.3 @6526c5b1 (esp-iot-solution)
  ELF_LOADER=y LOAD_PSRAM=y CACHE_OFFSET=y SET_MMU=n DLSO=n
  esp_elf_t state size: 92 bytes
  loader entries: esp_elf_init=0x42011698 esp_elf_relocate=0x420116d4
  registered host imports: poca_host_sentinel poca_host_add
  entry queries so far: 16 (execution canary)
heap internal  size=    427535 free=    376435 largest=    286720 min_ever=    368555
heap psram     size=   8386280 free=   8385920 largest=   8257536 min_ever=   8380692
poca>  
--- poca> poca verify baseline
poca verify baseline
[poca-verify] baseline size=1972 sha256=f61c2640343f95efcb82e6c20042b329b418cabdbe82fdae77e9d2abebba01ff
[poca] mpb digest MATCH
[poca] view name=baseline version=1.0.0 epoch=1 key_id=e5677a1c abi=1.0 iram=0B max_mem=262144B payloads=1
[poca] view payload[0] span offset=208 length=1692
[poca] phdr loads=2 memsz=1884 pad=4120 budget=6004 manifest max_mem=262144
[poca-verify] PASS
poca>  
--- poca> poca load baseline
poca load baseline
[poca-load] begin baseline (entry_queries=16)
[poca-load] psram free before=8385920
[poca-load] mpb size=1972 sha256=f61c2640343f95efcb82e6c20042b329b418cabdbe82fdae77e9d2abebba01ff
[poca] mpb digest MATCH
[poca] view name=baseline version=1.0.0 epoch=1 key_id=e5677a1c abi=1.0 iram=0B max_mem=262144B payloads=1
[poca] view payload[0] span offset=208 length=1692
[poca] phdr loads=2 memsz=1884 pad=4120 budget=6004 manifest max_mem=262144
I (285169) ELF: ELF loader version: 1.3.3
I (285170) ELF: elf->entry=0x420612e4
[poca-load] entry sym frame_plugin_entry vaddr=0x00000234 mapped=0x3c0612e4 exec=0x420612e4 delta=0x06000000
[poca-load] query fn ptr=0x420612e4
[poca-load] table ptr=0x3c06135c struct_size=36 abi=1.1
[poca-load] prepare()=0 OK
[poca-load] text [0x3c061248 .. +0xd0) data [0x3c06131c .. +0x64) bss 0x404 rodata 0x40 drlro 0x24
[poca-load] psram free after=8382564 consumed=3356
[poca-load] PASS
poca>  
--- poca> poca activate
poca activate
[poca-activate] baseline activate fn ptr=0x420612d0
[poca-activate] returned=0x1501e22e expected=0x1501e22e
[poca-activate] MAGIC MATCH
[poca-activate] PASS
poca>  
--- poca> poca unload
poca unload
[poca-unload] psram free after=8385920 (before-load=8385920 delta=+0)
[poca-unload] PASS
poca>  
--- poca> poca verify globdat
poca verify globdat
[poca-verify] globdat size=2036 sha256=28b030bcd3f63ba399b897dda0615ed5574d3bf1f18d62fc2b8a8188365d48b7
[poca] mpb digest MATCH
[poca] view name=globdat version=1.0.0 epoch=1 key_id=e5677a1c abi=1.0 iram=0B max_mem=262144B payloads=1
[poca] view payload[0] span offset=204 length=1760
[poca] phdr loads=2 memsz=1955 pad=4121 budget=6076 manifest max_mem=262144
[poca-verify] PASS
poca>  
--- poca> poca load globdat
poca load globdat
[poca-load] begin globdat (entry_queries=17)
[poca-load] psram free before=8385920
[poca-load] mpb size=2036 sha256=28b030bcd3f63ba399b897dda0615ed5574d3bf1f18d62fc2b8a8188365d48b7
[poca] mpb digest MATCH
[poca] view name=globdat version=1.0.0 epoch=1 key_id=e5677a1c abi=1.0 iram=0B max_mem=262144B payloads=1
[poca] view payload[0] span offset=204 length=1760
[poca] phdr loads=2 memsz=1955 pad=4121 budget=6076 manifest max_mem=262144
I (291575) ELF: ELF loader version: 1.3.3
I (291576) ELF: elf->entry=0x4206134c
[poca-load] entry sym frame_plugin_entry vaddr=0x0000029c mapped=0x3c06134c exec=0x4206134c delta=0x06000000
[poca-load] query fn ptr=0x4206134c
[poca-load] table ptr=0x3c0613a0 struct_size=36 abi=1.1
[poca-load] prepare()=0 OK
[poca-load] GLOB_DAT host_sentinel=0x4200d77c expected=0x4200d77c MATCH
[poca-load] text [0x3c061288 .. +0xd3) data [0x3c061360 .. +0x64) bss 0x408 rodata 0x40 drlro 0x24
[poca-load] psram free after=8382496 consumed=3424
[poca-load] PASS
poca>  
--- poca> poca activate
poca activate
[poca-activate] globdat activate fn ptr=0x420612d0
[poca-activate] returned=0x4bec22f0 expected=0x4bec22f0
[poca-activate] MAGIC MATCH
[poca-activate] PASS
poca>  
--- poca> poca unload
poca unload
[poca-unload] psram free after=8385920 (before-load=8385920 delta=+0)
[poca-unload] PASS
poca>  
--- poca> poca verify plt
poca verify plt
[poca-verify] plt size=2164 sha256=112bd8926837ddaef2954b31351633e10f54f0659f2577153b674b80c2db5adf
[poca] mpb digest MATCH
[poca] view name=plt version=1.0.0 epoch=1 key_id=e5677a1c abi=1.0 iram=0B max_mem=262144B payloads=1
[poca] view payload[0] span offset=200 length=1892
[poca] phdr loads=2 memsz=2007 pad=4129 budget=6136 manifest max_mem=262144
[poca-verify] PASS
poca>  
--- poca> poca load plt
poca load plt
[poca-load] begin plt (entry_queries=18)
[poca-load] psram free before=8385920
[poca-load] mpb size=2164 sha256=112bd8926837ddaef2954b31351633e10f54f0659f2577153b674b80c2db5adf
[poca] mpb digest MATCH
[poca] view name=plt version=1.0.0 epoch=1 key_id=e5677a1c abi=1.0 iram=0B max_mem=262144B payloads=1
[poca] view payload[0] span offset=200 length=1892
[poca] phdr loads=2 memsz=2007 pad=4129 budget=6136 manifest max_mem=262144
I (297981) ELF: ELF loader version: 1.3.3
I (297982) ELF: elf->entry=0x420613e4
[poca-load] entry sym frame_plugin_entry vaddr=0x000002bc mapped=0x3c0613e4 exec=0x420613e4 delta=0x06000000
[poca-load] query fn ptr=0x420613e4
[poca-load] table ptr=0x3c061438 struct_size=36 abi=1.1
[poca-load] prepare()=0 OK
[poca-load] GLOB_DAT host_add=0x42033824 expected=0x42033824 MATCH
[poca-load] text [0x3c061308 .. +0xeb) data [0x3c0613f8 .. +0x64) bss 0x404 rodata 0x40 drlro 0x24
[poca-load] psram free after=8382344 consumed=3576
[poca-load] PASS
poca>  
--- poca> poca activate
poca activate
[poca-activate] plt activate fn ptr=0x42061358
[poca-activate] returned=0xf027ea65 expected=0xf027ea65
[poca-activate] MAGIC MATCH
[poca-activate] PASS
poca>  
--- poca> poca unload
poca unload
[poca-unload] psram free after=8385920 (before-load=8385920 delta=+0)
[poca-unload] PASS
poca>  
--- poca> poca status
poca status
elf_loader: vendored espressif 1.3.3 @6526c5b1 (esp-iot-solution)
  ELF_LOADER=y LOAD_PSRAM=y CACHE_OFFSET=y SET_MMU=n DLSO=n
  esp_elf_t state size: 92 bytes
  loader entries: esp_elf_init=0x42011698 esp_elf_relocate=0x420116d4
  registered host imports: poca_host_sentinel poca_host_add
  entry queries so far: 19 (execution canary)
heap internal  size=    427535 free=    376439 largest=    286720 min_ever=    368555
heap psram     size=   8386280 free=   8385920 largest=   8257536 min_ever=   8380692
poca>  
--- poca> poca load import_neg
poca load import_neg
[poca-load] begin import_neg (entry_queries=19)
[poca-load] psram free before=8385920
[poca-load] mpb size=1784 sha256=1e4d91fcab673eb5a3558086887cf2ddc4b424a6357fab65060abb5e4a3578a3
[poca] mpb digest MATCH
[poca] view name=import_neg version=1.0.0 epoch=1 key_id=e5677a1c abi=1.0 iram=0B max_mem=262144B payloads=1
[poca] view payload[0] span offset=208 length=1504
[poca] phdr loads=2 memsz=723 pad=4121 budget=4844 manifest max_mem=262144
I (304387) ELF: ELF loader version: 1.3.3
I (304387) ELF: elf->entry=0x420611cc
E (304388) ELF: Can't find symbol frame_unknown_symbol
[poca-load] FAIL esp_elf_relocate err=-88
[poca-load] entry_queries=19 (unchanged=yes)
[poca-load] NEGATIVE import_neg PASS (errno -88, expected -88)
poca>  
--- poca> poca load neg_r32
poca load neg_r32
[poca-load] begin neg_r32 (entry_queries=19)
[poca-load] psram free before=8385920
[poca-load] mpb size=1968 sha256=fce86557ea8a331e5b55ad3524f66b7be51127d8fec9da0f0654f77798c6571e
[poca] mpb digest MATCH
[poca] view name=neg_r32 version=1.0.0 epoch=1 key_id=e5677a1c abi=1.0 iram=0B max_mem=262144B payloads=1
[poca] view payload[0] span offset=204 length=1692
[poca] phdr loads=2 memsz=1884 pad=4120 budget=6004 manifest max_mem=262144
I (305990) ELF: ELF loader version: 1.3.3
I (305990) ELF: elf->entry=0x420612e4
E (305991) elf_arch: info=1 is not supported
E (305991) ELF: Failed to relocate type=1 offset=0x198 ret=-22
[poca-load] FAIL esp_elf_relocate err=-22
[poca-load] entry_queries=19 (unchanged=yes)
[poca-load] NEGATIVE neg_r32 PASS (errno -22, expected -22)
poca>  
--- poca> poca load neg_s0op
poca load neg_s0op
[poca-load] begin neg_s0op (entry_queries=19)
[poca-load] psram free before=8385920
[poca-load] mpb size=1972 sha256=b50829fe77dc6ea733c66ac0f2f3d0ef9bf82ddddb7c90003300fe7ba61c4f4f
[poca] mpb digest MATCH
[poca] view name=neg_s0op version=1.0.0 epoch=1 key_id=e5677a1c abi=1.0 iram=0B max_mem=262144B payloads=1
[poca] view payload[0] span offset=208 length=1692
[poca] phdr loads=2 memsz=1884 pad=4120 budget=6004 manifest max_mem=262144
I (307591) ELF: ELF loader version: 1.3.3
I (307592) ELF: elf->entry=0x420612e4
E (307592) elf_arch: info=20 is not supported
E (307593) ELF: Failed to relocate type=20 offset=0x198 ret=-22
[poca-load] FAIL esp_elf_relocate err=-22
[poca-load] entry_queries=19 (unchanged=yes)
[poca-load] NEGATIVE neg_s0op PASS (errno -22, expected -22)
poca>  
--- poca> poca load neg_phbe
poca load neg_phbe
[poca-load] begin neg_phbe (entry_queries=19)
[poca-load] psram free before=8385920
[poca-load] mpb size=1972 sha256=671bf6f7be36d7f9904ae652dad13d62f28615d12c3240907aee9eef1392dfd6
[poca] mpb digest MATCH
[poca] view name=neg_phbe version=1.0.0 epoch=1 key_id=e5677a1c abi=1.0 iram=0B max_mem=262144B payloads=1
[poca] view payload[0] span offset=208 length=1692
[poca] phdr loads=2 memsz=1884 pad=4120 budget=6004 manifest max_mem=262144
I (309193) ELF: ELF loader version: 1.3.3
E (309193) ELF: Invalid ELF image: magic/class/data/machine mismatch (class=1 data=2 machine=94)
[poca-load] FAIL esp_elf_relocate err=-22
[poca-load] entry_queries=19 (unchanged=yes)
[poca-load] NEGATIVE neg_phbe PASS (errno -22, expected -22)
poca>  
--- poca> poca load neg_ph64
poca load neg_ph64
[poca-load] begin neg_ph64 (entry_queries=19)
[poca-load] psram free before=8385920
[poca-load] mpb size=1972 sha256=ccb0b2f9be7b82928af15675c13b035eefbfae39fbc476229af5c1dae0759b7f
[poca] mpb digest MATCH
[poca] view name=neg_ph64 version=1.0.0 epoch=1 key_id=e5677a1c abi=1.0 iram=0B max_mem=262144B payloads=1
[poca] view payload[0] span offset=208 length=1692
[poca] phdr loads=2 memsz=1884 pad=4120 budget=6004 manifest max_mem=262144
I (310793) ELF: ELF loader version: 1.3.3
E (310794) ELF: Invalid ELF image: magic/class/data/machine mismatch (class=2 data=1 machine=94)
[poca-load] FAIL esp_elf_relocate err=-22
[poca-load] entry_queries=19 (unchanged=yes)
[poca-load] NEGATIVE neg_ph64 PASS (errno -22, expected -22)
poca>  
--- poca> poca load neg_phmach
poca load neg_phmach
[poca-load] begin neg_phmach (entry_queries=19)
[poca-load] psram free before=8385920
[poca-load] mpb size=1972 sha256=657e3885ba4f1ec5d5df14c3dc75fc18c2f3c6b0cdb9ac403d6796918ba0511f
[poca] mpb digest MATCH
[poca] view name=neg_phmach version=1.0.0 epoch=1 key_id=e5677a1c abi=1.0 iram=0B max_mem=262144B payloads=1
[poca] view payload[0] span offset=208 length=1692
[poca] phdr loads=2 memsz=1884 pad=4120 budget=6004 manifest max_mem=262144
I (312395) ELF: ELF loader version: 1.3.3
E (312395) ELF: Invalid ELF image: magic/class/data/machine mismatch (class=1 data=1 machine=40)
[poca-load] FAIL esp_elf_relocate err=-22
[poca-load] entry_queries=19 (unchanged=yes)
[poca-load] NEGATIVE neg_phmach PASS (errno -22, expected -22)
poca>  
--- poca> poca load neg_phspan
poca load neg_phspan
[poca-load] begin neg_phspan (entry_queries=19)
[poca-load] psram free before=8385920
[poca-load] mpb size=1972 sha256=fecf67199c1f00375ae55b8cb6ccfcfe453b425ec9a24cbf005a8ce8aba677d2
[poca] mpb digest MATCH
[poca] view name=neg_phspan version=1.0.0 epoch=1 key_id=e5677a1c abi=1.0 iram=0B max_mem=262144B payloads=1
[poca] view payload[0] span offset=208 length=1692
[poca] phdr loads=2 memsz=15729844 pad=0 budget=15729844 manifest max_mem=262144
[poca-load] NEGATIVE neg_phspan PASS (phdr admission rejected before load)
[poca-load] entry_queries=19 (unchanged=yes)
poca>  
--- poca> poca load cxx_ctor
poca load cxx_ctor
[poca-load] begin cxx_ctor (entry_queries=19)
[poca-load] psram free before=8385920
[poca-load] mpb size=3456 sha256=bb1d19a85614f895f30d055edeec48ab97fa0092c4821d84505412bd4939abc8
[poca] mpb digest MATCH
[poca] view name=cxx_ctor version=1.0.0 epoch=1 key_id=e5677a1c abi=1.0 iram=0B max_mem=262144B payloads=1
[poca] view payload[0] span offset=208 length=3176
[poca] phdr loads=2 memsz=1920 pad=4096 budget=6016 manifest max_mem=262144
I (315598) ELF: ELF loader version: 1.3.3
E (315598) ELF: Forbidden C++ feature section '.ctors' (appendix C 11.2); rejecting image before load
[poca-load] FAIL esp_elf_relocate err=-22
[poca-load] entry_queries=19 (unchanged=yes)
[poca-load] NEGATIVE cxx_ctor PASS (errno -22, expected -22)
poca>  
--- poca> poca load cxx_tls
poca load cxx_tls
[poca-load] begin cxx_tls (entry_queries=19)
[poca-load] psram free before=8385920
[poca-load] mpb size=3708 sha256=0d4c957670520ba6d57c8ed72157a28bd55a77d7594f572d51e5797b89a5cb94
[poca] mpb digest MATCH
[poca] view name=cxx_tls version=1.0.0 epoch=1 key_id=e5677a1c abi=1.0 iram=0B max_mem=262144B payloads=1
[poca] view payload[0] span offset=204 length=3432
[poca] phdr loads=2 memsz=2072 pad=4096 budget=6168 manifest max_mem=262144
I (317199) ELF: ELF loader version: 1.3.3
E (317199) ELF: Forbidden C++ feature section '.tdata' (appendix C 11.2); rejecting image before load
[poca-load] FAIL esp_elf_relocate err=-22
[poca-load] entry_queries=19 (unchanged=yes)
[poca-load] NEGATIVE cxx_tls PASS (errno -22, expected -22)
poca>  
--- poca> poca load neg_tls_nosect
poca load neg_tls_nosect
[poca-load] begin neg_tls_nosect (entry_queries=19)
[poca-load] psram free before=8385920
[poca-load] mpb size=3716 sha256=abcdd69648a15a60620bb9efd5f17cb55998ddf499dd7ff6a2a72b9dfab03f71
[poca] mpb digest MATCH
[poca] view name=neg_tls_nosect version=1.0.0 epoch=1 key_id=e5677a1c abi=1.0 iram=0B max_mem=262144B payloads=1
[poca] view payload[0] span offset=212 length=3432
[poca] phdr loads=2 memsz=2072 pad=4096 budget=6168 manifest max_mem=262144
I (318801) ELF: ELF loader version: 1.3.3
I (318802) ELF: elf->entry=0x42061a50
E (318802) elf_arch: info=51 is not supported
E (318803) ELF: Failed to relocate type=51 offset=0x1f8 ret=-22
[poca-load] FAIL esp_elf_relocate err=-22
[poca-load] entry_queries=19 (unchanged=yes)
[poca-load] NEGATIVE neg_tls_nosect PASS (errno -22, expected -22)
poca>  
--- poca> poca status
poca status
elf_loader: vendored espressif 1.3.3 @6526c5b1 (esp-iot-solution)
  ELF_LOADER=y LOAD_PSRAM=y CACHE_OFFSET=y SET_MMU=n DLSO=n
  esp_elf_t state size: 92 bytes
  loader entries: esp_elf_init=0x42011698 esp_elf_relocate=0x420116d4
  registered host imports: poca_host_sentinel poca_host_add
  entry queries so far: 19 (execution canary)
heap internal  size=    427535 free=    376403 largest=    286720 min_ever=    368555
heap psram     size=   8386280 free=   8385920 largest=   8257536 min_ever=   8380692
poca>  
--- poca> poca load baseline
poca load baseline
[poca-load] begin baseline (entry_queries=19)
[poca-load] psram free before=8385920
[poca-load] mpb size=1972 sha256=f61c2640343f95efcb82e6c20042b329b418cabdbe82fdae77e9d2abebba01ff
[poca] mpb digest MATCH
[poca] view name=baseline version=1.0.0 epoch=1 key_id=e5677a1c abi=1.0 iram=0B max_mem=262144B payloads=1
[poca] view payload[0] span offset=208 length=1692
[poca] phdr loads=2 memsz=1884 pad=4120 budget=6004 manifest max_mem=262144
I (322004) ELF: ELF loader version: 1.3.3
I (322005) ELF: elf->entry=0x420612e4
[poca-load] entry sym frame_plugin_entry vaddr=0x00000234 mapped=0x3c0612e4 exec=0x420612e4 delta=0x06000000
[poca-load] query fn ptr=0x420612e4
[poca-load] table ptr=0x3c06135c struct_size=36 abi=1.1
[poca-load] prepare()=0 OK
[poca-load] text [0x3c061248 .. +0xd0) data [0x3c06131c .. +0x64) bss 0x404 rodata 0x40 drlro 0x24
[poca-load] psram free after=8382564 consumed=3356
[poca-load] PASS
poca>  
--- poca> poca activate
poca activate
[poca-activate] baseline activate fn ptr=0x420612d0
[poca-activate] returned=0x1501e22e expected=0x1501e22e
[poca-activate] MAGIC MATCH
[poca-activate] PASS
poca>  
--- poca> poca unload
poca unload
[poca-unload] psram free after=8385920 (before-load=8385920 delta=+0)
[poca-unload] PASS
poca>  

MATRIX PASS (positives=3, negatives=10, canary=19 unchanged across all negatives, canary_start=16)
--- runner-side flake disambiguation (runs 2/3, honest record) ---
run2: all 10 negative rows PASS; sole failure was absolute-canary==3 assuming
  fresh boot; RTS pulse does not reliably reset the USB-Serial-JTAG console
  (canary_start=4). Fixed by delta-canary assertion (canary_start+3).
run3: globdat load output truncated mid-stream on serial; the FOLLOW-UP
  activate returned MAGIC MATCH + unload PASS for globdat, proving the load
  itself completed - serial capture loss, not a firmware/matrix failure.
run1/4/5: complete MATRIX PASS (3 positives + 10 negatives, canary unchanged
  across all negatives). Firmware/matrix state judged on 1/4/5; 2/3 recorded.
=== phase 4: repo gates ===

100% tests passed out of 52

Total Test time (real) =  14.35 sec
--- post-format rebuild + reflash + sanity cycle ---
[1/34] [cxx-probe] compile cxx_tls.o (flags: )
[2/34] [cxx-probe] compile cxx_ctor.o (flags: )
[3/34] [cxx-probe] compile cxx_dtor.o (flags: )
[4/34] [cxx-probe] compile cxx_unwind.o (flags: -funwind-tables;-fasynchronous-unwind-tables)
[5/34] [cxx-probe] compile cxx_exceptions.o (flags: -fexceptions;-funwind-tables)
[6/34] [cxx-probe] link cxx_ctor.elf
[7/34] [cxx-probe] link cxx_dtor.elf
[8/34] [cxx-probe] link cxx_tls.elf
[9/34] [cxx-probe] link cxx_unwind.elf
[10/34] [cxx-probe] compile cxx_rtti.o (flags: -frtti)
[11/34] [cxx-probe] link cxx_exceptions.elf
[12/34] [cxx-probe] link cxx_rtti.elf
[13/34] [cxx-probe] cxx_tls: gates must REJECT (relocation allowlist violated;R_XTENSA_TLS)
-- [cxx-probe] cxx_tls: pipeline gates REJECTED the probe as required (exit 1); verbatim gate output follows
-- [cxx-probe]   cxx_tls: | CMake Error at /home/lain/Projects/esp_study/poc-a-wt/poc/apps/poc_a/plugins/check_plugin_elf.cmake:67 (message):
-- [cxx-probe]   cxx_tls: |   [poca-plugin] cxx_tls: relocation allowlist violated
-- [cxx-probe]   cxx_tls: |   (R_XTENSA_TLSDESC_ARG
-- [cxx-probe]   cxx_tls: | R_XTENSA_TLSDESC_FN)
-- [cxx-probe]   cxx_tls: |  fix the plugin link flags - the
-- [cxx-probe]   cxx_tls: |   vendored loader rejects these on target
[14/34] [cxx-probe] cxx_exceptions: gates must REJECT (forbidden C++ feature section;.eh_frame)
-- [cxx-probe] cxx_exceptions: pipeline gates REJECTED the probe as required (exit 1); verbatim gate output follows
-- [cxx-probe]   cxx_exceptions: | CMake Error at /home/lain/Projects/esp_study/poc-a-wt/poc/apps/poc_a/plugins/check_plugin_elf.cmake:107 (message):
-- [cxx-probe]   cxx_exceptions: |   [poca-plugin] cxx_exceptions: forbidden C++ feature section(s)
-- [cxx-probe]   cxx_exceptions: |   [.eh_frame;.gcc_except_table] present (appendix C 11.2/11.3: static
-- [cxx-probe]   cxx_exceptions: |   ctor/dtor, dynamic TLS and unwind metadata are default-forbidden
-- [cxx-probe]   cxx_exceptions: |  the
-- [cxx-probe]   cxx_exceptions: |   entry-point loader never runs them - loader patch p4 rejects the same list
-- [cxx-probe]   cxx_exceptions: |   on target)
[15/34] [cxx-probe] cxx_ctor: gates must REJECT (forbidden C++ feature section;.ctors)
-- [cxx-probe] cxx_ctor: pipeline gates REJECTED the probe as required (exit 1); verbatim gate output follows
-- [cxx-probe]   cxx_ctor: | CMake Error at /home/lain/Projects/esp_study/poc-a-wt/poc/apps/poc_a/plugins/check_plugin_elf.cmake:107 (message):
-- [cxx-probe]   cxx_ctor: |   [poca-plugin] cxx_ctor: forbidden C++ feature section(s) [.ctors] present
-- [cxx-probe]   cxx_ctor: |   (appendix C 11.2/11.3: static ctor/dtor, dynamic TLS and unwind metadata
-- [cxx-probe]   cxx_ctor: |   are default-forbidden
-- [cxx-probe]   cxx_ctor: |  the entry-point loader never runs them - loader
-- [cxx-probe]   cxx_ctor: |   patch p4 rejects the same list on target)
[16/34] [cxx-probe] cxx_unwind: gates must REJECT (forbidden C++ feature section;.eh_frame)
-- [cxx-probe] cxx_unwind: pipeline gates REJECTED the probe as required (exit 1); verbatim gate output follows
-- [cxx-probe]   cxx_unwind: | CMake Error at /home/lain/Projects/esp_study/poc-a-wt/poc/apps/poc_a/plugins/check_plugin_elf.cmake:107 (message):
-- [cxx-probe]   cxx_unwind: |   [poca-plugin] cxx_unwind: forbidden C++ feature section(s) [.eh_frame]
-- [cxx-probe]   cxx_unwind: |   present (appendix C 11.2/11.3: static ctor/dtor, dynamic TLS and unwind
-- [cxx-probe]   cxx_unwind: |   metadata are default-forbidden
-- [cxx-probe]   cxx_unwind: |  the entry-point loader never runs them -
-- [cxx-probe]   cxx_unwind: |   loader patch p4 rejects the same list on target)
[17/34] [cxx-probe] cxx_dtor: gates must REJECT (forbidden C++ feature section;.dtors)
-- [cxx-probe] cxx_dtor: pipeline gates REJECTED the probe as required (exit 1); verbatim gate output follows
-- [cxx-probe]   cxx_dtor: | CMake Error at /home/lain/Projects/esp_study/poc-a-wt/poc/apps/poc_a/plugins/check_plugin_elf.cmake:107 (message):
-- [cxx-probe]   cxx_dtor: |   [poca-plugin] cxx_dtor: forbidden C++ feature section(s) [.dtors] present
-- [cxx-probe]   cxx_dtor: |   (appendix C 11.2/11.3: static ctor/dtor, dynamic TLS and unwind metadata
-- [cxx-probe]   cxx_dtor: |   are default-forbidden
-- [cxx-probe]   cxx_dtor: |  the entry-point loader never runs them - loader
-- [cxx-probe]   cxx_dtor: |   patch p4 rejects the same list on target)
[18/34] [cxx-probe] cxx_rtti: gates must REJECT (import gate failed;__dynamic_cast)
-- [cxx-probe] cxx_rtti: pipeline gates REJECTED the probe as required (exit 1); verbatim gate output follows
-- [cxx-probe]   cxx_rtti: | CMake Error at /home/lain/Projects/esp_study/poc-a-wt/poc/apps/poc_a/plugins/check_plugin_elf.cmake:140 (message):
-- [cxx-probe]   cxx_rtti: |   [poca-plugin] cxx_rtti: import gate failed, undeclared undefined symbols:
-- [cxx-probe]   cxx_rtti: |   __dynamic_cast
-- [cxx-probe]   cxx_rtti: | _ZdlPvj
-- [cxx-probe]   cxx_rtti: | _ZTVN10__cxxabiv117__class_type_infoE
-- [cxx-probe]   cxx_rtti: | _ZTVN10__cxxabiv120__si_class_type_infoE
-- [cxx-probe]   cxx_rtti: |   (declared: )
[19/34] Performing build step for 'bootloader'
[1/1] cd /home/lain/Projects/esp_study/poc-a-wt/poc/apps/poc_a/build/default/bootloader && python /home/lain/.espressif/v6.0.2/esp-idf/components/partition_table/check_sizes.py --offset 0x8000 bootloader 0x0 /home/lain/Projects/esp_study/poc-a-wt/poc/apps/poc_a/build/default/bootloader/bootloader.bin
Bootloader binary size 0x5800 bytes. 0x2800 bytes (31%) free.
[20/34] No install step for 'bootloader'
[21/34] Completed 'bootloader'
[22/34] [cxx-corpus] hostile-signed probe containers (cxx_ctor/cxx_tls/neg_tls_nosect)
[cxx-corpus] cxx_ctor (probe ELF, .ctors present)
[cxx-corpus] cxx_ctor.mpb size=3456 sha256=bb1d19a85614f895f30d055edeec48ab97fa0092c4821d84505412bd4939abc8 (elf sha256=f62429c4f81024bbdeeb239f7cf38f79ad7bb82f234b6ea3584f2eb5edb0d33c)
[cxx-corpus] cxx_tls (probe ELF, .tdata/.tbss + TLSDESC relocs)
[cxx-corpus] cxx_tls.mpb size=3708 sha256=0d4c957670520ba6d57c8ed72157a28bd55a77d7594f572d51e5797b89a5cb94 (elf sha256=9e3842fe937f477cdd45d5ada96e5ca10e1a2198ca10eec23d368f67d43046c6)
[cxx-corpus] neg_tls_nosect (TLS sections renamed; p1-only row)
  .shstrtab@0x09ca: '.tdata' -> '.xdata'
  .shstrtab@0x09d1: '.tbss' -> '.xbss'
[cxx-corpus] neg_tls_nosect.mpb size=3716 sha256=abcdd69648a15a60620bb9efd5f17cb55998ddf499dd7ff6a2a72b9dfab03f71 (elf sha256=dc4ff823310ea5d7554600b5b5a0d9c236e147da3a1388766cd8d7ddcbd745f0)
[23/34] Generating ../../cxx_ctor.mpb.S
[24/34] Generating ../../cxx_tls.mpb.S
[25/34] Generating ../../neg_tls_nosect.mpb.S
[26/34] Building ASM object esp-idf/main/CMakeFiles/__idf_main.dir/__/__/neg_tls_nosect.mpb.S.obj
[27/34] Building ASM object esp-idf/main/CMakeFiles/__idf_main.dir/__/__/cxx_ctor.mpb.S.obj
[28/34] Building ASM object esp-idf/main/CMakeFiles/__idf_main.dir/__/__/cxx_tls.mpb.S.obj
[29/34] Building CXX object esp-idf/main/CMakeFiles/__idf_main.dir/poca_plugin.cc.obj
[30/34] Linking C static library esp-idf/main/libmain.a
[31/34] Generating esp-idf/esp_system/ld/sections.ld
NOTE: 
/home/lain/.espressif/v6.0.2/esp-idf/components/bt/host/nimble/Kconfig.in:1421: 
BT_NIMBLE_MESH_PROVISIONER: 'default 0' is not a valid bool value (only 'y' and 
'n' are allowed). Value is treated as 'n'.
NOTE: /home/lain/.espressif/v6.0.2/esp-idf/components/fatfs/Kconfig:230: 
FATFS_PRINT_LLI: 'default 0' is not a valid bool value (only 'y' and 'n' are 
allowed). Value is treated as 'n'.
NOTE: /home/lain/.espressif/v6.0.2/esp-idf/components/fatfs/Kconfig:235: 
FATFS_PRINT_FLOAT: 'default 0' is not a valid bool value (only 'y' and 'n' are 
allowed). Value is treated as 'n'.
[32/34] Linking CXX executable frame_poc_a.elf
[33/34] Generating binary image from built executable
esptool v5.3.1
Creating ESP32-S3 image...
Merged 3 ELF sections.
Successfully created ESP32-S3 image.
Generated /home/lain/Projects/esp_study/poc-a-wt/poc/apps/poc_a/build/default/frame_poc_a.bin
[34/34] cd /home/lain/Projects/esp_study/poc-a-wt/poc/apps/poc_a/build/default && python /home/lain/.espressif/v6.0.2/esp-idf/components/partition_table/check_sizes.py --offset 0x8000 partition --type app /home/lain/Projects/esp_study/poc-a-wt/poc/apps/poc_a/build/default/partition_table/partition-table.bin /home/lain/Projects/esp_study/poc-a-wt/poc/apps/poc_a/build/default/frame_poc_a.bin
frame_poc_a.bin binary size 0x65990 bytes. Smallest app partition is 0x100000 bytes. 0x9a670 bytes (60%) free.
BUILD_RC=0
FLASH ok
--- final on-board sanity (post-format firmware, run 6) ---
--- poca> poca status
poca status
elf_loader: vendored espressif 1.3.3 @6526c5b1 (esp-iot-solution)
  ELF_LOADER=y LOAD_PSRAM=y CACHE_OFFSET=y SET_MMU=n DLSO=n
  esp_elf_t state size: 92 bytes
  loader entries: esp_elf_init=0x42011698 esp_elf_relocate=0x420116d4
  registered host imports: poca_host_sentinel poca_host_add
  entry queries so far: 0 (execution canary)
heap internal  size=    427695 free=    378395 largest=    286720 min_ever=    374191
heap psram     size=   8386280 free=   8385920 largest=   8257536 min_ever=   8385920
poca>  
--- poca> poca status
poca status
elf_loader: vendored espressif 1.3.3 @6526c5b1 (esp-iot-solution)
  ELF_LOADER=y LOAD_PSRAM=y CACHE_OFFSET=y SET_MMU=n DLSO=n
  esp_elf_t state size: 92 bytes
  loader entries: esp_elf_init=0x42011698 esp_elf_relocate=0x420116d4
  registered host imports: poca_host_sentinel poca_host_add
  entry queries so far: 0 (execution canary)
heap internal  size=    427695 free=    378395 largest=    286720 min_ever=    374191
heap psram     size=   8386280 free=   8385920 largest=   8257536 min_ever=   8385920
poca>  
--- poca> poca verify baseline
poca verify baseline
[poca-verify] baseline size=1972 sha256=f61c2640343f95efcb82e6c20042b329b418cabdbe82fdae77e9d2abebba01ff
[poca] mpb digest MATCH
[poca] view name=baseline version=1.0.0 epoch=1 key_id=e5677a1c abi=1.0 iram=0B max_mem=262144B payloads=1
[poca] view payload[0] span offset=208 length=1692
[poca] phdr loads=2 memsz=1884 pad=4120 budget=6004 manifest max_mem=262144
[poca-verify] PASS
poca>  
--- poca> poca load baseline
poca load baseline
[poca-load] begin baseline (entry_queries=0)
[poca-load] psram free before=8385920
[poca-load] mpb size=1972 sha256=f61c2640343f95efcb82e6c20042b329b418cabdbe82fdae77e9d2abebba01ff
[poca] mpb digest MATCH
[poca] view name=baseline version=1.0.0 epoch=1 key_id=e5677a1c abi=1.0 iram=0B max_mem=262144B payloads=1
[poca] view payload[0] span offset=208 length=1692
[poca] phdr loads=2 memsz=1884 pad=4120 budget=6004 manifest max_mem=262144
I (12918) ELF: ELF loader version: 1.3.3
I (12919) ELF: elf->entry=0x420612e4
[poca-load] entry sym frame_plugin_entry vaddr=0x00000234 mapped=0x3c0612e4 exec=0x420612e4 delta=0x06000000
[poca-load] query fn ptr=0x420612e4
[poca-load] table ptr=0x3c06135c struct_size=36 abi=1.1
[poca-load] prepare()=0 OK
[poca-load] text [0x3c061248 .. +0xd0) data [0x3c06131c .. +0x64) bss 0x404 rodata 0x40 drlro 0x24
[poca-load] psram free after=8382564 consumed=3356
[poca-load] PASS
poca>  
--- poca> poca activate
poca activate
[poca-activate] baseline activate fn ptr=0x420612d0
[poca-activate] returned=0x1501e22e expected=0x1501e22e
[poca-activate] MAGIC MATCH
[poca-activate] PASS
poca>  
--- poca> poca unload
poca unload
[poca-unload] psram free after=8385920 (before-load=8385920 delta=+0)
[poca-unload] PASS
poca>  
--- poca> poca verify globdat
poca verify globdat
[poca-verify] globdat size=2036 sha256=28b030bcd3f63ba399b897dda0615ed5574d3bf1f18d62fc2b8a8188365d48b7
[poca] mpb digest MATCH
[poca] view name=globdat version=1.0.0 epoch=1 key_id=e5677a1c abi=1.0 iram=0B max_mem=262144B payloads=1
[poca] view payload[0] span offset=204 length=1760
[poca] phdr loads=2 memsz=1955 pad=4121 budget=6076 manifest max_mem=262144
[poca-verify] PASS
poca>  
--- poca> poca load globdat
poca load globdat
[poca-load] begin globdat (entry_queries=1)
[poca-load] psram free before=8385920
[poca-load] mpb size=2036 sha256=28b030bcd3f63ba399b897dda0615ed5574d3bf1f18d62fc2b8a8188365d48b7
[poca] mpb digest MATCH
[poca] view name=globdat version=1.0.0 epoch=1 key_id=e5677a1c abi=1.0 iram=0B max_mem=262144B payloads=1
[poca] view payload[0] span offset=204 length=1760
[poca] phdr loads=2 memsz=1955 pad=4121 budget=6076 manifest max_mem=262144
I (19322) ELF: ELF loader version: 1.3.3
I (19323) ELF: elf->entry=0x4206134c
[poca-load] entry sym frame_plugin_entry vaddr=0x0000029c mapped=0x3c06134c exec=0x4206134c delta=0x06000000
[poca-load] query fn ptr=0x4206134c
[poca-load] table ptr=0x3c0613a0 struct_size=36 abi=1.1
[poca-load] prepare()=0 OK
[poca-load] GLOB_DAT host_sentinel=0x4200d77c expected=0x4200d77c MATCH
[poca-load] text [0x3c061288 .. +0xd3) data [0x3c061360 .. +0x64) bss 0x408 rodata 0x40 drlro 0x24
[poca-load] psram free after=8382496 consumed=3424
[poca-load] PASS
poca>  
--- poca> poca activate
poca activate
[poca-activate] globdat activate fn ptr=0x420612d0
[poca-activate] returned=0x4bec22f0 expected=0x4bec22f0
[poca-activate] MAGIC MATCH
[poca-activate] PASS
poca>  
--- poca> poca unload
poca unload
[poca-unload] psram free after=8385920 (before-load=8385920 delta=+0)
[poca-unload] PASS
poca>  
--- poca> poca verify plt
poca verify plt
[poca-verify] plt size=2164 sha256=112bd8926837ddaef2954b31351633e10f54f0659f2577153b674b80c2db5adf
[poca] mpb digest MATCH
[poca] view name=plt version=1.0.0 epoch=1 key_id=e5677a1c abi=1.0 iram=0B max_mem=262144B payloads=1
[poca] view payload[0] span offset=200 length=1892
[poca] phdr loads=2 memsz=2007 pad=4129 budget=6136 manifest max_mem=262144
[poca-verify] PASS
poca>  
--- poca> poca load plt
poca load plt
[poca-load] begin plt (entry_queries=2)
[poca-load] psram free before=8385920
[poca-load] mpb size=2164 sha256=112bd8926837ddaef2954b31351633e10f54f0659f2577153b674b80c2db5adf
[poca] mpb digest MATCH
[poca] view name=plt version=1.0.0 epoch=1 key_id=e5677a1c abi=1.0 iram=0B max_mem=262144B payloads=1
[poca] view payload[0] span offset=200 length=1892
[poca] phdr loads=2 memsz=2007 pad=4129 budget=6136 manifest max_mem=262144
I (25728) ELF: ELF loader version: 1.3.3
I (25729) ELF: elf->entry=0x420613e4
[poca-load] entry sym frame_plugin_entry vaddr=0x000002bc mapped=0x3c0613e4 exec=0x420613e4 delta=0x06000000
[poca-load] query fn ptr=0x420613e4
[poca-load] table ptr=0x3c061438 struct_size=36 abi=1.1
[poca-load] prepare()=0 OK
[poca-load] GLOB_DAT host_add=0x42033824 expected=0x42033824 MATCH
[poca-load] text [0x3c061308 .. +0xeb) data [0x3c0613f8 .. +0x64) bss 0x404 rodata 0x40 drlro 0x24
[poca-load] psram free after=8382344 consumed=3576
[poca-load] PASS
poca>  
--- poca> poca activate
poca activate
[poca-activate] plt activate fn ptr=0x42061358
[poca-activate] returned=0xf027ea65 expected=0xf027ea65
[poca-activate] MAGIC MATCH
[poca-activate] PASS
poca>  
--- poca> poca unload
poca unload
[poca-unload] psram free after=8385920 (before-load=8385920 delta=+0)
[poca-unload] PASS
poca>  
--- poca> poca status
poca status
elf_loader: vendored espressif 1.3.3 @6526c5b1 (esp-iot-solution)
  ELF_LOADER=y LOAD_PSRAM=y CACHE_OFFSET=y SET_MMU=n DLSO=n
  esp_elf_t state size: 92 bytes
  loader entries: esp_elf_init=0x42011698 esp_elf_relocate=0x420116d4
  registered host imports: poca_host_sentinel poca_host_add
  entry queries so far: 3 (execution canary)
heap internal  size=    427607 free=    376863 largest=    286720 min_ever=    369087
heap psram     size=   8386280 free=   8385920 largest=   8257536 min_ever=   8382344
poca>  
--- poca> poca load import_neg
poca load import_neg
[poca-load] begin import_neg (entry_queries=3)
[poca-load] psram free before=8385920
[poca-load] mpb size=1784 sha256=1e4d91fcab673eb5a3558086887cf2ddc4b424a6357fab65060abb5e4a3578a3
[poca] mpb digest MATCH
[poca] view name=import_neg version=1.0.0 epoch=1 key_id=e5677a1c abi=1.0 iram=0B max_mem=262144B payloads=1
[poca] view payload[0] span offset=208 length=1504
[poca] phdr loads=2 memsz=723 pad=4121 budget=4844 manifest max_mem=262144
I (32135) ELF: ELF loader version: 1.3.3
I (32136) ELF: elf->entry=0x420611cc
E (32136) ELF: Can't find symbol frame_unknown_symbol
[poca-load] FAIL esp_elf_relocate err=-88
[poca-load] entry_queries=3 (unchanged=yes)
[poca-load] NEGATIVE import_neg PASS (errno -88, expected -88)
poca>  
--- poca> poca load neg_r32
poca load neg_r32
[poca-load] begin neg_r32 (entry_queries=3)
[poca-load] psram free before=8385920
[poca-load] mpb size=1968 sha256=fce86557ea8a331e5b55ad3524f66b7be51127d8fec9da0f0654f77798c6571e
[poca] mpb digest MATCH
[poca] view name=neg_r32 version=1.0.0 epoch=1 key_id=e5677a1c abi=1.0 iram=0B max_mem=262144B payloads=1
[poca] view payload[0] span offset=204 length=1692
[poca] phdr loads=2 memsz=1884 pad=4120 budget=6004 manifest max_mem=262144
I (33738) ELF: ELF loader version: 1.3.3
I (33738) ELF: elf->entry=0x420612e4
E (33739) elf_arch: info=1 is not supported
E (33739) ELF: Failed to relocate type=1 offset=0x198 ret=-22
[poca-load] FAIL esp_elf_relocate err=-22
[poca-load] entry_queries=3 (unchanged=yes)
[poca-load] NEGATIVE neg_r32 PASS (errno -22, expected -22)
poca>  
--- poca> poca load neg_s0op
poca load neg_s0op
[poca-load] begin neg_s0op (entry_queries=3)
[poca-load] psram free before=8385920
[poca-load] mpb size=1972 sha256=b50829fe77dc6ea733c66ac0f2f3d0ef9bf82ddddb7c90003300fe7ba61c4f4f
[poca] mpb digest MATCH
[poca] view name=neg_s0op version=1.0.0 epoch=1 key_id=e5677a1c abi=1.0 iram=0B max_mem=262144B payloads=1
[poca] view payload[0] span offset=208 length=1692
[poca] phdr loads=2 memsz=1884 pad=4120 budget=6004 manifest max_mem=262144
I (35339) ELF: ELF loader version: 1.3.3
I (35340) ELF: elf->entry=0x420612e4
E (35340) elf_arch: info=20 is not supported
E (35340) ELF: Failed to relocate type=20 offset=0x198 ret=-22
[poca-load] FAIL esp_elf_relocate err=-22
[poca-load] entry_queries=3 (unchanged=yes)
[poca-load] NEGATIVE neg_s0op PASS (errno -22, expected -22)
poca>  
--- poca> poca load neg_phbe
poca load neg_phbe
[poca-load] begin neg_phbe (entry_queries=3)
[poca-load] psram free before=8385920
[poca-load] mpb size=1972 sha256=671bf6f7be36d7f9904ae652dad13d62f28615d12c3240907aee9eef1392dfd6
[poca] mpb digest MATCH
[poca] view name=neg_phbe version=1.0.0 epoch=1 key_id=e5677a1c abi=1.0 iram=0B max_mem=262144B payloads=1
[poca] view payload[0] span offset=208 length=1692
[poca] phdr loads=2 memsz=1884 pad=4120 budget=6004 manifest max_mem=262144
I (36941) ELF: ELF loader version: 1.3.3
E (36941) ELF: Invalid ELF image: magic/class/data/machine mismatch (class=1 data=2 machine=94)
[poca-load] FAIL esp_elf_relocate err=-22
[poca-load] entry_queries=3 (unchanged=yes)
[poca-load] NEGATIVE neg_phbe PASS (errno -22, expected -22)
poca>  
--- poca> poca load neg_ph64
poca load neg_ph64
[poca-load] begin neg_ph64 (entry_queries=3)
[poca-load] psram free before=8385920
[poca-load] mpb size=1972 sha256=ccb0b2f9be7b82928af15675c13b035eefbfae39fbc476229af5c1dae0759b7f
[poca] mpb digest MATCH
[poca] view name=neg_ph64 version=1.0.0 epoch=1 key_id=e5677a1c abi=1.0 iram=0B max_mem=262144B payloads=1
[poca] view payload[0] span offset=208 length=1692
[poca] phdr loads=2 memsz=1884 pad=4120 budget=6004 manifest max_mem=262144
I (38543) ELF: ELF loader version: 1.3.3
E (38543) ELF: Invalid ELF image: magic/class/data/machine mismatch (class=2 data=1 machine=94)
[poca-load] FAIL esp_elf_relocate err=-22
[poca-load] entry_queries=3 (unchanged=yes)
[poca-load] NEGATIVE neg_ph64 PASS (errno -22, expected -22)
poca>  
--- poca> poca load neg_phmach
poca load neg_phmach
[poca-load] begin neg_phmach (entry_queries=3)
[poca-load] psram free before=8385920
[poca-load] mpb size=1972 sha256=657e3885ba4f1ec5d5df14c3dc75fc18c2f3c6b0cdb9ac403d6796918ba0511f
[poca] mpb digest MATCH
[poca] view name=neg_phmach version=1.0.0 epoch=1 key_id=e5677a1c abi=1.0 iram=0B max_mem=262144B payloads=1
[poca] view payload[0] span offset=208 length=1692
[poca] phdr loads=2 memsz=1884 pad=4120 budget=6004 manifest max_mem=262144
I (40144) ELF: ELF loader version: 1.3.3
E (40144) ELF: Invalid ELF image: magic/class/data/machine mismatch (class=1 data=1 machine=40)
[poca-load] FAIL esp_elf_relocate err=-22
[poca-load] entry_queries=3 (unchanged=yes)
[poca-load] NEGATIVE neg_phmach PASS (errno -22, expected -22)
poca>  
--- poca> poca load neg_phspan
poca load neg_phspan
[poca-load] begin neg_phspan (entry_queries=3)
[poca-load] psram free before=8385920
[poca-load] mpb size=1972 sha256=fecf67199c1f00375ae55b8cb6ccfcfe453b425ec9a24cbf005a8ce8aba677d2
[poca] mpb digest MATCH
[poca] view name=neg_phspan version=1.0.0 epoch=1 key_id=e5677a1c abi=1.0 iram=0B max_mem=262144B payloads=1
[poca] view payload[0] span offset=208 length=1692
[poca] phdr loads=2 memsz=15729844 pad=0 budget=15729844 manifest max_mem=262144
[poca-load] NEGATIVE neg_phspan PASS (phdr admission rejected before load)
[poca-load] entry_queries=3 (unchanged=yes)
poca>  
--- poca> poca load cxx_ctor
poca load cxx_ctor
[poca-load] begin cxx_ctor (entry_queries=3)
[poca-load] psram free before=8385920
[poca-load] mpb size=3456 sha256=bb1d19a85614f895f30d055edeec48ab97fa0092c4821d84505412bd4939abc8
[poca] mpb digest MATCH
[poca] view name=cxx_ctor version=1.0.0 epoch=1 key_id=e5677a1c abi=1.0 iram=0B max_mem=262144B payloads=1
[poca] view payload[0] span offset=208 length=3176
[poca] phdr loads=2 memsz=1920 pad=4096 budget=6016 manifest max_mem=262144
I (43348) ELF: ELF loader version: 1.3.3
E (43348) ELF: Forbidden C++ feature section '.ctors' (appendix C 11.2); rejecting image before load
[poca-load] FAIL esp_elf_relocate err=-22
[poca-load] entry_queries=3 (unchanged=yes)
[poca-load] NEGATIVE cxx_ctor PASS (errno -22, expected -22)
poca>  
--- poca> poca load cxx_tls
poca load cxx_tls
[poca-load] begin cxx_tls (entry_queries=3)
[poca-load] psram free before=8385920
[poca-load] mpb size=3708 sha256=0d4c957670520ba6d57c8ed72157a28bd55a77d7594f572d51e5797b89a5cb94
[poca] mpb digest MATCH
[poca] view name=cxx_tls version=1.0.0 epoch=1 key_id=e5677a1c abi=1.0 iram=0B max_mem=262144B payloads=1
[poca] view payload[0] span offset=204 length=3432
[poca] phdr loads=2 memsz=2072 pad=4096 budget=6168 manifest max_mem=262144
I (44948) ELF: ELF loader version: 1.3.3
E (44949) ELF: Forbidden C++ feature section '.tdata' (appendix C 11.2); rejecting image before load
[poca-load] FAIL esp_elf_relocate err=-22
[poca-load] entry_queries=3 (unchanged=yes)
[poca-load] NEGATIVE cxx_tls PASS (errno -22, expected -22)
poca>  
--- poca> poca load neg_tls_nosect
poca load neg_tls_nosect
[poca-load] begin neg_tls_nosect (entry_queries=3)
[poca-load] psram free before=8385920
[poca-load] mpb size=3716 sha256=abcdd69648a15a60620bb9efd5f17cb55998ddf499dd7ff6a2a72b9dfab03f71
[poca] mpb digest MATCH
[poca] view name=neg_tls_nosect version=1.0.0 epoch=1 key_id=e5677a1c abi=1.0 iram=0B max_mem=262144B payloads=1
[poca] view payload[0] span offset=212 length=3432
[poca] phdr loads=2 memsz=2072 pad=4096 budget=6168 manifest max_mem=262144
I (46551) ELF: ELF loader version: 1.3.3
I (46551) ELF: elf->entry=0x42061a50
E (46552) elf_arch: info=51 is not supported
E (46552) ELF: Failed to relocate type=51 offset=0x1f8 ret=-22
[poca-load] FAIL esp_elf_relocate err=-22
[poca-load] entry_queries=3 (unchanged=yes)
[poca-load] NEGATIVE neg_tls_nosect PASS (errno -22, expected -22)
poca>  
--- poca> poca status
poca status
elf_loader: vendored espressif 1.3.3 @6526c5b1 (esp-iot-solution)
  ELF_LOADER=y LOAD_PSRAM=y CACHE_OFFSET=y SET_MMU=n DLSO=n
  esp_elf_t state size: 92 bytes
  loader entries: esp_elf_init=0x42011698 esp_elf_relocate=0x420116d4
  registered host imports: poca_host_sentinel poca_host_add
  entry queries so far: 3 (execution canary)
heap internal  size=    427563 free=    376587 largest=    286720 min_ever=    368775
heap psram     size=   8386280 free=   8385920 largest=   8257536 min_ever=   8380692
poca>  
--- poca> poca load baseline
poca load baseline
[poca-load] begin baseline (entry_queries=3)
[poca-load] psram free before=8385920
[poca-load] mpb size=1972 sha256=f61c2640343f95efcb82e6c20042b329b418cabdbe82fdae77e9d2abebba01ff
[poca] mpb digest MATCH
[poca] view name=baseline version=1.0.0 epoch=1 key_id=e5677a1c abi=1.0 iram=0B max_mem=262144B payloads=1
[poca] view payload[0] span offset=208 length=1692
[poca] phdr loads=2 memsz=1884 pad=4120 budget=6004 manifest max_mem=262144
I (49753) ELF: ELF loader version: 1.3.3
I (49753) ELF: elf->entry=0x420612e4
[poca-load] entry sym frame_plugin_entry vaddr=0x00000234 mapped=0x3c0612e4 exec=0x420612e4 delta=0x06000000
[poca-load] query fn ptr=0x420612e4
[poca-load] table ptr=0x3c06135c struct_size=36 abi=1.1
[poca-load] prepare()=0 OK
[poca-load] text [0x3c061248 .. +0xd0) data [0x3c06131c .. +0x64) bss 0x404 rodata 0x40 drlro 0x24
[poca-load] psram free after=8382564 consumed=3356
[poca-load] PASS
poca>  
--- poca> poca activate
poca activate
[poca-activate] baseline activate fn ptr=0x420612d0
[poca-activate] returned=0x1501e22e expected=0x1501e22e
[poca-activate] MAGIC MATCH
[poca-activate] PASS
poca>  
--- poca> poca unload
poca unload
[poca-unload] psram free after=8385920 (before-load=8385920 delta=+0)
[poca-unload] PASS
poca>  

MATRIX PASS (positives=3, negatives=10, canary=3 unchanged across all negatives, canary_start=0)
=== task-6 summary ===
commit: c5d6c6c feat(poc-a): cxx feature rejection matrix (worktree poc-a-wt, not pushed)
L1: 6/6 probes REJECTED by the real pipeline gates (verbatim errors in log);
    positive C plugins (baseline/globdat/plt/import_neg) re-gated GREEN with gate 4 active.
L2: patch p4 registered (PATCHES.md, tree.sha256 recomputes); pre-p4 gap
    demonstrated on board (signed .ctors probe -> LoadProhibited EXCVADDR=0x0
    + reboot); post-p4: cxx_ctor/cxx_tls rejected -EINVAL pre-execute,
    neg_tls_nosect proves p1 TLSDESC rejection independent of section names.
board: MATRIX PASS 3 positives + 10 negatives, canary unchanged (runs 1/4/5/6;
    runs 2/3 runner-side flakes disambiguated above).
gates: poc_a build 0 warnings; host ctest 52/52; clang-format clean
    (22.1.8 == CI-18 canonical on touched files; probe .cpp formatted though
    not yet CI-gated - T15 note); corpus deterministic (byte-identical rebuild).
