=== T9 session start 2026-09-01T00:45:37+0800 worktree=poc-a-wt HEAD=e0e7159 + T9 changes ===

ninja: Entering directory `poc/apps/poc_a/build/default'
[0/1] Re-running CMake...
-- Component directory /home/lain/.espressif/v6.0.2/esp-idf/components/mqtt does not contain a CMakeLists.txt file. No component will be added
-- Minimal build - OFF
-- Building ESP-IDF components for target esp32s3
NOTICE: Processing 2 dependencies:
NOTICE: [1/2] espressif/cmake_utilities (0.5.3)
NOTICE: [2/2] idf (6.0.2)
-- ESP-TEE is currently supported only on the esp32c6;esp32h2;esp32c5;esp32c61 SoCs
-- KCONFIG_REPORT_VERBOSITY not set, using default
-- Project sdkconfig file /home/lain/Projects/esp_study/poc-a-wt/poc/apps/poc_a/build/default/sdkconfig
NOTE: /home/lain/.espressif/v6.0.2/esp-idf/components/bt/host/nimble/Kconfig.in:1421: BT_NIMBLE_MESH_PROVISIONER: 'default 0' is not a valid bool value (only 'y' and 'n' are allowed). Value is treated as 'n'.
NOTE: /home/lain/.espressif/v6.0.2/esp-idf/components/fatfs/Kconfig:230: FATFS_PRINT_LLI: 'default 0' is not a valid bool value (only 'y' and 'n' are allowed). Value is treated as 'n'.
NOTE: /home/lain/.espressif/v6.0.2/esp-idf/components/fatfs/Kconfig:235: FATFS_PRINT_FLOAT: 'default 0' is not a valid bool value (only 'y' and 'n' are allowed). Value is treated as 'n'.
NOTE: /home/lain/.espressif/v6.0.2/esp-idf/components/bt/sdkconfig.rename.esp32s3:4: duplicate rename mapping for CONFIG_BT_NIMBLE_COEX_PHY_CODED_TX_RX_TLIM_EN: previous target CONFIG_BT_LE_COEX_PHY_CODED_TX_RX_TLIM_EN, new target CONFIG_BT_CTRL_COEX_PHY_CODED_TX_RX_TLIM_EN - last mapping is used
NOTE: /home/lain/.espressif/v6.0.2/esp-idf/components/bt/sdkconfig.rename.esp32s3:5: duplicate rename mapping for CONFIG_BT_NIMBLE_COEX_PHY_CODED_TX_RX_TLIM_DIS: previous target CONFIG_BT_LE_COEX_PHY_CODED_TX_RX_TLIM_DIS, new target CONFIG_BT_CTRL_COEX_PHY_CODED_TX_RX_TLIM_DIS - last mapping is used
Loading defaults file /home/lain/Projects/esp_study/poc-a-wt/poc/apps/poc_a/sdkconfig.defaults...
NOTE: Kconfig parser version: 1
NOTE: Kconfig defaults policy: use sdkconfig
NOTE: Status: Finished successfully
-- Compiler supported targets: xtensa-esp-elf
-- Detecting C compiler ABI info
-- Detecting C compiler ABI info - done
-- Detecting CXX compiler ABI info
-- Detecting CXX compiler ABI info - done
-- Detecting C compiler ABI info
-- Detecting C compiler ABI info - done
-- Detecting CXX compiler ABI info
-- Detecting CXX compiler ABI info - done
-- App "frame_poc_a" version: e0e7159-dirty
-- Setting up mbedtls configuration
-- Linkage type is PUBLIC
-- Adding linker script /home/lain/.espressif/v6.0.2/esp-idf/components/esp_hal_wdt/esp32s3/rom.wdt.ld
-- Adding linker script /home/lain/.espressif/v6.0.2/esp-idf/components/esp_system/ld/esp32s3/memory.ld.in
--   -> Preprocessing .in script: /home/lain/.espressif/v6.0.2/esp-idf/components/esp_system/ld/esp32s3/memory.ld.in
-- Adding linker script /home/lain/.espressif/v6.0.2/esp-idf/components/esp_system/ld/esp32s3/sections.ld.in
--   -> Preprocessing .in script: /home/lain/.espressif/v6.0.2/esp-idf/components/esp_system/ld/esp32s3/sections.ld.in
--   -> Applying ldgen processing: /home/lain/Projects/esp_study/poc-a-wt/poc/apps/poc_a/build/default/esp-idf/esp_system/ld/sections.ld.in
-- Adding linker script /home/lain/.espressif/v6.0.2/esp-idf/components/esp_rom/esp32s3/ld/esp32s3.rom.ld
-- Adding linker script /home/lain/.espressif/v6.0.2/esp-idf/components/esp_rom/esp32s3/ld/esp32s3.rom.api.ld
-- Adding linker script /home/lain/.espressif/v6.0.2/esp-idf/components/esp_rom/esp32s3/ld/esp32s3.rom.bt_funcs.ld
-- Adding linker script /home/lain/.espressif/v6.0.2/esp-idf/components/esp_rom/esp32s3/ld/esp32s3.rom.libgcc.ld
-- Adding linker script /home/lain/.espressif/v6.0.2/esp-idf/components/esp_rom/esp32s3/ld/esp32s3.rom.version.ld
-- Adding linker script /home/lain/.espressif/v6.0.2/esp-idf/components/esp_rom/esp32s3/ld/esp32s3.rom.ble_master.ld
-- Adding linker script /home/lain/.espressif/v6.0.2/esp-idf/components/esp_rom/esp32s3/ld/esp32s3.rom.ble_50.ld
-- Adding linker script /home/lain/.espressif/v6.0.2/esp-idf/components/esp_rom/esp32s3/ld/esp32s3.rom.ble_smp.ld
-- Adding linker script /home/lain/.espressif/v6.0.2/esp-idf/components/esp_rom/esp32s3/ld/esp32s3.rom.ble_dtm.ld
-- Adding linker script /home/lain/.espressif/v6.0.2/esp-idf/components/esp_rom/esp32s3/ld/esp32s3.rom.ble_test.ld
-- Adding linker script /home/lain/.espressif/v6.0.2/esp-idf/components/esp_rom/esp32s3/ld/esp32s3.rom.ble_scan.ld
-- Adding linker script /home/lain/.espressif/v6.0.2/esp-idf/components/esp_rom/esp32s3/ld/esp32s3.rom.libc.ld
-- Adding linker script /home/lain/.espressif/v6.0.2/esp-idf/components/soc/esp32s3/ld/esp32s3.peripherals.ld
-- ELF_LOADER: 1.3.3
-- [poca-plugin] pubkey key_id=e5677a1c point=0x04||X||Y(64B) -> /home/lain/Projects/esp_study/poc-a-wt/poc/apps/poc_a/build/default/plugins/generated/poca_pubkey.h
-- [poca-plugin] registered baseline (entry frame_plugin_entry, version 1.0.0)
-- [poca-plugin] registered globdat (entry frame_plugin_entry, version 1.0.0)
-- [poca-plugin] registered plt (entry frame_plugin_entry, version 1.0.0)
-- [poca-plugin] registered import_neg (entry frame_plugin_entry, version 1.0.0)
-- [poca-plugin] registered iram_probe (entry frame_plugin_entry, version 1.0.0)
-- [poca-plugin] registered baseline_v2 (entry frame_plugin_entry, version 2.0.0)
-- [poca-plugin] registered baseline_300k (entry frame_plugin_entry, version 1.0.1)
-- [cxx-probe] registered cxx_ctor (entry frame_plugin_entry, expect-reject: forbidden C++ feature section;.ctors)
-- [cxx-probe] registered cxx_dtor (entry frame_plugin_entry, expect-reject: forbidden C++ feature section;.dtors)
-- [cxx-probe] registered cxx_tls (entry frame_plugin_entry, expect-reject: relocation allowlist violated;R_XTENSA_TLS)
-- [cxx-probe] registered cxx_exceptions (entry frame_plugin_entry, expect-reject: forbidden C++ feature section;.eh_frame)
-- [cxx-probe] registered cxx_rtti (entry frame_plugin_entry, expect-reject: import gate failed;__dynamic_cast)
-- [cxx-probe] registered cxx_unwind (entry frame_plugin_entry, expect-reject: forbidden C++ feature section;.eh_frame)
-- Component idf::esp_trace will be linked with -Wl,--whole-archive
-- Components: app_trace app_update bootloader bootloader_support bt cmock console cxx driver efuse elf_loader esp-tls esp_adc esp_app_format esp_blockdev esp_blockdev_util esp_bootloader_format esp_coex esp_common esp_driver_ana_cmpr esp_driver_bitscrambler esp_driver_cam esp_driver_dac esp_driver_dma esp_driver_gpio esp_driver_gptimer esp_driver_i2c esp_driver_i2s esp_driver_i3c esp_driver_isp esp_driver_jpeg esp_driver_ledc esp_driver_mcpwm esp_driver_parlio esp_driver_pcnt esp_driver_ppa esp_driver_rmt esp_driver_sd_intf esp_driver_sdio esp_driver_sdm esp_driver_sdmmc esp_driver_sdspi esp_driver_spi esp_driver_touch_sens esp_driver_tsens esp_driver_twai esp_driver_uart esp_driver_usb_serial_jtag esp_eth esp_event esp_gdbstub esp_hal_ana_cmpr esp_hal_ana_conv esp_hal_cam esp_hal_clock esp_hal_dma esp_hal_gpio esp_hal_gpspi esp_hal_i2c esp_hal_i2s esp_hal_ieee802154 esp_hal_jpeg esp_hal_lcd esp_hal_ledc esp_hal_mcpwm esp_hal_mspi esp_hal_parlio esp_hal_pcnt esp_hal_pmu esp_hal_ppa esp_hal_rmt esp_hal_rtc_timer esp_hal_sd esp_hal_security esp_hal_timg esp_hal_touch_sens esp_hal_twai esp_hal_uart esp_hal_usb esp_hal_wdt esp_hid esp_http_client esp_http_server esp_https_ota esp_https_server esp_hw_support esp_lcd esp_libc esp_local_ctrl esp_mm esp_netif esp_netif_stack esp_partition esp_phy esp_pm esp_psram esp_ringbuf esp_rom esp_security esp_stdio esp_system esp_timer esp_trace esp_usb_cdc_rom_console esp_wifi espcoredump espressif__cmake_utilities esptool_py fatfs frame_poc_mpb frame_poc_runtime freertos hal heap http_parser idf_test ieee802154 log lwip main mbedtls nvs_flash nvs_sec_provider openthread partition_table perfmon protobuf-c protocomm pthread rt sdmmc soc spi_flash spiffs tcp_transport ulp unity vfs wear_levelling wpa_supplicant xtensa
-- Component paths: /home/lain/.espressif/v6.0.2/esp-idf/components/app_trace /home/lain/.espressif/v6.0.2/esp-idf/components/app_update /home/lain/.espressif/v6.0.2/esp-idf/components/bootloader /home/lain/.espressif/v6.0.2/esp-idf/components/bootloader_support /home/lain/.espressif/v6.0.2/esp-idf/components/bt /home/lain/.espressif/v6.0.2/esp-idf/components/cmock /home/lain/.espressif/v6.0.2/esp-idf/components/console /home/lain/.espressif/v6.0.2/esp-idf/components/cxx /home/lain/.espressif/v6.0.2/esp-idf/components/driver /home/lain/.espressif/v6.0.2/esp-idf/components/efuse /home/lain/Projects/esp_study/poc-a-wt/poc/apps/poc_a/components/elf_loader /home/lain/.espressif/v6.0.2/esp-idf/components/esp-tls /home/lain/.espressif/v6.0.2/esp-idf/components/esp_adc /home/lain/.espressif/v6.0.2/esp-idf/components/esp_app_format /home/lain/.espressif/v6.0.2/esp-idf/components/esp_blockdev /home/lain/.espressif/v6.0.2/esp-idf/components/esp_blockdev_util /home/lain/.espressif/v6.0.2/esp-idf/components/esp_bootloader_format /home/lain/.espressif/v6.0.2/esp-idf/components/esp_coex /home/lain/.espressif/v6.0.2/esp-idf/components/esp_common /home/lain/.espressif/v6.0.2/esp-idf/components/esp_driver_ana_cmpr /home/lain/.espressif/v6.0.2/esp-idf/components/esp_driver_bitscrambler /home/lain/.espressif/v6.0.2/esp-idf/components/esp_driver_cam /home/lain/.espressif/v6.0.2/esp-idf/components/esp_driver_dac /home/lain/.espressif/v6.0.2/esp-idf/components/esp_driver_dma /home/lain/.espressif/v6.0.2/esp-idf/components/esp_driver_gpio /home/lain/.espressif/v6.0.2/esp-idf/components/esp_driver_gptimer /home/lain/.espressif/v6.0.2/esp-idf/components/esp_driver_i2c /home/lain/.espressif/v6.0.2/esp-idf/components/esp_driver_i2s /home/lain/.espressif/v6.0.2/esp-idf/components/esp_driver_i3c /home/lain/.espressif/v6.0.2/esp-idf/components/esp_driver_isp /home/lain/.espressif/v6.0.2/esp-idf/components/esp_driver_jpeg /home/lain/.espressif/v6.0.2/esp-idf/components/esp_driver_ledc /home/lain/.espressif/v6.0.2/esp-idf/components/esp_driver_mcpwm /home/lain/.espressif/v6.0.2/esp-idf/components/esp_driver_parlio /home/lain/.espressif/v6.0.2/esp-idf/components/esp_driver_pcnt /home/lain/.espressif/v6.0.2/esp-idf/components/esp_driver_ppa /home/lain/.espressif/v6.0.2/esp-idf/components/esp_driver_rmt /home/lain/.espressif/v6.0.2/esp-idf/components/esp_driver_sd_intf /home/lain/.espressif/v6.0.2/esp-idf/components/esp_driver_sdio /home/lain/.espressif/v6.0.2/esp-idf/components/esp_driver_sdm /home/lain/.espressif/v6.0.2/esp-idf/components/esp_driver_sdmmc /home/lain/.espressif/v6.0.2/esp-idf/components/esp_driver_sdspi /home/lain/.espressif/v6.0.2/esp-idf/components/esp_driver_spi /home/lain/.espressif/v6.0.2/esp-idf/components/esp_driver_touch_sens /home/lain/.espressif/v6.0.2/esp-idf/components/esp_driver_tsens /home/lain/.espressif/v6.0.2/esp-idf/components/esp_driver_twai /home/lain/.espressif/v6.0.2/esp-idf/components/esp_driver_uart /home/lain/.espressif/v6.0.2/esp-idf/components/esp_driver_usb_serial_jtag /home/lain/.espressif/v6.0.2/esp-idf/components/esp_eth /home/lain/.espressif/v6.0.2/esp-idf/components/esp_event /home/lain/.espressif/v6.0.2/esp-idf/components/esp_gdbstub /home/lain/.espressif/v6.0.2/esp-idf/components/esp_hal_ana_cmpr /home/lain/.espressif/v6.0.2/esp-idf/components/esp_hal_ana_conv /home/lain/.espressif/v6.0.2/esp-idf/components/esp_hal_cam /home/lain/.espressif/v6.0.2/esp-idf/components/esp_hal_clock /home/lain/.espressif/v6.0.2/esp-idf/components/esp_hal_dma /home/lain/.espressif/v6.0.2/esp-idf/components/esp_hal_gpio /home/lain/.espressif/v6.0.2/esp-idf/components/esp_hal_gpspi /home/lain/.espressif/v6.0.2/esp-idf/components/esp_hal_i2c /home/lain/.espressif/v6.0.2/esp-idf/components/esp_hal_i2s /home/lain/.espressif/v6.0.2/esp-idf/components/esp_hal_ieee802154 /home/lain/.espressif/v6.0.2/esp-idf/components/esp_hal_jpeg /home/lain/.espressif/v6.0.2/esp-idf/components/esp_hal_lcd /home/lain/.espressif/v6.0.2/esp-idf/components/esp_hal_ledc /home/lain/.espressif/v6.0.2/esp-idf/components/esp_hal_mcpwm /home/lain/.espressif/v6.0.2/esp-idf/components/esp_hal_mspi /home/lain/.espressif/v6.0.2/esp-idf/components/esp_hal_parlio /home/lain/.espressif/v6.0.2/esp-idf/components/esp_hal_pcnt /home/lain/.espressif/v6.0.2/esp-idf/components/esp_hal_pmu /home/lain/.espressif/v6.0.2/esp-idf/components/esp_hal_ppa /home/lain/.espressif/v6.0.2/esp-idf/components/esp_hal_rmt /home/lain/.espressif/v6.0.2/esp-idf/components/esp_hal_rtc_timer /home/lain/.espressif/v6.0.2/esp-idf/components/esp_hal_sd /home/lain/.espressif/v6.0.2/esp-idf/components/esp_hal_security /home/lain/.espressif/v6.0.2/esp-idf/components/esp_hal_timg /home/lain/.espressif/v6.0.2/esp-idf/components/esp_hal_touch_sens /home/lain/.espressif/v6.0.2/esp-idf/components/esp_hal_twai /home/lain/.espressif/v6.0.2/esp-idf/components/esp_hal_uart /home/lain/.espressif/v6.0.2/esp-idf/components/esp_hal_usb /home/lain/.espressif/v6.0.2/esp-idf/components/esp_hal_wdt /home/lain/.espressif/v6.0.2/esp-idf/components/esp_hid /home/lain/.espressif/v6.0.2/esp-idf/components/esp_http_client /home/lain/.espressif/v6.0.2/esp-idf/components/esp_http_server /home/lain/.espressif/v6.0.2/esp-idf/components/esp_https_ota /home/lain/.espressif/v6.0.2/esp-idf/components/esp_https_server /home/lain/.espressif/v6.0.2/esp-idf/components/esp_hw_support /home/lain/.espressif/v6.0.2/esp-idf/components/esp_lcd /home/lain/.espressif/v6.0.2/esp-idf/components/esp_libc /home/lain/.espressif/v6.0.2/esp-idf/components/esp_local_ctrl /home/lain/.espressif/v6.0.2/esp-idf/components/esp_mm /home/lain/.espressif/v6.0.2/esp-idf/components/esp_netif /home/lain/.espressif/v6.0.2/esp-idf/components/esp_netif_stack /home/lain/.espressif/v6.0.2/esp-idf/components/esp_partition /home/lain/.espressif/v6.0.2/esp-idf/components/esp_phy /home/lain/.espressif/v6.0.2/esp-idf/components/esp_pm /home/lain/.espressif/v6.0.2/esp-idf/components/esp_psram /home/lain/.espressif/v6.0.2/esp-idf/components/esp_ringbuf /home/lain/.espressif/v6.0.2/esp-idf/components/esp_rom /home/lain/.espressif/v6.0.2/esp-idf/components/esp_security /home/lain/.espressif/v6.0.2/esp-idf/components/esp_stdio /home/lain/.espressif/v6.0.2/esp-idf/components/esp_system /home/lain/.espressif/v6.0.2/esp-idf/components/esp_timer /home/lain/.espressif/v6.0.2/esp-idf/components/esp_trace /home/lain/.espressif/v6.0.2/esp-idf/components/esp_usb_cdc_rom_console /home/lain/.espressif/v6.0.2/esp-idf/components/esp_wifi /home/lain/.espressif/v6.0.2/esp-idf/components/espcoredump /home/lain/Projects/esp_study/poc-a-wt/poc/apps/poc_a/managed_components/espressif__cmake_utilities /home/lain/.espressif/v6.0.2/esp-idf/components/esptool_py /home/lain/.espressif/v6.0.2/esp-idf/components/fatfs /home/lain/Projects/esp_study/poc-a-wt/poc/common/components/frame_poc_mpb /home/lain/Projects/esp_study/poc-a-wt/poc/common/components/frame_poc_runtime /home/lain/.espressif/v6.0.2/esp-idf/components/freertos /home/lain/.espressif/v6.0.2/esp-idf/components/hal /home/lain/.espressif/v6.0.2/esp-idf/components/heap /home/lain/.espressif/v6.0.2/esp-idf/components/http_parser /home/lain/.espressif/v6.0.2/esp-idf/components/idf_test /home/lain/.espressif/v6.0.2/esp-idf/components/ieee802154 /home/lain/.espressif/v6.0.2/esp-idf/components/log /home/lain/.espressif/v6.0.2/esp-idf/components/lwip /home/lain/Projects/esp_study/poc-a-wt/poc/apps/poc_a/main /home/lain/.espressif/v6.0.2/esp-idf/components/mbedtls /home/lain/.espressif/v6.0.2/esp-idf/components/nvs_flash /home/lain/.espressif/v6.0.2/esp-idf/components/nvs_sec_provider /home/lain/.espressif/v6.0.2/esp-idf/components/openthread /home/lain/.espressif/v6.0.2/esp-idf/components/partition_table /home/lain/.espressif/v6.0.2/esp-idf/components/perfmon /home/lain/.espressif/v6.0.2/esp-idf/components/protobuf-c /home/lain/.espressif/v6.0.2/esp-idf/components/protocomm /home/lain/.espressif/v6.0.2/esp-idf/components/pthread /home/lain/.espressif/v6.0.2/esp-idf/components/rt /home/lain/.espressif/v6.0.2/esp-idf/components/sdmmc /home/lain/.espressif/v6.0.2/esp-idf/components/soc /home/lain/.espressif/v6.0.2/esp-idf/components/spi_flash /home/lain/.espressif/v6.0.2/esp-idf/components/spiffs /home/lain/.espressif/v6.0.2/esp-idf/components/tcp_transport /home/lain/.espressif/v6.0.2/esp-idf/components/ulp /home/lain/.espressif/v6.0.2/esp-idf/components/unity /home/lain/.espressif/v6.0.2/esp-idf/components/vfs /home/lain/.espressif/v6.0.2/esp-idf/components/wear_levelling /home/lain/.espressif/v6.0.2/esp-idf/components/wpa_supplicant /home/lain/.espressif/v6.0.2/esp-idf/components/xtensa
-- Frame platform: IDF 7101770dc6db2667b3c477cc31365dd1acd6db4e, xtensa-esp-elf GCC 15.2.0, esp32s3
-- Configuring done (6.2s)
-- Generating done (0.7s)
-- Build files have been written to: /home/lain/Projects/esp_study/poc-a-wt/poc/apps/poc_a/build/default
[1/14] Building C object esp-idf/esp_app_format/CMakeFiles/__idf_esp_app_format.dir/esp_app_desc.c.obj
[2/14] Linking C static library esp-idf/esp_app_format/libesp_app_format.a
[3/14] Performing build step for 'bootloader'
[1/1] cd /home/lain/Projects/esp_study/poc-a-wt/poc/apps/poc_a/build/default/bootloader && /home/lain/.espressif/tools/python/v6.0.2/venv/bin/python /home/lain/.espressif/v6.0.2/esp-idf/components/partition_table/check_sizes.py --offset 0x8000 bootloader 0x0 /home/lain/Projects/esp_study/poc-a-wt/poc/apps/poc_a/build/default/bootloader/bootloader.bin
Bootloader binary size 0x5800 bytes. 0x2800 bytes (31%) free.
[4/14] No install step for 'bootloader'
[5/14] Building CXX object esp-idf/main/CMakeFiles/__idf_main.dir/poca_plugin.cc.obj
FAILED: esp-idf/main/CMakeFiles/__idf_main.dir/poca_plugin.cc.obj 
/home/lain/.espressif/tools/xtensa-esp-elf/esp-15.2.0_20251204/xtensa-esp-elf/bin/xtensa-esp32s3-elf-g++ -DESP_PLATFORM -DESP_PSA_ITS_AVAILABLE -DIDF_VER=\"v6.0.2\" -DMBEDTLS_CONFIG_FILE=\"mbedtls/esp_config.h\" -DMBEDTLS_MAJOR_VERSION=4 -DSOC_MMU_PAGE_SIZE=CONFIG_MMU_PAGE_SIZE -DSOC_XTAL_FREQ_MHZ=CONFIG_XTAL_FREQ -DTF_PSA_CRYPTO_USER_CONFIG_FILE=\"mbedtls/esp_config.h\" -D_GLIBCXX_HAVE_POSIX_SEMAPHORE -D_GLIBCXX_USE_POSIX_SEMAPHORE -D_GNU_SOURCE -D_POSIX_READER_WRITER_LOCKS -D__STDC_WANT_LIB_EXT1__=0 -I/home/lain/Projects/esp_study/poc-a-wt/poc/apps/poc_a/build/default/config -I/home/lain/Projects/esp_study/poc-a-wt/poc/apps/poc_a/main -I/home/lain/Projects/esp_study/poc-a-wt/poc/apps/poc_a/main/../plugins -I/home/lain/Projects/esp_study/poc-a-wt/poc/apps/poc_a/build/default/plugins/generated -I/home/lain/.espressif/v6.0.2/esp-idf/components/esp_libc/platform_include -I/home/lain/.espressif/v6.0.2/esp-idf/components/freertos/config/include -I/home/lain/.espressif/v6.0.2/esp-idf/components/freertos/config/include/freertos -I/home/lain/.espressif/v6.0.2/esp-idf/components/freertos/config/xtensa/include -I/home/lain/.espressif/v6.0.2/esp-idf/components/freertos/FreeRTOS-Kernel/include -I/home/lain/.espressif/v6.0.2/esp-idf/components/freertos/FreeRTOS-Kernel/portable/xtensa/include -I/home/lain/.espressif/v6.0.2/esp-idf/components/freertos/FreeRTOS-Kernel/portable/xtensa/include/freertos -I/home/lain/.espressif/v6.0.2/esp-idf/components/freertos/esp_additions/include -I/home/lain/.espressif/v6.0.2/esp-idf/components/esp_hw_support/include -I/home/lain/.espressif/v6.0.2/esp-idf/components/esp_hw_support/include/soc -I/home/lain/.espressif/v6.0.2/esp-idf/components/esp_hw_support/ldo/include -I/home/lain/.espressif/v6.0.2/esp-idf/components/esp_hw_support/debug_probe/include -I/home/lain/.espressif/v6.0.2/esp-idf/components/esp_hw_support/etm/include -I/home/lain/.espressif/v6.0.2/esp-idf/components/esp_hw_support/mspi_timing_tuning/include -I/home/lain/.espressif/v6.0.2/esp-idf/components/esp_hw_support/mspi_timing_tuning/tuning_scheme_impl/include -I/home/lain/.espressif/v6.0.2/esp-idf/components/esp_hw_support/power_supply/include -I/home/lain/.espressif/v6.0.2/esp-idf/components/esp_hw_support/modem/include -I/home/lain/.espressif/v6.0.2/esp-idf/components/esp_hw_support/include/soc/esp32s3 -I/home/lain/.espressif/v6.0.2/esp-idf/components/esp_hw_support/port/esp32s3/. -I/home/lain/.espressif/v6.0.2/esp-idf/components/esp_hw_support/port/esp32s3/include -I/home/lain/.espressif/v6.0.2/esp-idf/components/esp_hw_support/mspi_timing_tuning/port/esp32s3/. -I/home/lain/.espressif/v6.0.2/esp-idf/components/esp_hw_support/mspi_timing_tuning/port/esp32s3/include -I/home/lain/.espressif/v6.0.2/esp-idf/components/heap/include -I/home/lain/.espressif/v6.0.2/esp-idf/components/heap/tlsf -I/home/lain/.espressif/v6.0.2/esp-idf/components/log/include -I/home/lain/.espressif/v6.0.2/esp-idf/components/soc/include -I/home/lain/.espressif/v6.0.2/esp-idf/components/soc/esp32s3 -I/home/lain/.espressif/v6.0.2/esp-idf/components/soc/esp32s3/include -I/home/lain/.espressif/v6.0.2/esp-idf/components/soc/esp32s3/register -I/home/lain/.espressif/v6.0.2/esp-idf/components/hal/platform_port/include -I/home/lain/.espressif/v6.0.2/esp-idf/components/hal/esp32s3/include -I/home/lain/.espressif/v6.0.2/esp-idf/components/hal/include -I/home/lain/.espressif/v6.0.2/esp-idf/components/esp_rom/include -I/home/lain/.espressif/v6.0.2/esp-idf/components/esp_rom/esp32s3/include -I/home/lain/.espressif/v6.0.2/esp-idf/components/esp_rom/esp32s3/include/esp32s3 -I/home/lain/.espressif/v6.0.2/esp-idf/components/esp_rom/esp32s3 -I/home/lain/.espressif/v6.0.2/esp-idf/components/esp_common/include -I/home/lain/.espressif/v6.0.2/esp-idf/components/esp_system/include -I/home/lain/.espressif/v6.0.2/esp-idf/components/esp_system/port/soc -I/home/lain/.espressif/v6.0.2/esp-idf/components/esp_system/port/include/private -I/home/lain/.espressif/v6.0.2/esp-idf/components/esp_stdio/include -I/home/lain/.espressif/v6.0.2/esp-idf/components/xtensa/esp32s3/include -I/home/lain/.espressif/v6.0.2/esp-idf/components/xtensa/include -I/home/lain/.espressif/v6.0.2/esp-idf/components/xtensa/deprecated_include -I/home/lain/.espressif/v6.0.2/esp-idf/components/esp_hal_gpio/include -I/home/lain/.espressif/v6.0.2/esp-idf/components/esp_hal_gpio/esp32s3/include -I/home/lain/.espressif/v6.0.2/esp-idf/components/esp_hal_usb/include -I/home/lain/.espressif/v6.0.2/esp-idf/components/esp_hal_usb/esp32s3/include -I/home/lain/.espressif/v6.0.2/esp-idf/components/esp_hal_pmu/include -I/home/lain/.espressif/v6.0.2/esp-idf/components/esp_hal_pmu/esp32s3/include -I/home/lain/.espressif/v6.0.2/esp-idf/components/esp_hal_ana_conv/include -I/home/lain/.espressif/v6.0.2/esp-idf/components/esp_hal_ana_conv/esp32s3/include -I/home/lain/.espressif/v6.0.2/esp-idf/components/esp_hal_dma/include -I/home/lain/.espressif/v6.0.2/esp-idf/components/esp_hal_dma/esp32s3/include -I/home/lain/.espressif/v6.0.2/esp-idf/components/lwip/include -I/home/lain/.espressif/v6.0.2/esp-idf/components/lwip/include/apps -I/home/lain/.espressif/v6.0.2/esp-idf/components/lwip/lwip/src/include -I/home/lain/.espressif/v6.0.2/esp-idf/components/lwip/port/include -I/home/lain/.espressif/v6.0.2/esp-idf/components/lwip/port/freertos/include -I/home/lain/.espressif/v6.0.2/esp-idf/components/lwip/port/esp32xx/include -I/home/lain/.espressif/v6.0.2/esp-idf/components/lwip/port/esp32xx/include/arch -I/home/lain/.espressif/v6.0.2/esp-idf/components/lwip/port/esp32xx/include/sys -I/home/lain/.espressif/v6.0.2/esp-idf/components/console -I/home/lain/.espressif/v6.0.2/esp-idf/components/vfs/include -I/home/lain/Projects/esp_study/poc-a-wt/poc/apps/poc_a/components/elf_loader/include -I/home/lain/Projects/esp_study/poc-a-wt/poc/common/components/frame_poc_mpb/include -I/home/lain/Projects/esp_study/poc-a-wt/poc/common/components/frame_poc_runtime/include -I/home/lain/.espressif/v6.0.2/esp-idf/components/mbedtls/port/include -I/home/lain/.espressif/v6.0.2/esp-idf/components/mbedtls/mbedtls/include -I/home/lain/.espressif/v6.0.2/esp-idf/components/mbedtls/mbedtls/library -I/home/lain/.espressif/v6.0.2/esp-idf/components/mbedtls/mbedtls/tf-psa-crypto/core -I/home/lain/.espressif/v6.0.2/esp-idf/components/mbedtls/mbedtls/tf-psa-crypto/drivers/builtin/src -I/home/lain/.espressif/v6.0.2/esp-idf/components/mbedtls/mbedtls/tf-psa-crypto/extras -I/home/lain/.espressif/v6.0.2/esp-idf/components/mbedtls/esp_crt_bundle/include -I/home/lain/.espressif/v6.0.2/esp-idf/components/mbedtls/port/psa_driver/include -I/home/lain/.espressif/v6.0.2/esp-idf/components/esp_security/include -I/home/lain/.espressif/v6.0.2/esp-idf/components/esp_hal_security/esp32s3/include -I/home/lain/.espressif/v6.0.2/esp-idf/components/esp_hal_security/include -I/home/lain/.espressif/v6.0.2/esp-idf/components/mbedtls/mbedtls/tf-psa-crypto/include -I/home/lain/.espressif/v6.0.2/esp-idf/components/mbedtls/mbedtls/tf-psa-crypto/drivers/builtin/include -I/home/lain/Projects/esp_study/poc-a-wt/poc/apps/poc_a/build/default/esp-idf/mbedtls/mbedtls/tf-psa-crypto/include -I/home/lain/.espressif/v6.0.2/esp-idf/components/mbedtls/mbedtls/tf-psa-crypto/drivers/everest/include -I/home/lain/.espressif/v6.0.2/esp-idf/components/mbedtls/mbedtls/tf-psa-crypto/drivers/p256-m/p256-m -I/home/lain/.espressif/v6.0.2/esp-idf/components/mbedtls/mbedtls/tf-psa-crypto/drivers/pqcp/include @"/home/lain/Projects/esp_study/poc-a-wt/poc/apps/poc_a/build/default/toolchain/cxxflags" -std=c++26 -fdiagnostics-color=always -fdiagnostics-color=always -ffunction-sections -fdata-sections -Wall -Werror -Wno-error=unused-function -Wno-error=unused-variable -Wno-error=unused-but-set-variable -Wno-error=deprecated-declarations -Wextra -Wno-error=extra -Wno-unused-parameter -Wno-sign-compare -Wno-enum-conversion -gdwarf-4 -ggdb -Og -fno-shrink-wrap -fmacro-prefix-map=/home/lain/Projects/esp_study/poc-a-wt/poc/apps/poc_a=. -fmacro-prefix-map=/home/lain/.espressif/v6.0.2/esp-idf=/IDF -fstrict-volatile-bitfields -fno-jump-tables -fno-tree-switch-conversion -std=gnu++26 -fno-exceptions -fuse-cxa-atexit -std=c++26 -Wconversion -Werror=return-type -fno-rtti -fno-unwind-tables -DELF_LOADER_VER_MAJOR=1 -DELF_LOADER_VER_MINOR=3 -DELF_LOADER_VER_PATCH=3 -MD -MT esp-idf/main/CMakeFiles/__idf_main.dir/poca_plugin.cc.obj -MF esp-idf/main/CMakeFiles/__idf_main.dir/poca_plugin.cc.obj.d -o esp-idf/main/CMakeFiles/__idf_main.dir/poca_plugin.cc.obj -c /home/lain/Projects/esp_study/poc-a-wt/poc/apps/poc_a/main/poca_plugin.cc
/home/lain/Projects/esp_study/poc-a-wt/poc/apps/poc_a/main/poca_plugin.cc:10:10: fatal error: esp_timer.h: No such file or directory
   10 | #include "esp_timer.h"
      |          ^~~~~~~~~~~~~
compilation terminated.
[6/14] Building CXX object esp-idf/main/CMakeFiles/__idf_main.dir/poc_a_main.cc.obj
[7/14] Completed 'bootloader'
[8/14] Building CXX object esp-idf/main/CMakeFiles/__idf_main.dir/poca_console.cc.obj
ninja: build stopped: subcommand failed.
ninja: Entering directory `poc/apps/poc_a/build/default'
[0/1] Re-running CMake...
-- Component directory /home/lain/.espressif/v6.0.2/esp-idf/components/mqtt does not contain a CMakeLists.txt file. No component will be added
-- Minimal build - OFF
-- Building ESP-IDF components for target esp32s3
NOTICE: Processing 2 dependencies:
NOTICE: [1/2] espressif/cmake_utilities (0.5.3)
NOTICE: [2/2] idf (6.0.2)
-- ESP-TEE is currently supported only on the esp32c6;esp32h2;esp32c5;esp32c61 SoCs
-- KCONFIG_REPORT_VERBOSITY not set, using default
-- Project sdkconfig file /home/lain/Projects/esp_study/poc-a-wt/poc/apps/poc_a/build/default/sdkconfig
NOTE: /home/lain/.espressif/v6.0.2/esp-idf/components/bt/host/nimble/Kconfig.in:1421: BT_NIMBLE_MESH_PROVISIONER: 'default 0' is not a valid bool value (only 'y' and 'n' are allowed). Value is treated as 'n'.
NOTE: /home/lain/.espressif/v6.0.2/esp-idf/components/fatfs/Kconfig:230: FATFS_PRINT_LLI: 'default 0' is not a valid bool value (only 'y' and 'n' are allowed). Value is treated as 'n'.
NOTE: /home/lain/.espressif/v6.0.2/esp-idf/components/fatfs/Kconfig:235: FATFS_PRINT_FLOAT: 'default 0' is not a valid bool value (only 'y' and 'n' are allowed). Value is treated as 'n'.
NOTE: /home/lain/.espressif/v6.0.2/esp-idf/components/bt/sdkconfig.rename.esp32s3:4: duplicate rename mapping for CONFIG_BT_NIMBLE_COEX_PHY_CODED_TX_RX_TLIM_EN: previous target CONFIG_BT_LE_COEX_PHY_CODED_TX_RX_TLIM_EN, new target CONFIG_BT_CTRL_COEX_PHY_CODED_TX_RX_TLIM_EN - last mapping is used
NOTE: /home/lain/.espressif/v6.0.2/esp-idf/components/bt/sdkconfig.rename.esp32s3:5: duplicate rename mapping for CONFIG_BT_NIMBLE_COEX_PHY_CODED_TX_RX_TLIM_DIS: previous target CONFIG_BT_LE_COEX_PHY_CODED_TX_RX_TLIM_DIS, new target CONFIG_BT_CTRL_COEX_PHY_CODED_TX_RX_TLIM_DIS - last mapping is used
Loading defaults file /home/lain/Projects/esp_study/poc-a-wt/poc/apps/poc_a/sdkconfig.defaults...
NOTE: Kconfig parser version: 1
NOTE: Kconfig defaults policy: use sdkconfig
NOTE: Status: Finished successfully
-- Compiler supported targets: xtensa-esp-elf
-- Detecting C compiler ABI info
-- Detecting C compiler ABI info - done
-- Detecting CXX compiler ABI info
-- Detecting CXX compiler ABI info - done
-- Detecting C compiler ABI info
-- Detecting C compiler ABI info - done
-- Detecting CXX compiler ABI info
-- Detecting CXX compiler ABI info - done
-- App "frame_poc_a" version: e0e7159-dirty
-- Setting up mbedtls configuration
-- Linkage type is PUBLIC
-- Adding linker script /home/lain/.espressif/v6.0.2/esp-idf/components/esp_hal_wdt/esp32s3/rom.wdt.ld
-- Adding linker script /home/lain/.espressif/v6.0.2/esp-idf/components/esp_system/ld/esp32s3/memory.ld.in
--   -> Preprocessing .in script: /home/lain/.espressif/v6.0.2/esp-idf/components/esp_system/ld/esp32s3/memory.ld.in
-- Adding linker script /home/lain/.espressif/v6.0.2/esp-idf/components/esp_system/ld/esp32s3/sections.ld.in
--   -> Preprocessing .in script: /home/lain/.espressif/v6.0.2/esp-idf/components/esp_system/ld/esp32s3/sections.ld.in
--   -> Applying ldgen processing: /home/lain/Projects/esp_study/poc-a-wt/poc/apps/poc_a/build/default/esp-idf/esp_system/ld/sections.ld.in
-- Adding linker script /home/lain/.espressif/v6.0.2/esp-idf/components/esp_rom/esp32s3/ld/esp32s3.rom.ld
-- Adding linker script /home/lain/.espressif/v6.0.2/esp-idf/components/esp_rom/esp32s3/ld/esp32s3.rom.api.ld
-- Adding linker script /home/lain/.espressif/v6.0.2/esp-idf/components/esp_rom/esp32s3/ld/esp32s3.rom.bt_funcs.ld
-- Adding linker script /home/lain/.espressif/v6.0.2/esp-idf/components/esp_rom/esp32s3/ld/esp32s3.rom.libgcc.ld
-- Adding linker script /home/lain/.espressif/v6.0.2/esp-idf/components/esp_rom/esp32s3/ld/esp32s3.rom.version.ld
-- Adding linker script /home/lain/.espressif/v6.0.2/esp-idf/components/esp_rom/esp32s3/ld/esp32s3.rom.ble_master.ld
-- Adding linker script /home/lain/.espressif/v6.0.2/esp-idf/components/esp_rom/esp32s3/ld/esp32s3.rom.ble_50.ld
-- Adding linker script /home/lain/.espressif/v6.0.2/esp-idf/components/esp_rom/esp32s3/ld/esp32s3.rom.ble_smp.ld
-- Adding linker script /home/lain/.espressif/v6.0.2/esp-idf/components/esp_rom/esp32s3/ld/esp32s3.rom.ble_dtm.ld
-- Adding linker script /home/lain/.espressif/v6.0.2/esp-idf/components/esp_rom/esp32s3/ld/esp32s3.rom.ble_test.ld
-- Adding linker script /home/lain/.espressif/v6.0.2/esp-idf/components/esp_rom/esp32s3/ld/esp32s3.rom.ble_scan.ld
-- Adding linker script /home/lain/.espressif/v6.0.2/esp-idf/components/esp_rom/esp32s3/ld/esp32s3.rom.libc.ld
-- Adding linker script /home/lain/.espressif/v6.0.2/esp-idf/components/soc/esp32s3/ld/esp32s3.peripherals.ld
-- ELF_LOADER: 1.3.3
-- [poca-plugin] pubkey key_id=e5677a1c point=0x04||X||Y(64B) -> /home/lain/Projects/esp_study/poc-a-wt/poc/apps/poc_a/build/default/plugins/generated/poca_pubkey.h
-- [poca-plugin] registered baseline (entry frame_plugin_entry, version 1.0.0)
-- [poca-plugin] registered globdat (entry frame_plugin_entry, version 1.0.0)
-- [poca-plugin] registered plt (entry frame_plugin_entry, version 1.0.0)
-- [poca-plugin] registered import_neg (entry frame_plugin_entry, version 1.0.0)
-- [poca-plugin] registered iram_probe (entry frame_plugin_entry, version 1.0.0)
-- [poca-plugin] registered baseline_v2 (entry frame_plugin_entry, version 2.0.0)
-- [poca-plugin] registered baseline_300k (entry frame_plugin_entry, version 1.0.1)
-- [cxx-probe] registered cxx_ctor (entry frame_plugin_entry, expect-reject: forbidden C++ feature section;.ctors)
-- [cxx-probe] registered cxx_dtor (entry frame_plugin_entry, expect-reject: forbidden C++ feature section;.dtors)
-- [cxx-probe] registered cxx_tls (entry frame_plugin_entry, expect-reject: relocation allowlist violated;R_XTENSA_TLS)
-- [cxx-probe] registered cxx_exceptions (entry frame_plugin_entry, expect-reject: forbidden C++ feature section;.eh_frame)
-- [cxx-probe] registered cxx_rtti (entry frame_plugin_entry, expect-reject: import gate failed;__dynamic_cast)
-- [cxx-probe] registered cxx_unwind (entry frame_plugin_entry, expect-reject: forbidden C++ feature section;.eh_frame)
-- Component idf::esp_trace will be linked with -Wl,--whole-archive
-- Components: app_trace app_update bootloader bootloader_support bt cmock console cxx driver efuse elf_loader esp-tls esp_adc esp_app_format esp_blockdev esp_blockdev_util esp_bootloader_format esp_coex esp_common esp_driver_ana_cmpr esp_driver_bitscrambler esp_driver_cam esp_driver_dac esp_driver_dma esp_driver_gpio esp_driver_gptimer esp_driver_i2c esp_driver_i2s esp_driver_i3c esp_driver_isp esp_driver_jpeg esp_driver_ledc esp_driver_mcpwm esp_driver_parlio esp_driver_pcnt esp_driver_ppa esp_driver_rmt esp_driver_sd_intf esp_driver_sdio esp_driver_sdm esp_driver_sdmmc esp_driver_sdspi esp_driver_spi esp_driver_touch_sens esp_driver_tsens esp_driver_twai esp_driver_uart esp_driver_usb_serial_jtag esp_eth esp_event esp_gdbstub esp_hal_ana_cmpr esp_hal_ana_conv esp_hal_cam esp_hal_clock esp_hal_dma esp_hal_gpio esp_hal_gpspi esp_hal_i2c esp_hal_i2s esp_hal_ieee802154 esp_hal_jpeg esp_hal_lcd esp_hal_ledc esp_hal_mcpwm esp_hal_mspi esp_hal_parlio esp_hal_pcnt esp_hal_pmu esp_hal_ppa esp_hal_rmt esp_hal_rtc_timer esp_hal_sd esp_hal_security esp_hal_timg esp_hal_touch_sens esp_hal_twai esp_hal_uart esp_hal_usb esp_hal_wdt esp_hid esp_http_client esp_http_server esp_https_ota esp_https_server esp_hw_support esp_lcd esp_libc esp_local_ctrl esp_mm esp_netif esp_netif_stack esp_partition esp_phy esp_pm esp_psram esp_ringbuf esp_rom esp_security esp_stdio esp_system esp_timer esp_trace esp_usb_cdc_rom_console esp_wifi espcoredump espressif__cmake_utilities esptool_py fatfs frame_poc_mpb frame_poc_runtime freertos hal heap http_parser idf_test ieee802154 log lwip main mbedtls nvs_flash nvs_sec_provider openthread partition_table perfmon protobuf-c protocomm pthread rt sdmmc soc spi_flash spiffs tcp_transport ulp unity vfs wear_levelling wpa_supplicant xtensa
-- Component paths: /home/lain/.espressif/v6.0.2/esp-idf/components/app_trace /home/lain/.espressif/v6.0.2/esp-idf/components/app_update /home/lain/.espressif/v6.0.2/esp-idf/components/bootloader /home/lain/.espressif/v6.0.2/esp-idf/components/bootloader_support /home/lain/.espressif/v6.0.2/esp-idf/components/bt /home/lain/.espressif/v6.0.2/esp-idf/components/cmock /home/lain/.espressif/v6.0.2/esp-idf/components/console /home/lain/.espressif/v6.0.2/esp-idf/components/cxx /home/lain/.espressif/v6.0.2/esp-idf/components/driver /home/lain/.espressif/v6.0.2/esp-idf/components/efuse /home/lain/Projects/esp_study/poc-a-wt/poc/apps/poc_a/components/elf_loader /home/lain/.espressif/v6.0.2/esp-idf/components/esp-tls /home/lain/.espressif/v6.0.2/esp-idf/components/esp_adc /home/lain/.espressif/v6.0.2/esp-idf/components/esp_app_format /home/lain/.espressif/v6.0.2/esp-idf/components/esp_blockdev /home/lain/.espressif/v6.0.2/esp-idf/components/esp_blockdev_util /home/lain/.espressif/v6.0.2/esp-idf/components/esp_bootloader_format /home/lain/.espressif/v6.0.2/esp-idf/components/esp_coex /home/lain/.espressif/v6.0.2/esp-idf/components/esp_common /home/lain/.espressif/v6.0.2/esp-idf/components/esp_driver_ana_cmpr /home/lain/.espressif/v6.0.2/esp-idf/components/esp_driver_bitscrambler /home/lain/.espressif/v6.0.2/esp-idf/components/esp_driver_cam /home/lain/.espressif/v6.0.2/esp-idf/components/esp_driver_dac /home/lain/.espressif/v6.0.2/esp-idf/components/esp_driver_dma /home/lain/.espressif/v6.0.2/esp-idf/components/esp_driver_gpio /home/lain/.espressif/v6.0.2/esp-idf/components/esp_driver_gptimer /home/lain/.espressif/v6.0.2/esp-idf/components/esp_driver_i2c /home/lain/.espressif/v6.0.2/esp-idf/components/esp_driver_i2s /home/lain/.espressif/v6.0.2/esp-idf/components/esp_driver_i3c /home/lain/.espressif/v6.0.2/esp-idf/components/esp_driver_isp /home/lain/.espressif/v6.0.2/esp-idf/components/esp_driver_jpeg /home/lain/.espressif/v6.0.2/esp-idf/components/esp_driver_ledc /home/lain/.espressif/v6.0.2/esp-idf/components/esp_driver_mcpwm /home/lain/.espressif/v6.0.2/esp-idf/components/esp_driver_parlio /home/lain/.espressif/v6.0.2/esp-idf/components/esp_driver_pcnt /home/lain/.espressif/v6.0.2/esp-idf/components/esp_driver_ppa /home/lain/.espressif/v6.0.2/esp-idf/components/esp_driver_rmt /home/lain/.espressif/v6.0.2/esp-idf/components/esp_driver_sd_intf /home/lain/.espressif/v6.0.2/esp-idf/components/esp_driver_sdio /home/lain/.espressif/v6.0.2/esp-idf/components/esp_driver_sdm /home/lain/.espressif/v6.0.2/esp-idf/components/esp_driver_sdmmc /home/lain/.espressif/v6.0.2/esp-idf/components/esp_driver_sdspi /home/lain/.espressif/v6.0.2/esp-idf/components/esp_driver_spi /home/lain/.espressif/v6.0.2/esp-idf/components/esp_driver_touch_sens /home/lain/.espressif/v6.0.2/esp-idf/components/esp_driver_tsens /home/lain/.espressif/v6.0.2/esp-idf/components/esp_driver_twai /home/lain/.espressif/v6.0.2/esp-idf/components/esp_driver_uart /home/lain/.espressif/v6.0.2/esp-idf/components/esp_driver_usb_serial_jtag /home/lain/.espressif/v6.0.2/esp-idf/components/esp_eth /home/lain/.espressif/v6.0.2/esp-idf/components/esp_event /home/lain/.espressif/v6.0.2/esp-idf/components/esp_gdbstub /home/lain/.espressif/v6.0.2/esp-idf/components/esp_hal_ana_cmpr /home/lain/.espressif/v6.0.2/esp-idf/components/esp_hal_ana_conv /home/lain/.espressif/v6.0.2/esp-idf/components/esp_hal_cam /home/lain/.espressif/v6.0.2/esp-idf/components/esp_hal_clock /home/lain/.espressif/v6.0.2/esp-idf/components/esp_hal_dma /home/lain/.espressif/v6.0.2/esp-idf/components/esp_hal_gpio /home/lain/.espressif/v6.0.2/esp-idf/components/esp_hal_gpspi /home/lain/.espressif/v6.0.2/esp-idf/components/esp_hal_i2c /home/lain/.espressif/v6.0.2/esp-idf/components/esp_hal_i2s /home/lain/.espressif/v6.0.2/esp-idf/components/esp_hal_ieee802154 /home/lain/.espressif/v6.0.2/esp-idf/components/esp_hal_jpeg /home/lain/.espressif/v6.0.2/esp-idf/components/esp_hal_lcd /home/lain/.espressif/v6.0.2/esp-idf/components/esp_hal_ledc /home/lain/.espressif/v6.0.2/esp-idf/components/esp_hal_mcpwm /home/lain/.espressif/v6.0.2/esp-idf/components/esp_hal_mspi /home/lain/.espressif/v6.0.2/esp-idf/components/esp_hal_parlio /home/lain/.espressif/v6.0.2/esp-idf/components/esp_hal_pcnt /home/lain/.espressif/v6.0.2/esp-idf/components/esp_hal_pmu /home/lain/.espressif/v6.0.2/esp-idf/components/esp_hal_ppa /home/lain/.espressif/v6.0.2/esp-idf/components/esp_hal_rmt /home/lain/.espressif/v6.0.2/esp-idf/components/esp_hal_rtc_timer /home/lain/.espressif/v6.0.2/esp-idf/components/esp_hal_sd /home/lain/.espressif/v6.0.2/esp-idf/components/esp_hal_security /home/lain/.espressif/v6.0.2/esp-idf/components/esp_hal_timg /home/lain/.espressif/v6.0.2/esp-idf/components/esp_hal_touch_sens /home/lain/.espressif/v6.0.2/esp-idf/components/esp_hal_twai /home/lain/.espressif/v6.0.2/esp-idf/components/esp_hal_uart /home/lain/.espressif/v6.0.2/esp-idf/components/esp_hal_usb /home/lain/.espressif/v6.0.2/esp-idf/components/esp_hal_wdt /home/lain/.espressif/v6.0.2/esp-idf/components/esp_hid /home/lain/.espressif/v6.0.2/esp-idf/components/esp_http_client /home/lain/.espressif/v6.0.2/esp-idf/components/esp_http_server /home/lain/.espressif/v6.0.2/esp-idf/components/esp_https_ota /home/lain/.espressif/v6.0.2/esp-idf/components/esp_https_server /home/lain/.espressif/v6.0.2/esp-idf/components/esp_hw_support /home/lain/.espressif/v6.0.2/esp-idf/components/esp_lcd /home/lain/.espressif/v6.0.2/esp-idf/components/esp_libc /home/lain/.espressif/v6.0.2/esp-idf/components/esp_local_ctrl /home/lain/.espressif/v6.0.2/esp-idf/components/esp_mm /home/lain/.espressif/v6.0.2/esp-idf/components/esp_netif /home/lain/.espressif/v6.0.2/esp-idf/components/esp_netif_stack /home/lain/.espressif/v6.0.2/esp-idf/components/esp_partition /home/lain/.espressif/v6.0.2/esp-idf/components/esp_phy /home/lain/.espressif/v6.0.2/esp-idf/components/esp_pm /home/lain/.espressif/v6.0.2/esp-idf/components/esp_psram /home/lain/.espressif/v6.0.2/esp-idf/components/esp_ringbuf /home/lain/.espressif/v6.0.2/esp-idf/components/esp_rom /home/lain/.espressif/v6.0.2/esp-idf/components/esp_security /home/lain/.espressif/v6.0.2/esp-idf/components/esp_stdio /home/lain/.espressif/v6.0.2/esp-idf/components/esp_system /home/lain/.espressif/v6.0.2/esp-idf/components/esp_timer /home/lain/.espressif/v6.0.2/esp-idf/components/esp_trace /home/lain/.espressif/v6.0.2/esp-idf/components/esp_usb_cdc_rom_console /home/lain/.espressif/v6.0.2/esp-idf/components/esp_wifi /home/lain/.espressif/v6.0.2/esp-idf/components/espcoredump /home/lain/Projects/esp_study/poc-a-wt/poc/apps/poc_a/managed_components/espressif__cmake_utilities /home/lain/.espressif/v6.0.2/esp-idf/components/esptool_py /home/lain/.espressif/v6.0.2/esp-idf/components/fatfs /home/lain/Projects/esp_study/poc-a-wt/poc/common/components/frame_poc_mpb /home/lain/Projects/esp_study/poc-a-wt/poc/common/components/frame_poc_runtime /home/lain/.espressif/v6.0.2/esp-idf/components/freertos /home/lain/.espressif/v6.0.2/esp-idf/components/hal /home/lain/.espressif/v6.0.2/esp-idf/components/heap /home/lain/.espressif/v6.0.2/esp-idf/components/http_parser /home/lain/.espressif/v6.0.2/esp-idf/components/idf_test /home/lain/.espressif/v6.0.2/esp-idf/components/ieee802154 /home/lain/.espressif/v6.0.2/esp-idf/components/log /home/lain/.espressif/v6.0.2/esp-idf/components/lwip /home/lain/Projects/esp_study/poc-a-wt/poc/apps/poc_a/main /home/lain/.espressif/v6.0.2/esp-idf/components/mbedtls /home/lain/.espressif/v6.0.2/esp-idf/components/nvs_flash /home/lain/.espressif/v6.0.2/esp-idf/components/nvs_sec_provider /home/lain/.espressif/v6.0.2/esp-idf/components/openthread /home/lain/.espressif/v6.0.2/esp-idf/components/partition_table /home/lain/.espressif/v6.0.2/esp-idf/components/perfmon /home/lain/.espressif/v6.0.2/esp-idf/components/protobuf-c /home/lain/.espressif/v6.0.2/esp-idf/components/protocomm /home/lain/.espressif/v6.0.2/esp-idf/components/pthread /home/lain/.espressif/v6.0.2/esp-idf/components/rt /home/lain/.espressif/v6.0.2/esp-idf/components/sdmmc /home/lain/.espressif/v6.0.2/esp-idf/components/soc /home/lain/.espressif/v6.0.2/esp-idf/components/spi_flash /home/lain/.espressif/v6.0.2/esp-idf/components/spiffs /home/lain/.espressif/v6.0.2/esp-idf/components/tcp_transport /home/lain/.espressif/v6.0.2/esp-idf/components/ulp /home/lain/.espressif/v6.0.2/esp-idf/components/unity /home/lain/.espressif/v6.0.2/esp-idf/components/vfs /home/lain/.espressif/v6.0.2/esp-idf/components/wear_levelling /home/lain/.espressif/v6.0.2/esp-idf/components/wpa_supplicant /home/lain/.espressif/v6.0.2/esp-idf/components/xtensa
-- Frame platform: IDF 7101770dc6db2667b3c477cc31365dd1acd6db4e, xtensa-esp-elf GCC 15.2.0, esp32s3
-- Configuring done (6.4s)
-- Generating done (0.7s)
-- Build files have been written to: /home/lain/Projects/esp_study/poc-a-wt/poc/apps/poc_a/build/default
[1/31] Building ASM object esp-idf/main/CMakeFiles/__idf_main.dir/__/__/iram_probe.mpb.S.obj
[2/31] Building ASM object esp-idf/main/CMakeFiles/__idf_main.dir/__/__/import_neg.mpb.S.obj
[3/31] Building ASM object esp-idf/main/CMakeFiles/__idf_main.dir/__/__/baseline.mpb.S.obj
[4/31] Building ASM object esp-idf/main/CMakeFiles/__idf_main.dir/__/__/baseline_300k.mpb.S.obj
[5/31] Building ASM object esp-idf/main/CMakeFiles/__idf_main.dir/__/__/globdat.mpb.S.obj
[6/31] Building ASM object esp-idf/main/CMakeFiles/__idf_main.dir/__/__/plt.mpb.S.obj
[7/31] Building ASM object esp-idf/main/CMakeFiles/__idf_main.dir/__/__/neg_s0op.mpb.S.obj
[8/31] Building ASM object esp-idf/main/CMakeFiles/__idf_main.dir/__/__/neg_ph64.mpb.S.obj
[9/31] Building ASM object esp-idf/main/CMakeFiles/__idf_main.dir/__/__/baseline_v2.mpb.S.obj
[10/31] Building ASM object esp-idf/main/CMakeFiles/__idf_main.dir/__/__/neg_phbe.mpb.S.obj
[11/31] Building ASM object esp-idf/main/CMakeFiles/__idf_main.dir/__/__/neg_phspan.mpb.S.obj
[12/31] Building ASM object esp-idf/main/CMakeFiles/__idf_main.dir/__/__/neg_r32.mpb.S.obj
[13/31] Building ASM object esp-idf/main/CMakeFiles/__idf_main.dir/__/__/iram_mismatch.mpb.S.obj
[14/31] Building ASM object esp-idf/main/CMakeFiles/__idf_main.dir/__/__/neg_phmach.mpb.S.obj
[15/31] Building ASM object esp-idf/main/CMakeFiles/__idf_main.dir/__/__/cxx_ctor.mpb.S.obj
[16/31] Building ASM object esp-idf/main/CMakeFiles/__idf_main.dir/__/__/neg_maxmem.mpb.S.obj
[17/31] Building ASM object esp-idf/main/CMakeFiles/__idf_main.dir/__/__/neg_tls_nosect.mpb.S.obj
[18/31] Building ASM object esp-idf/main/CMakeFiles/__idf_main.dir/__/__/cxx_tls.mpb.S.obj
[19/31] Building CXX object esp-idf/main/CMakeFiles/__idf_main.dir/poc_a_main.cc.obj
[20/31] Building CXX object esp-idf/main/CMakeFiles/__idf_main.dir/abi_smoke.cc.obj
[21/31] Building CXX object esp-idf/main/CMakeFiles/__idf_main.dir/poca_console.cc.obj
[22/31] Performing build step for 'bootloader'
[1/1] cd /home/lain/Projects/esp_study/poc-a-wt/poc/apps/poc_a/build/default/bootloader && /home/lain/.espressif/tools/python/v6.0.2/venv/bin/python /home/lain/.espressif/v6.0.2/esp-idf/components/partition_table/check_sizes.py --offset 0x8000 bootloader 0x0 /home/lain/Projects/esp_study/poc-a-wt/poc/apps/poc_a/build/default/bootloader/bootloader.bin
Bootloader binary size 0x5800 bytes. 0x2800 bytes (31%) free.
[23/31] No install step for 'bootloader'
[24/31] Completed 'bootloader'
[25/31] Building CXX object esp-idf/main/CMakeFiles/__idf_main.dir/poca_plugin.cc.obj
FAILED: esp-idf/main/CMakeFiles/__idf_main.dir/poca_plugin.cc.obj 
/home/lain/.espressif/tools/xtensa-esp-elf/esp-15.2.0_20251204/xtensa-esp-elf/bin/xtensa-esp32s3-elf-g++ -DESP_PLATFORM -DESP_PSA_ITS_AVAILABLE -DIDF_VER=\"v6.0.2\" -DMBEDTLS_CONFIG_FILE=\"mbedtls/esp_config.h\" -DMBEDTLS_MAJOR_VERSION=4 -DSOC_MMU_PAGE_SIZE=CONFIG_MMU_PAGE_SIZE -DSOC_XTAL_FREQ_MHZ=CONFIG_XTAL_FREQ -DTF_PSA_CRYPTO_USER_CONFIG_FILE=\"mbedtls/esp_config.h\" -D_GLIBCXX_HAVE_POSIX_SEMAPHORE -D_GLIBCXX_USE_POSIX_SEMAPHORE -D_GNU_SOURCE -D_POSIX_READER_WRITER_LOCKS -D__STDC_WANT_LIB_EXT1__=0 -I/home/lain/Projects/esp_study/poc-a-wt/poc/apps/poc_a/build/default/config -I/home/lain/Projects/esp_study/poc-a-wt/poc/apps/poc_a/main -I/home/lain/Projects/esp_study/poc-a-wt/poc/apps/poc_a/main/../plugins -I/home/lain/Projects/esp_study/poc-a-wt/poc/apps/poc_a/build/default/plugins/generated -I/home/lain/.espressif/v6.0.2/esp-idf/components/esp_libc/platform_include -I/home/lain/.espressif/v6.0.2/esp-idf/components/freertos/config/include -I/home/lain/.espressif/v6.0.2/esp-idf/components/freertos/config/include/freertos -I/home/lain/.espressif/v6.0.2/esp-idf/components/freertos/config/xtensa/include -I/home/lain/.espressif/v6.0.2/esp-idf/components/freertos/FreeRTOS-Kernel/include -I/home/lain/.espressif/v6.0.2/esp-idf/components/freertos/FreeRTOS-Kernel/portable/xtensa/include -I/home/lain/.espressif/v6.0.2/esp-idf/components/freertos/FreeRTOS-Kernel/portable/xtensa/include/freertos -I/home/lain/.espressif/v6.0.2/esp-idf/components/freertos/esp_additions/include -I/home/lain/.espressif/v6.0.2/esp-idf/components/esp_hw_support/include -I/home/lain/.espressif/v6.0.2/esp-idf/components/esp_hw_support/include/soc -I/home/lain/.espressif/v6.0.2/esp-idf/components/esp_hw_support/ldo/include -I/home/lain/.espressif/v6.0.2/esp-idf/components/esp_hw_support/debug_probe/include -I/home/lain/.espressif/v6.0.2/esp-idf/components/esp_hw_support/etm/include -I/home/lain/.espressif/v6.0.2/esp-idf/components/esp_hw_support/mspi_timing_tuning/include -I/home/lain/.espressif/v6.0.2/esp-idf/components/esp_hw_support/mspi_timing_tuning/tuning_scheme_impl/include -I/home/lain/.espressif/v6.0.2/esp-idf/components/esp_hw_support/power_supply/include -I/home/lain/.espressif/v6.0.2/esp-idf/components/esp_hw_support/modem/include -I/home/lain/.espressif/v6.0.2/esp-idf/components/esp_hw_support/include/soc/esp32s3 -I/home/lain/.espressif/v6.0.2/esp-idf/components/esp_hw_support/port/esp32s3/. -I/home/lain/.espressif/v6.0.2/esp-idf/components/esp_hw_support/port/esp32s3/include -I/home/lain/.espressif/v6.0.2/esp-idf/components/esp_hw_support/mspi_timing_tuning/port/esp32s3/. -I/home/lain/.espressif/v6.0.2/esp-idf/components/esp_hw_support/mspi_timing_tuning/port/esp32s3/include -I/home/lain/.espressif/v6.0.2/esp-idf/components/heap/include -I/home/lain/.espressif/v6.0.2/esp-idf/components/heap/tlsf -I/home/lain/.espressif/v6.0.2/esp-idf/components/log/include -I/home/lain/.espressif/v6.0.2/esp-idf/components/soc/include -I/home/lain/.espressif/v6.0.2/esp-idf/components/soc/esp32s3 -I/home/lain/.espressif/v6.0.2/esp-idf/components/soc/esp32s3/include -I/home/lain/.espressif/v6.0.2/esp-idf/components/soc/esp32s3/register -I/home/lain/.espressif/v6.0.2/esp-idf/components/hal/platform_port/include -I/home/lain/.espressif/v6.0.2/esp-idf/components/hal/esp32s3/include -I/home/lain/.espressif/v6.0.2/esp-idf/components/hal/include -I/home/lain/.espressif/v6.0.2/esp-idf/components/esp_rom/include -I/home/lain/.espressif/v6.0.2/esp-idf/components/esp_rom/esp32s3/include -I/home/lain/.espressif/v6.0.2/esp-idf/components/esp_rom/esp32s3/include/esp32s3 -I/home/lain/.espressif/v6.0.2/esp-idf/components/esp_rom/esp32s3 -I/home/lain/.espressif/v6.0.2/esp-idf/components/esp_common/include -I/home/lain/.espressif/v6.0.2/esp-idf/components/esp_system/include -I/home/lain/.espressif/v6.0.2/esp-idf/components/esp_system/port/soc -I/home/lain/.espressif/v6.0.2/esp-idf/components/esp_system/port/include/private -I/home/lain/.espressif/v6.0.2/esp-idf/components/esp_stdio/include -I/home/lain/.espressif/v6.0.2/esp-idf/components/xtensa/esp32s3/include -I/home/lain/.espressif/v6.0.2/esp-idf/components/xtensa/include -I/home/lain/.espressif/v6.0.2/esp-idf/components/xtensa/deprecated_include -I/home/lain/.espressif/v6.0.2/esp-idf/components/esp_hal_gpio/include -I/home/lain/.espressif/v6.0.2/esp-idf/components/esp_hal_gpio/esp32s3/include -I/home/lain/.espressif/v6.0.2/esp-idf/components/esp_hal_usb/include -I/home/lain/.espressif/v6.0.2/esp-idf/components/esp_hal_usb/esp32s3/include -I/home/lain/.espressif/v6.0.2/esp-idf/components/esp_hal_pmu/include -I/home/lain/.espressif/v6.0.2/esp-idf/components/esp_hal_pmu/esp32s3/include -I/home/lain/.espressif/v6.0.2/esp-idf/components/esp_hal_ana_conv/include -I/home/lain/.espressif/v6.0.2/esp-idf/components/esp_hal_ana_conv/esp32s3/include -I/home/lain/.espressif/v6.0.2/esp-idf/components/esp_hal_dma/include -I/home/lain/.espressif/v6.0.2/esp-idf/components/esp_hal_dma/esp32s3/include -I/home/lain/.espressif/v6.0.2/esp-idf/components/lwip/include -I/home/lain/.espressif/v6.0.2/esp-idf/components/lwip/include/apps -I/home/lain/.espressif/v6.0.2/esp-idf/components/lwip/lwip/src/include -I/home/lain/.espressif/v6.0.2/esp-idf/components/lwip/port/include -I/home/lain/.espressif/v6.0.2/esp-idf/components/lwip/port/freertos/include -I/home/lain/.espressif/v6.0.2/esp-idf/components/lwip/port/esp32xx/include -I/home/lain/.espressif/v6.0.2/esp-idf/components/lwip/port/esp32xx/include/arch -I/home/lain/.espressif/v6.0.2/esp-idf/components/lwip/port/esp32xx/include/sys -I/home/lain/.espressif/v6.0.2/esp-idf/components/console -I/home/lain/.espressif/v6.0.2/esp-idf/components/vfs/include -I/home/lain/Projects/esp_study/poc-a-wt/poc/apps/poc_a/components/elf_loader/include -I/home/lain/.espressif/v6.0.2/esp-idf/components/esp_timer/include -I/home/lain/Projects/esp_study/poc-a-wt/poc/common/components/frame_poc_mpb/include -I/home/lain/Projects/esp_study/poc-a-wt/poc/common/components/frame_poc_runtime/include -I/home/lain/.espressif/v6.0.2/esp-idf/components/mbedtls/port/include -I/home/lain/.espressif/v6.0.2/esp-idf/components/mbedtls/mbedtls/include -I/home/lain/.espressif/v6.0.2/esp-idf/components/mbedtls/mbedtls/library -I/home/lain/.espressif/v6.0.2/esp-idf/components/mbedtls/mbedtls/tf-psa-crypto/core -I/home/lain/.espressif/v6.0.2/esp-idf/components/mbedtls/mbedtls/tf-psa-crypto/drivers/builtin/src -I/home/lain/.espressif/v6.0.2/esp-idf/components/mbedtls/mbedtls/tf-psa-crypto/extras -I/home/lain/.espressif/v6.0.2/esp-idf/components/mbedtls/esp_crt_bundle/include -I/home/lain/.espressif/v6.0.2/esp-idf/components/mbedtls/port/psa_driver/include -I/home/lain/.espressif/v6.0.2/esp-idf/components/esp_security/include -I/home/lain/.espressif/v6.0.2/esp-idf/components/esp_hal_security/esp32s3/include -I/home/lain/.espressif/v6.0.2/esp-idf/components/esp_hal_security/include -I/home/lain/.espressif/v6.0.2/esp-idf/components/mbedtls/mbedtls/tf-psa-crypto/include -I/home/lain/.espressif/v6.0.2/esp-idf/components/mbedtls/mbedtls/tf-psa-crypto/drivers/builtin/include -I/home/lain/Projects/esp_study/poc-a-wt/poc/apps/poc_a/build/default/esp-idf/mbedtls/mbedtls/tf-psa-crypto/include -I/home/lain/.espressif/v6.0.2/esp-idf/components/mbedtls/mbedtls/tf-psa-crypto/drivers/everest/include -I/home/lain/.espressif/v6.0.2/esp-idf/components/mbedtls/mbedtls/tf-psa-crypto/drivers/p256-m/p256-m -I/home/lain/.espressif/v6.0.2/esp-idf/components/mbedtls/mbedtls/tf-psa-crypto/drivers/pqcp/include @"/home/lain/Projects/esp_study/poc-a-wt/poc/apps/poc_a/build/default/toolchain/cxxflags" -std=c++26 -fdiagnostics-color=always -fdiagnostics-color=always -ffunction-sections -fdata-sections -Wall -Werror -Wno-error=unused-function -Wno-error=unused-variable -Wno-error=unused-but-set-variable -Wno-error=deprecated-declarations -Wextra -Wno-error=extra -Wno-unused-parameter -Wno-sign-compare -Wno-enum-conversion -gdwarf-4 -ggdb -Og -fno-shrink-wrap -fmacro-prefix-map=/home/lain/Projects/esp_study/poc-a-wt/poc/apps/poc_a=. -fmacro-prefix-map=/home/lain/.espressif/v6.0.2/esp-idf=/IDF -fstrict-volatile-bitfields -fno-jump-tables -fno-tree-switch-conversion -std=gnu++26 -fno-exceptions -fuse-cxa-atexit -std=c++26 -Wconversion -Werror=return-type -fno-rtti -fno-unwind-tables -DELF_LOADER_VER_MAJOR=1 -DELF_LOADER_VER_MINOR=3 -DELF_LOADER_VER_PATCH=3 -MD -MT esp-idf/main/CMakeFiles/__idf_main.dir/poca_plugin.cc.obj -MF esp-idf/main/CMakeFiles/__idf_main.dir/poca_plugin.cc.obj.d -o esp-idf/main/CMakeFiles/__idf_main.dir/poca_plugin.cc.obj -c /home/lain/Projects/esp_study/poc-a-wt/poc/apps/poc_a/main/poca_plugin.cc
/home/lain/Projects/esp_study/poc-a-wt/poc/apps/poc_a/main/poca_plugin.cc: In function 'int frame::poca::cmd_poca_load(const char*)':
/home/lain/Projects/esp_study/poc-a-wt/poc/apps/poc_a/main/poca_plugin.cc:1040:36: error: too few arguments to function 'bool frame::poca::{anonymous}::check_max_memory_admission(const mpb_view_t&, bool)'
 1040 |     if (!check_max_memory_admission(view)) {
      |          ~~~~~~~~~~~~~~~~~~~~~~~~~~^~~~~~
/home/lain/Projects/esp_study/poc-a-wt/poc/apps/poc_a/main/poca_plugin.cc:883:6: note: declared here
  883 | bool check_max_memory_admission(const mpb_view_t& view, bool quiet) {
      |      ^~~~~~~~~~~~~~~~~~~~~~~~~~
/home/lain/Projects/esp_study/poc-a-wt/poc/apps/poc_a/main/poca_plugin.cc: In function 'int frame::poca::cmd_poca_soak(unsigned int, const char*)':
/home/lain/Projects/esp_study/poc-a-wt/poc/apps/poc_a/main/poca_plugin.cc:1765:43: error: invalid conversion from 'unsigned int*' to 'uint32_t*' {aka 'long unsigned int*'} [-fpermissive]
 1765 |             if (soak_swap_cycle(*v1, *v2, &matches)) {
      |                                           ^~~~~~~~
      |                                           |
      |                                           unsigned int*
/home/lain/Projects/esp_study/poc-a-wt/poc/apps/poc_a/main/poca_plugin.cc:1655:86: note: initializing argument 3 of 'bool frame::poca::soak_swap_cycle(const {anonymous}::EmbeddedPackage&, const {anonymous}::EmbeddedPackage&, uint32_t*)'
 1655 | bool soak_swap_cycle(const EmbeddedPackage& v1, const EmbeddedPackage& v2, uint32_t* matches) {
      |                                                                            ~~~~~~~~~~^~~~~~~
/home/lain/Projects/esp_study/poc-a-wt/poc/apps/poc_a/main/poca_plugin.cc:1776:51: error: invalid conversion from 'unsigned int*' to 'uint32_t*' {aka 'long unsigned int*'} [-fpermissive]
 1776 |             if (!soak_lifecycle_cycle(*scheduled, &matches)) {
      |                                                   ^~~~~~~~
      |                                                   |
      |                                                   unsigned int*
/home/lain/Projects/esp_study/poc-a-wt/poc/apps/poc_a/main/poca_plugin.cc:1626:69: note: initializing argument 2 of 'bool frame::poca::soak_lifecycle_cycle(const {anonymous}::EmbeddedPackage&, uint32_t*)'
 1626 | bool soak_lifecycle_cycle(const EmbeddedPackage& package, uint32_t* matches) {
      |                                                           ~~~~~~~~~~^~~~~~~
ninja: build stopped: subcommand failed.
ninja: Entering directory `poc/apps/poc_a/build/default'
[1/9] Performing build step for 'bootloader'
[1/1] cd /home/lain/Projects/esp_study/poc-a-wt/poc/apps/poc_a/build/default/bootloader && /home/lain/.espressif/tools/python/v6.0.2/venv/bin/python /home/lain/.espressif/v6.0.2/esp-idf/components/partition_table/check_sizes.py --offset 0x8000 bootloader 0x0 /home/lain/Projects/esp_study/poc-a-wt/poc/apps/poc_a/build/default/bootloader/bootloader.bin
Bootloader binary size 0x5800 bytes. 0x2800 bytes (31%) free.
[2/9] No install step for 'bootloader'
[3/9] Completed 'bootloader'
[4/9] Building CXX object esp-idf/main/CMakeFiles/__idf_main.dir/poca_plugin.cc.obj
[5/9] Linking C static library esp-idf/main/libmain.a
[6/9] Generating esp-idf/esp_system/ld/sections.ld
NOTE: 
/home/lain/.espressif/v6.0.2/esp-idf/components/bt/host/nimble/Kconfig.in:1421: 
BT_NIMBLE_MESH_PROVISIONER: 'default 0' is not a valid bool value (only 'y' and 
'n' are allowed). Value is treated as 'n'.
NOTE: /home/lain/.espressif/v6.0.2/esp-idf/components/fatfs/Kconfig:230: 
FATFS_PRINT_LLI: 'default 0' is not a valid bool value (only 'y' and 'n' are 
allowed). Value is treated as 'n'.
NOTE: /home/lain/.espressif/v6.0.2/esp-idf/components/fatfs/Kconfig:235: 
FATFS_PRINT_FLOAT: 'default 0' is not a valid bool value (only 'y' and 'n' are 
allowed). Value is treated as 'n'.
[7/9] Linking CXX executable frame_poc_a.elf
[8/9] Generating binary image from built executable
esptool v5.3.1
Creating ESP32-S3 image...
Merged 3 ELF sections.
Successfully created ESP32-S3 image.
Generated /home/lain/Projects/esp_study/poc-a-wt/poc/apps/poc_a/build/default/frame_poc_a.bin
[9/9] cd /home/lain/Projects/esp_study/poc-a-wt/poc/apps/poc_a/build/default && /home/lain/.espressif/tools/python/v6.0.2/venv/bin/python /home/lain/.espressif/v6.0.2/esp-idf/components/partition_table/check_sizes.py --offset 0x8000 partition --type app /home/lain/Projects/esp_study/poc-a-wt/poc/apps/poc_a/build/default/partition_table/partition-table.bin /home/lain/Projects/esp_study/poc-a-wt/poc/apps/poc_a/build/default/frame_poc_a.bin
frame_poc_a.bin binary size 0x69a20 bytes. Smallest app partition is 0x100000 bytes. 0x965e0 bytes (59%) free.
e5b0a63199cd6ba7e8f54d3cf75a8121e037c5c9aa477a2d8082bfa6c4791f64  poc/apps/poc_a/build/default/plugins/baseline.mpb
2cefd14d5588118a190e20ea2ffbeadafa9758821a07291e5c942b13862152e1  poc/apps/poc_a/build/default/plugins/baseline_v2.mpb
a50f11c55fd229009ea9468f66cd03938cd891dfd55d5b42158bc6138e09d881  poc/apps/poc_a/build/default/plugins/iram_probe.mpb
ninja: Entering directory `poc/apps/poc_a/build/default'
[1/9] Performing build step for 'bootloader'
[1/1] cd /home/lain/Projects/esp_study/poc-a-wt/poc/apps/poc_a/build/default/bootloader && /home/lain/.espressif/tools/python/v6.0.2/venv/bin/python /home/lain/.espressif/v6.0.2/esp-idf/components/partition_table/check_sizes.py --offset 0x8000 bootloader 0x0 /home/lain/Projects/esp_study/poc-a-wt/poc/apps/poc_a/build/default/bootloader/bootloader.bin
Bootloader binary size 0x5800 bytes. 0x2800 bytes (31%) free.
[2/9] No install step for 'bootloader'
[3/9] Completed 'bootloader'
[4/9] Building CXX object esp-idf/main/CMakeFiles/__idf_main.dir/poca_plugin.cc.obj
[5/9] Linking C static library esp-idf/main/libmain.a
[6/9] Generating esp-idf/esp_system/ld/sections.ld
NOTE: 
/home/lain/.espressif/v6.0.2/esp-idf/components/bt/host/nimble/Kconfig.in:1421: 
BT_NIMBLE_MESH_PROVISIONER: 'default 0' is not a valid bool value (only 'y' and 
'n' are allowed). Value is treated as 'n'.
NOTE: /home/lain/.espressif/v6.0.2/esp-idf/components/fatfs/Kconfig:230: 
FATFS_PRINT_LLI: 'default 0' is not a valid bool value (only 'y' and 'n' are 
allowed). Value is treated as 'n'.
NOTE: /home/lain/.espressif/v6.0.2/esp-idf/components/fatfs/Kconfig:235: 
FATFS_PRINT_FLOAT: 'default 0' is not a valid bool value (only 'y' and 'n' are 
allowed). Value is treated as 'n'.
[7/9] Linking CXX executable frame_poc_a.elf
[8/9] Generating binary image from built executable
esptool v5.3.1
Creating ESP32-S3 image...
Merged 3 ELF sections.
Successfully created ESP32-S3 image.
Generated /home/lain/Projects/esp_study/poc-a-wt/poc/apps/poc_a/build/default/frame_poc_a.bin
[9/9] cd /home/lain/Projects/esp_study/poc-a-wt/poc/apps/poc_a/build/default && /home/lain/.espressif/tools/python/v6.0.2/venv/bin/python /home/lain/.espressif/v6.0.2/esp-idf/components/partition_table/check_sizes.py --offset 0x8000 partition --type app /home/lain/Projects/esp_study/poc-a-wt/poc/apps/poc_a/build/default/partition_table/partition-table.bin /home/lain/Projects/esp_study/poc-a-wt/poc/apps/poc_a/build/default/frame_poc_a.bin
frame_poc_a.bin binary size 0x69a20 bytes. Smallest app partition is 0x100000 bytes. 0x965e0 bytes (59%) free.
[0;33mCMake presets file found but no preset name given; using 'default' preset[0m
Adding "flash"'s dependency "all" to list of commands with default set of options.
Executing action: all (aliases: build)
Running ninja in directory /home/lain/Projects/esp_study/poc-a-wt/poc/apps/poc_a/build/default
Executing "ninja all"...
[1/4] cd /home/lain/Projects/esp_study/poc-a-wt/poc/apps/poc_a/build/default && /home/lain/.espressif/tools/python/v6.0.2/venv/bin/python /home/lain/.espressif/v6.0.2/esp-idf/components/partition_table/check_sizes.py --offset 0x8000 partition --type app /home/lain/Projects/esp_study/poc-a-wt/poc/apps/poc_a/build/default/partition_table/partition-table.bin /home/lain/Projects/esp_study/poc-a-wt/poc/apps/poc_a/build/default/frame_poc_a.bin
frame_poc_a.bin binary size 0x69a20 bytes. Smallest app partition is 0x100000 bytes. 0x965e0 bytes (59%) free.
[2/4] Performing build step for 'bootloader'
[1/1] cd /home/lain/Projects/esp_study/poc-a-wt/poc/apps/poc_a/build/default/bootloader && /home/lain/.espressif/tools/python/v6.0.2/venv/bin/python /home/lain/.espressif/v6.0.2/esp-idf/components/partition_table/check_sizes.py --offset 0x8000 bootloader 0x0 /home/lain/Projects/esp_study/poc-a-wt/poc/apps/poc_a/build/default/bootloader/bootloader.bin
Bootloader binary size 0x5800 bytes. 0x2800 bytes (31%) free.
[3/4] No install step for 'bootloader'
[4/4] Completed 'bootloader'
Executing action: flash
Running ninja in directory /home/lain/Projects/esp_study/poc-a-wt/poc/apps/poc_a/build/default
Executing "ninja flash"...
[1/5] cd /home/lain/Projects/esp_study/poc-a-wt/poc/apps/poc_a/build/default && /home/lain/.espressif/tools/python/v6.0.2/venv/bin/python /home/lain/.espressif/v6.0.2/esp-idf/components/partition_table/check_sizes.py --offset 0x8000 partition --type app /home/lain/Projects/esp_study/poc-a-wt/poc/apps/poc_a/build/default/partition_table/partition-table.bin /home/lain/Projects/esp_study/poc-a-wt/poc/apps/poc_a/build/default/frame_poc_a.bin
frame_poc_a.bin binary size 0x69a20 bytes. Smallest app partition is 0x100000 bytes. 0x965e0 bytes (59%) free.
[2/5] Performing build step for 'bootloader'
[1/1] cd /home/lain/Projects/esp_study/poc-a-wt/poc/apps/poc_a/build/default/bootloader && /home/lain/.espressif/tools/python/v6.0.2/venv/bin/python /home/lain/.espressif/v6.0.2/esp-idf/components/partition_table/check_sizes.py --offset 0x8000 bootloader 0x0 /home/lain/Projects/esp_study/poc-a-wt/poc/apps/poc_a/build/default/bootloader/bootloader.bin
Bootloader binary size 0x5800 bytes. 0x2800 bytes (31%) free.
[3/5] No install step for 'bootloader'
[4/5] Completed 'bootloader'
[4/5] Running utility command for flash
esptool --chip esp32s3 -p /dev/ttyACM0 -b 460800 --before=default-reset --after=hard-reset write-flash --flash-mode dio --flash-freq 80m --flash-size 16MB 0x0 bootloader/bootloader.bin 0x8000 partition_table/partition-table.bin 0x10000 frame_poc_a.bin
esptool v5.3.1
Serial port /dev/ttyACM0:
Connecting...
[1A[2K[1A[2KConnected to ESP32-S3 on /dev/ttyACM0:
Chip type:          ESP32-S3 (QFN56) (revision v0.2)
Features:           Wi-Fi, BT 5 (LE), Dual Core + LP Core, 240MHz, Embedded PSRAM 8MB (AP_3v3)
Crystal frequency:  40MHz
USB mode:           USB-Serial/JTAG
MAC:                a4:cb:8f:cf:cd:5c

Uploading stub flasher...
Running stub flasher...
[1A[2K[1A[2KStub flasher running.
Changing baud rate to 460800...
Changed.

Configuring flash size...

Writing 'bootloader/bootloader.bin' at 0x00000000...
SHA digest in image updated.
Flash will be erased from 0x00000000 to 0x00005fff...
Compressed 22528 bytes to 14417...
[KWriting at 0x00000000 [                              ]   0.0% 0/14417 bytes... [KWriting at 0x00005800 [==============================] 100.0% 14417/14417 bytes... 
[1A[2K[1A[2KWrote 22528 bytes (14417 compressed) at 0x00000000 in 0.2 seconds (801.1 kbit/s).
Verifying written data...
[1A[2KHash of data verified.

Writing 'partition_table/partition-table.bin' at 0x00008000...
Flash will be erased from 0x00008000 to 0x00008fff...
Compressed 3072 bytes to 103...
[KWriting at 0x00008000 [                              ]   0.0% 0/103 bytes... [KWriting at 0x00008c00 [==============================] 100.0% 103/103 bytes... 
[1A[2K[1A[2KWrote 3072 bytes (103 compressed) at 0x00008000 in 0.0 seconds (984.7 kbit/s).
Verifying written data...
[1A[2KHash of data verified.

Writing 'frame_poc_a.bin' at 0x00010000...
Flash will be erased from 0x00010000 to 0x00079fff...
Compressed 432672 bytes to 247557...
[KWriting at 0x00010000 [                              ]   0.0% 0/247557 bytes... [KWriting at 0x0001b291 [>                             ]   6.6% 16384/247557 bytes... [KWriting at 0x0002b7b5 [==>                           ]  13.2% 32768/247557 bytes... [KWriting at 0x00033736 [====>                         ]  19.9% 49152/247557 bytes... [KWriting at 0x000390f1 [======>                       ]  26.5% 65536/247557 bytes... [KWriting at 0x0003ea63 [========>                     ]  33.1% 81920/247557 bytes... [KWriting at 0x00044674 [==========>                   ]  39.7% 98304/247557 bytes... [KWriting at 0x00049fc2 [============>                 ]  46.3% 114688/247557 bytes... [KWriting at 0x0004fc3b [==============>               ]  52.9% 131072/247557 bytes... [KWriting at 0x00055614 [================>             ]  59.6% 147456/247557 bytes... [KWriting at 0x0005ae1a [==================>           ]  66.2% 163840/247557 bytes... [KWriting at 0x00060336 [====================>         ]  72.8% 180224/247557 bytes... [KWriting at 0x00065d85 [======================>       ]  79.4% 196608/247557 bytes... [KWriting at 0x0006c5d8 [========================>     ]  86.0% 212992/247557 bytes... [KWriting at 0x00072b5a [==========================>   ]  92.7% 229376/247557 bytes... [KWriting at 0x00078cb3 [============================> ]  99.3% 245760/247557 bytes... [KWriting at 0x00079a20 [==============================] 100.0% 247557/247557 bytes... 
[1A[2K[1A[2KWrote 432672 bytes (247557 compressed) at 0x00010000 in 2.3 seconds (1524.3 kbit/s).
Verifying written data...
[1A[2KHash of data verified.

Hard resetting via RTS pin...
Done
=== T9 soak raw capture 2026-09-01T00:47:09 cycles=30 mix=default port=/dev/ttyACM0 ===
--- poca> poca status
poca status
elf_loader: vendored espressif 1.3.3 @6526c5b1 (esp-iot-solution)
  ELF_LOADER=y LOAD_PSRAM=y CACHE_OFFSET=y SET_MMU=n DLSO=n
  esp_elf_t state size: 116 bytes
  loader entries: esp_elf_init=0x420113bc esp_elf_relocate=0x420113fc
  registered host imports: poca_host_sentinel poca_host_add
  entry queries so far: 0 (execution canary)
  iram cache syncs so far: 0 (p5 counter)
heap internal  size=    416139 free=    366699 largest=    270336 min_ever=    362487
heap iram-exec size=    352076 free=    302636 largest=    270336 min_ever=    298424
heap psram     size=   8386280 free=   8385920 largest=   8257536 min_ever=   8385920
poca>  
--- SOAK-BEGIN ---
poca soak 30 default
SOAKHDR,cycles=30,sample_every=10,swap_every=100,integrity_every=50,mix=default
[poca-soak] quiesce semantics: no quiesce fn in the ABI 1.2 entry table; NULL entry = trivial success (4.14.2 minimal subset)
[T8-heap] phase=soak-baseline    psram free=8385920 largest=8257536 min_ever=8385920 | iram-exec free=302608 largest=270336 min_ever=298396 | internal free=366671 largest=270336 min_ever=362459
[T8-stack] phase=soak-baseline tasks=5
[T8-stack]   console_repl     prio=5 stack_hwm=4488B
[T8-stack]   IDLE0            prio=0 stack_hwm=756B
[T8-stack]   IDLE1            prio=0 stack_hwm=864B
[T8-stack]   ipc1             prio=24 stack_hwm=596B
[T8-stack]   ipc0             prio=24 stack_hwm=600B
SOAKTASKS,console_repl,IDLE0,IDLE1,ipc0,ipc1
SOAKTASKSZ,6144,1536,1536,1280,1280
[poca-soak] FAIL cycle teardown baseline quiesced=NO unload_err=0
[poca-soak] FAIL cycle teardown baseline quiesced=NO unload_err=0
[poca-soak] FAIL cycle teardown iram_probe quiesced=NO unload_err=0
Traceback (most recent call last):
  File "/home/lain/Projects/esp_study/poc-a-wt/poc/apps/poc_a/plugins/soak_judge.py", line 425, in <module>
    sys.exit(main())
             ^^^^^^
  File "/home/lain/Projects/esp_study/poc-a-wt/poc/apps/poc_a/plugins/soak_judge.py", line 410, in main
    run_on_board(args.port, args.cycles, args.mix, args.raw_out,
  File "/home/lain/Projects/esp_study/poc-a-wt/poc/apps/poc_a/plugins/soak_judge.py", line 374, in run_on_board
    if b"[poca-soak] FAIL slots busy" in text:
       ^^^^^^^^^^^^^^^^^^^^^^^^^^^^^^^^^^^^^^
TypeError: 'in <string>' requires string as left operand, not bytes
ninja: Entering directory `poc/apps/poc_a/build/default'
[1/9] Performing build step for 'bootloader'
[1/1] cd /home/lain/Projects/esp_study/poc-a-wt/poc/apps/poc_a/build/default/bootloader && /home/lain/.espressif/tools/python/v6.0.2/venv/bin/python /home/lain/.espressif/v6.0.2/esp-idf/components/partition_table/check_sizes.py --offset 0x8000 bootloader 0x0 /home/lain/Projects/esp_study/poc-a-wt/poc/apps/poc_a/build/default/bootloader/bootloader.bin
Bootloader binary size 0x5800 bytes. 0x2800 bytes (31%) free.
[2/9] No install step for 'bootloader'
[3/9] Completed 'bootloader'
[4/9] Building CXX object esp-idf/main/CMakeFiles/__idf_main.dir/poca_plugin.cc.obj
[5/9] Linking C static library esp-idf/main/libmain.a
[6/9] Generating esp-idf/esp_system/ld/sections.ld
NOTE: 
/home/lain/.espressif/v6.0.2/esp-idf/components/bt/host/nimble/Kconfig.in:1421: 
BT_NIMBLE_MESH_PROVISIONER: 'default 0' is not a valid bool value (only 'y' and 
'n' are allowed). Value is treated as 'n'.
NOTE: /home/lain/.espressif/v6.0.2/esp-idf/components/fatfs/Kconfig:230: 
FATFS_PRINT_LLI: 'default 0' is not a valid bool value (only 'y' and 'n' are 
allowed). Value is treated as 'n'.
NOTE: /home/lain/.espressif/v6.0.2/esp-idf/components/fatfs/Kconfig:235: 
FATFS_PRINT_FLOAT: 'default 0' is not a valid bool value (only 'y' and 'n' are 
allowed). Value is treated as 'n'.
[7/9] Linking CXX executable frame_poc_a.elf
[8/9] Generating binary image from built executable
esptool v5.3.1
Creating ESP32-S3 image...
Merged 3 ELF sections.
Successfully created ESP32-S3 image.
Generated /home/lain/Projects/esp_study/poc-a-wt/poc/apps/poc_a/build/default/frame_poc_a.bin
[9/9] cd /home/lain/Projects/esp_study/poc-a-wt/poc/apps/poc_a/build/default && /home/lain/.espressif/tools/python/v6.0.2/venv/bin/python /home/lain/.espressif/v6.0.2/esp-idf/components/partition_table/check_sizes.py --offset 0x8000 partition --type app /home/lain/Projects/esp_study/poc-a-wt/poc/apps/poc_a/build/default/partition_table/partition-table.bin /home/lain/Projects/esp_study/poc-a-wt/poc/apps/poc_a/build/default/frame_poc_a.bin
frame_poc_a.bin binary size 0x69a10 bytes. Smallest app partition is 0x100000 bytes. 0x965f0 bytes (59%) free.
=== T9 soak raw capture 2026-09-01T00:47:46 cycles=30 mix=default port=/dev/ttyACM0 ===
--- poca> poca status
poca status
elf_loader: vendored espressif 1.3.3 @6526c5b1 (esp-iot-solution)
  ELF_LOADER=y LOAD_PSRAM=y CACHE_OFFSET=y SET_MMU=n DLSO=n
  esp_elf_t state size: 116 bytes
  loader entries: esp_elf_init=0x420113bc esp_elf_relocate=0x420113fc
  registered host imports: poca_host_sentinel poca_host_add
  entry queries so far: 0 (execution canary)
  iram cache syncs so far: 0 (p5 counter)
heap internal  size=    416139 free=    366699 largest=    270336 min_ever=    362487
heap iram-exec size=    352076 free=    302636 largest=    270336 min_ever=    298424
heap psram     size=   8386280 free=   8385920 largest=   8257536 min_ever=   8385920
poca>  
--- SOAK-BEGIN ---
poca soak 30 default
SOAKHDR,cycles=30,sample_every=10,swap_every=100,integrity_every=50,mix=default
[poca-soak] quiesce semantics: no quiesce fn in the ABI 1.2 entry table; NULL entry = trivial success (4.14.2 minimal subset)
[T8-heap] phase=soak-baseline    psram free=8385920 largest=8257536 min_ever=8385920 | iram-exec free=302608 largest=270336 min_ever=298396 | internal free=366671 largest=270336 min_ever=362459
[T8-stack] phase=soak-baseline tasks=5
[T8-stack]   console_repl     prio=5 stack_hwm=4520B
[T8-stack]   IDLE0            prio=0 stack_hwm=756B
[T8-stack]   IDLE1            prio=0 stack_hwm=864B
[T8-stack]   ipc1             prio=24 stack_hwm=596B
[T8-stack]   ipc0             prio=24 stack_hwm=600B
SOAKTASKS,console_repl,IDLE0,IDLE1,ipc0,ipc1
SOAKTASKSZ,6144,1536,1536,1280,1280
[poca-soak] prog cycle=10/30 errors=0 matches=10 psram_free=8385920
[poca-soak] prog cycle=20/30 errors=0 matches=20 psram_free=8385920
[poca-soak] prog cycle=30/30 errors=0 matches=30 psram_free=8385920
[T8-heap] phase=soak-final       psram free=8385920 largest=8257536 min_ever=8382236 | iram-exec free=301304 largest=270336 min_ever=293484 | internal free=365367 largest=270336 min_ever=357547
[T8-stack] phase=soak-final tasks=5
[T8-stack]   console_repl     prio=5 stack_hwm=2168B
[T8-stack]   IDLE0            prio=0 stack_hwm=756B
[T8-stack]   IDLE1            prio=0 stack_hwm=864B
[T8-stack]   ipc0             prio=24 stack_hwm=600B
[T8-stack]   ipc1             prio=24 stack_hwm=596B
[poca-soak] samples begin (4 rows)
SOAKSMP,0,0,8385920,8257536,8385920,302608,270336,298396,366671,270336,362459,4520,756,864,600,596
SOAKSMP,1,10,8385920,8257536,8382236,301304,270336,293484,365367,270336,357547,2168,756,864,600,596
SOAKSMP,2,20,8385920,8257536,8382236,301304,270336,293484,365367,270336,357547,2168,756,864,600,596
SOAKSMP,3,30,8385920,8257536,8382236,301304,270336,293484,365367,270336,357547,2168,756,864,600,596
[poca-soak] samples end
SOAKSUM,cycles=30,completed=30,errors=0,value_matches=30,expected_value_matches=30,swaps=0,swap_ok=0,quiesce_noop=30,integrity_probes=0,integrity_ok=0,canary_before=0,canary_after=30,expected_queries=30,elapsed_ms=9063,ring_overflow=no
[poca-soak] DONE (30 cycles, verdict authority = host judge on samples)
poca>  --- SOAK-END ---
--- REGRESSION-BEGIN ---
--- poca> poca status
poca status
elf_loader: vendored espressif 1.3.3 @6526c5b1 (esp-iot-solution)
  ELF_LOADER=y LOAD_PSRAM=y CACHE_OFFSET=y SET_MMU=n DLSO=n
  esp_elf_t state size: 116 bytes
  loader entries: esp_elf_init=0x420113bc esp_elf_relocate=0x420113fc
  registered host imports: poca_host_sentinel poca_host_add
  entry queries so far: 30 (execution canary)
  iram cache syncs so far: 10 (p5 counter)
heap internal  size=    416087 free=    365335 largest=    270336 min_ever=    357547
heap iram-exec size=    352024 free=    301272 largest=    270336 min_ever=    293484
heap psram     size=   8386280 free=   8385920 largest=   8257536 min_ever=   8382236
poca>  
--- poca> poca load baseline
poca load baseline
[poca-load] begin baseline (entry_queries=30)
[poca-load] psram free before=8385920
[poca-load] mpb size=1988 sha256=e5b0a63199cd6ba7e8f54d3cf75a8121e037c5c9aa477a2d8082bfa6c4791f64
[poca] mpb digest MATCH
[poca] view name=baseline version=1.0.0 epoch=1 key_id=e5677a1c abi=1.0 iram=0B max_mem=262144B payloads=1
[poca] view payload[0] span offset=208 length=1708
[poca-load] identity name=baseline version=1.0.0 MATCH
[poca] admission max_mem=262144 default_arena=262144 hard_max=524288 OK
[poca] phdr loads=2 memsz=1900 pad=4120 budget=6020 manifest max_mem=262144
I (21036) ELF: ELF loader version: 1.3.3
I (21036) ELF: elf->entry=0x42061304
[poca-load] entry sym frame_plugin_entry vaddr=0x00000234 mapped=0x3c061304 exec=0x42061304 delta=0x06000000
[poca-load] query fn ptr=0x42061304
[poca-load] table ptr=0x3c06137c struct_size=52 abi=1.2
[poca-load] prepare()=0 OK
[poca-load] text [0x3c061268 .. +0xd0) data [0x3c06133c .. +0x74) bss 0x404 rodata 0x40 drlro 0x34
[poca-load] psram free after=8382532 consumed=3388
[poca-load] PASS
poca>  
--- poca> poca activate
poca activate
[poca-activate] baseline activate fn ptr=0x420612f0
[poca-activate] returned=0x1501e22e expected=0x1501e22e
[poca-activate] MAGIC MATCH
[poca-activate] PASS
poca>  
--- poca> poca unload
poca unload
[poca-unload] psram free after=8385920 (before-load=8385920 delta=+0)
[poca-unload] PASS
poca>  
--- poca> poca iram 3
poca iram 3
[poca-iram] 3 iteration(s): load iram_probe -> IRAM proofs -> unload
[poca-iram] iram free baseline=301196
[poca-load] begin iram_probe (entry_queries=31)
[poca-load] psram free before=8385920
[poca-load] mpb size=2300 sha256=a50f11c55fd229009ea9468f66cd03938cd891dfd55d5b42158bc6138e09d881
[poca] mpb digest MATCH
[poca] view name=iram_probe version=1.0.0 epoch=1 key_id=e5677a1c abi=1.0 iram=97B max_mem=262144B payloads=1
[poca] view payload[0] span offset=208 length=2020
[poca-load] identity name=iram_probe version=1.0.0 MATCH
[poca] admission max_mem=262144 default_arena=262144 hard_max=524288 OK
[poca] phdr loads=2 memsz=2069 pad=4131 budget=6200 manifest max_mem=262144
I (25839) ELF: ELF loader version: 1.3.3
I (25840) ELF: .plugin_iram copied to 0x403dbfc0 size 97
I (25841) ELF: elf->entry=0x42061450
[poca-load] entry sym frame_plugin_entry vaddr=0x0000029c mapped=0x3c061450 exec=0x42061450 delta=0x06000000
[poca-load] query fn ptr=0x42061450
[poca-load] table ptr=0x3c0614a8 struct_size=52 abi=1.2
[poca-load] prepare()=0 OK
[poca-load] text [0x3c061388 .. +0xd7) data [0x3c061464 .. +0x78) bss 0x404 rodata 0x40 drlro 0x34
[poca-load] iram [0x403dbfc0 .. +0x61) window0x40=PASS
[poca-load] psram free after=8382236 consumed=3684
[poca-load] PASS
[poca-iram] iram_check fn=0x403dbfc0 window0x40=PASS
[poca-iram] cache-sync counter=11 (>0=PASS)
[poca-iram] iram_check returned=0xc0ae7429 expected=0xc0ae7429 MATCH
[poca-iram] write-probe .data=0x3c061464 (psram=PASS) wrote=0x5ca1ab1e read_text=0x5ca1ab1e read_host=0x5ca1ab1e MATCH
[poca-unload] psram free after=8385920 (before-load=8385920 delta=+0)
[poca-unload] PASS
[poca-load] begin iram_probe (entry_queries=32)
[poca-load] psram free before=8385920
[poca-load] mpb size=2300 sha256=a50f11c55fd229009ea9468f66cd03938cd891dfd55d5b42158bc6138e09d881
[poca] mpb digest MATCH
[poca] view name=iram_probe version=1.0.0 epoch=1 key_id=e5677a1c abi=1.0 iram=97B max_mem=262144B payloads=1
[poca] view payload[0] span offset=208 length=2020
[poca-load] identity name=iram_probe version=1.0.0 MATCH
[poca] admission max_mem=262144 default_arena=262144 hard_max=524288 OK
[poca] phdr loads=2 memsz=2069 pad=4131 budget=6200 manifest max_mem=262144
I (26154) ELF: ELF loader version: 1.3.3
I (26154) ELF: .plugin_iram copied to 0x403dbfc0 size 97
I (26155) ELF: elf->entry=0x42061450
[poca-load] entry sym frame_plugin_entry vaddr=0x0000029c mapped=0x3c061450 exec=0x42061450 delta=0x06000000
[poca-load] query fn ptr=0x42061450
[poca-load] table ptr=0x3c0614a8 struct_size=52 abi=1.2
[poca-load] prepare()=0 OK
[poca-load] text [0x3c061388 .. +0xd7) data [0x3c061464 .. +0x78) bss 0x404 rodata 0x40 drlro 0x34
[poca-load] iram [0x403dbfc0 .. +0x61) window0x40=PASS
[poca-load] psram free after=8382236 consumed=3684
[poca-load] PASS
[poca-iram] iram_check fn=0x403dbfc0 window0x40=PASS
[poca-iram] cache-sync counter=12 (>0=PASS)
[poca-iram] iram_check returned=0xc0ae7429 expected=0xc0ae7429 MATCH
[poca-iram] write-probe .data=0x3c061464 (psram=PASS) wrote=0x5ca1ab1e read_text=0x5ca1ab1e read_host=0x5ca1ab1e MATCH
[poca-unload] psram free after=8385920 (before-load=8385920 delta=+0)
[poca-unload] PASS
[poca-load] begin iram_probe (entry_queries=33)
[poca-load] psram free before=8385920
[poca-load] mpb size=2300 sha256=a50f11c55fd229009ea9468f66cd03938cd891dfd55d5b42158bc6138e09d881
[poca] mpb digest MATCH
[poca] view name=iram_probe version=1.0.0 epoch=1 key_id=e5677a1c abi=1.0 iram=97B max_mem=262144B payloads=1
[poca] view payload[0] span offset=208 length=2020
[poca-load] identity name=iram_probe version=1.0.0 MATCH
[poca] admission max_mem=262144 default_arena=262144 hard_max=524288 OK
[poca] phdr loads=2 memsz=2069 pad=4131 budget=6200 manifest max_mem=262144
I (26468) ELF: ELF loader version: 1.3.3
I (26469) ELF: .plugin_iram copied to 0x403dbfc0 size 97
I (26469) ELF: elf->entry=0x42061450
[poca-load] entry sym frame_plugin_entry vaddr=0x0000029c mapped=0x3c061450 exec=0x42061450 delta=0x06000000
[poca-load] query fn ptr=0x42061450
[poca-load] table ptr=0x3c0614a8 struct_size=52 abi=1.2
[poca-load] prepare()=0 OK
[poca-load] text [0x3c061388 .. +0xd7) data [0x3c061464 .. +0x78) bss 0x404 rodata 0x40 drlro 0x34
[poca-load] iram [0x403dbfc0 .. +0x61) window0x40=PASS
[poca-load] psram free after=8382236 consumed=3684
[poca-load] PASS
[poca-iram] iram_check fn=0x403dbfc0 window0x40=PASS
[poca-iram] cache-sync counter=13 (>0=PASS)
[poca-iram] iram_check returned=0xc0ae7429 expected=0xc0ae7429 MATCH
[poca-iram] write-probe .data=0x3c061464 (psram=PASS) wrote=0x5ca1ab1e read_text=0x5ca1ab1e read_host=0x5ca1ab1e MATCH
[poca-unload] psram free after=8385920 (before-load=8385920 delta=+0)
[poca-unload] PASS
[poca-iram] watermark iter=3 iram_free=301196 (baseline=301196 delta=+0)
[poca-iram] final iram free=301196 drift=+0 (no leak)
[poca-iram] PASS (3 cycle(s))
poca>  
--- poca> poca status
poca status
elf_loader: vendored espressif 1.3.3 @6526c5b1 (esp-iot-solution)
  ELF_LOADER=y LOAD_PSRAM=y CACHE_OFFSET=y SET_MMU=n DLSO=n
  esp_elf_t state size: 116 bytes
  loader entries: esp_elf_init=0x420113bc esp_elf_relocate=0x420113fc
  registered host imports: poca_host_sentinel poca_host_add
  entry queries so far: 34 (execution canary)
  iram cache syncs so far: 13 (p5 counter)
heap internal  size=    416067 free=    365243 largest=    270336 min_ever=    357411
heap iram-exec size=    352004 free=    301180 largest=    270336 min_ever=    293348
heap psram     size=   8386280 free=   8385920 largest=   8257536 min_ever=   8382236
poca>  
--- REGRESSION-END ---
SOAK VERDICT: PASS (18/18 criteria)
  [PASS] f.completed: completed=30/30
  [PASS] f.errors: errors=0 fail_lines=0
  [PASS] f.matches: value_matches=30 expected=30 computed=30
  [PASS] f.swaps: swaps=0 (cycles/100)
  [PASS] f.swap_ok: swap_ok=0/0 lines=0
  [PASS] f.canary: canary_delta=30 expected_queries=30 (cycles+swaps=30)
  [PASS] f.samples: sample_rows=4 expected=4
  [PASS] f.prog: prog_lines=3 expected=3
  [PASS] f.done: device DONE line present
  [PASS] e.integrity: integrity_ok=0/0 expected_probes=0
  [PASS] a.psram_largest_decline: q1_mean=8257536 q4_mean=8257536 decline=0.00% (limit 15%)
  [PASS] a.psram_largest_monotone: outside-noise steps dec=0 inc=0 (noise=41288B, mono-fail iff inc==0 and dec>=3)
  [PASS] b.psram_min_ever: psram min_ever first=8385920 last=8382236 delta=3684B (<arena 262144B)
  [PASS] b.iram_min_ever: iram min_ever first=298396 last=293484 delta=4912B
  [PASS] c.internal_free_trend: q1_mean=366671 q4_mean=365367 decline=0.36% dec=0 inc=0
  [PASS] d.stack_margin: console_repl hwm=2168B/6144B (used 64.7%); IDLE0 hwm=756B/1536B (used 50.8%); IDLE1 hwm=864B/1536B (used 43.8%); ipc0 hwm=600B/1280B (used 53.1%); ipc1 hwm=596B/1280B (used 53.4%)
  [PASS] x.no_crash_wdt: needle hits=none
  [PASS] x.regression: post-soak load/activate/unload + iram 3
  wall time on device: 9.1s (mix=default, samples=4)
=== T9 soak raw capture 2026-09-01T00:48:21 cycles=150 mix=default port=/dev/ttyACM0 ===
--- poca> poca status
poca status
elf_loader: vendored espressif 1.3.3 @6526c5b1 (esp-iot-solution)
  ELF_LOADER=y LOAD_PSRAM=y CACHE_OFFSET=y SET_MMU=n DLSO=n
  esp_elf_t state size: 116 bytes
  loader entries: esp_elf_init=0x420113bc esp_elf_relocate=0x420113fc
  registered host imports: poca_host_sentinel poca_host_add
  entry queries so far: 34 (execution canary)
  iram cache syncs so far: 13 (p5 counter)
heap internal  size=    416059 free=    365211 largest=    270336 min_ever=    357411
heap iram-exec size=    351996 free=    301148 largest=    270336 min_ever=    293348
heap psram     size=   8386280 free=   8385920 largest=   8257536 min_ever=   8382236
poca>  
--- SOAK-BEGIN ---
poca soak 150 default
SOAKHDR,cycles=150,sample_every=10,swap_every=100,integrity_every=50,mix=default
[poca-soak] quiesce semantics: no quiesce fn in the ABI 1.2 entry table; NULL entry = trivial success (4.14.2 minimal subset)
[T8-heap] phase=soak-baseline    psram free=8385920 largest=8257536 min_ever=8382236 | iram-exec free=301120 largest=270336 min_ever=293348 | internal free=365183 largest=270336 min_ever=357411
[T8-stack] phase=soak-baseline tasks=5
[T8-stack]   console_repl     prio=5 stack_hwm=2168B
[T8-stack]   IDLE0            prio=0 stack_hwm=756B
[T8-stack]   IDLE1            prio=0 stack_hwm=864B
[T8-stack]   ipc1             prio=24 stack_hwm=596B
[T8-stack]   ipc0             prio=24 stack_hwm=600B
SOAKTASKS,console_repl,IDLE0,IDLE1,ipc0,ipc1
SOAKTASKSZ,6144,1536,1536,1280,1280
[poca-soak] prog cycle=10/150 errors=0 matches=10 psram_free=8385920
[poca-soak] prog cycle=20/150 errors=0 matches=20 psram_free=8385920
[poca-soak] prog cycle=30/150 errors=0 matches=30 psram_free=8385920
[poca-soak] prog cycle=40/150 errors=0 matches=40 psram_free=8385920
[poca-soak] prog cycle=50/150 errors=0 matches=50 psram_free=8385920
[poca-soak] prog cycle=60/150 errors=0 matches=60 psram_free=8385920
[poca-soak] prog cycle=70/150 errors=0 matches=70 psram_free=8385920
[poca-soak] prog cycle=80/150 errors=0 matches=80 psram_free=8385920
[poca-soak] prog cycle=90/150 errors=0 matches=90 psram_free=8385920
[poca-soak] swap cycle v1=baseline v2=baseline_v2 ok=yes (v1=0x1501e22e/MATCH cand=0x771eee2c/MATCH old-while-cand=0x1501e22e/MATCH promoted=0x771eee2c/MATCH)
[poca-soak] prog cycle=100/150 errors=0 matches=103 psram_free=8385920
[poca-soak] prog cycle=110/150 errors=0 matches=113 psram_free=8385920
[poca-soak] prog cycle=120/150 errors=0 matches=123 psram_free=8385920
[poca-soak] prog cycle=130/150 errors=0 matches=133 psram_free=8385920
[poca-soak] prog cycle=140/150 errors=0 matches=143 psram_free=8385920
[poca-soak] prog cycle=150/150 errors=0 matches=153 psram_free=8385920
[T8-heap] phase=soak-final       psram free=8385920 largest=8257536 min_ever=8379144 | iram-exec free=301120 largest=270336 min_ever=293292 | internal free=365183 largest=270336 min_ever=357355
[T8-stack] phase=soak-final tasks=5
[T8-stack]   console_repl     prio=5 stack_hwm=2168B
[T8-stack]   IDLE0            prio=0 stack_hwm=756B
[T8-stack]   IDLE1            prio=0 stack_hwm=752B
[T8-stack]   ipc0             prio=24 stack_hwm=600B
[T8-stack]   ipc1             prio=24 stack_hwm=596B
[poca-soak] samples begin (16 rows)
SOAKSMP,0,0,8385920,8257536,8382236,301120,270336,293348,365183,270336,357411,2168,756,864,600,596
SOAKSMP,1,10,8385920,8257536,8382236,301120,270336,293292,365183,270336,357355,2168,756,864,600,596
SOAKSMP,2,20,8385920,8257536,8382236,301120,270336,293292,365183,270336,357355,2168,756,752,600,596
SOAKSMP,3,30,8385920,8257536,8382236,301120,270336,293292,365183,270336,357355,2168,756,752,600,596
SOAKSMP,4,40,8385920,8257536,8382236,301120,270336,293292,365183,270336,357355,2168,756,752,600,596
SOAKSMP,5,50,8385920,8257536,8382236,301120,270336,293292,365183,270336,357355,2168,756,752,600,596
SOAKSMP,6,60,8385920,8257536,8382236,301120,270336,293292,365183,270336,357355,2168,756,752,600,596
SOAKSMP,7,70,8385920,8257536,8382236,301120,270336,293292,365183,270336,357355,2168,756,752,600,596
SOAKSMP,8,80,8385920,8257536,8382236,301120,270336,293292,365183,270336,357355,2168,756,752,600,596
SOAKSMP,9,90,8385920,8257536,8382236,301120,270336,293292,365183,270336,357355,2168,756,752,600,596
SOAKSMP,10,100,8385920,8257536,8379144,301120,270336,293292,365183,270336,357355,2168,756,752,600,596
SOAKSMP,11,110,8385920,8257536,8379144,301120,270336,293292,365183,270336,357355,2168,756,752,600,596
SOAKSMP,12,120,8385920,8257536,8379144,301120,270336,293292,365183,270336,357355,2168,756,752,600,596
SOAKSMP,13,130,8385920,8257536,8379144,301120,270336,293292,365183,270336,357355,2168,756,752,600,596
SOAKSMP,14,140,8385920,8257536,8379144,301120,270336,293292,365183,270336,357355,2168,756,752,600,596
SOAKSMP,15,150,8385920,8257536,8379144,301120,270336,293292,365183,270336,357355,2168,756,752,600,596
[poca-soak] samples end
SOAKSUM,cycles=150,completed=150,errors=0,value_matches=153,expected_value_matches=153,swaps=1,swap_ok=1,quiesce_noop=151,integrity_probes=3,integrity_ok=3,canary_before=34,canary_after=185,expected_queries=151,elapsed_ms=45617,ring_overflow=no
[poca-soak] DONE (150 cycles, verdict authority = host judge on samples)
poca>  --- SOAK-END ---
--- REGRESSION-BEGIN ---
--- poca> poca status
poca status
elf_loader: vendored espressif 1.3.3 @6526c5b1 (esp-iot-solution)
  ELF_LOADER=y LOAD_PSRAM=y CACHE_OFFSET=y SET_MMU=n DLSO=n
  esp_elf_t state size: 116 bytes
  loader entries: esp_elf_init=0x420113bc esp_elf_relocate=0x420113fc
  registered host imports: poca_host_sentinel poca_host_add
  entry queries so far: 185 (execution canary)
  iram cache syncs so far: 63 (p5 counter)
heap internal  size=    416047 free=    365151 largest=    270336 min_ever=    357355
heap iram-exec size=    351984 free=    301088 largest=    270336 min_ever=    293292
heap psram     size=   8386280 free=   8385920 largest=   8257536 min_ever=   8379144
poca>  
--- poca> poca load baseline
poca load baseline
[poca-load] begin baseline (entry_queries=185)
[poca-load] psram free before=8385920
[poca-load] mpb size=1988 sha256=e5b0a63199cd6ba7e8f54d3cf75a8121e037c5c9aa477a2d8082bfa6c4791f64
[poca] mpb digest MATCH
[poca] view name=baseline version=1.0.0 epoch=1 key_id=e5677a1c abi=1.0 iram=0B max_mem=262144B payloads=1
[poca] view payload[0] span offset=208 length=1708
[poca-load] identity name=baseline version=1.0.0 MATCH
[poca] admission max_mem=262144 default_arena=262144 hard_max=524288 OK
[poca] phdr loads=2 memsz=1900 pad=4120 budget=6020 manifest max_mem=262144
I (91518) ELF: ELF loader version: 1.3.3
I (91518) ELF: elf->entry=0x42061304
[poca-load] entry sym frame_plugin_entry vaddr=0x00000234 mapped=0x3c061304 exec=0x42061304 delta=0x06000000
[poca-load] query fn ptr=0x42061304
[poca-load] table ptr=0x3c06137c struct_size=52 abi=1.2
[poca-load] prepare()=0 OK
[poca-load] text [0x3c061268 .. +0xd0) data [0x3c06133c .. +0x74) bss 0x404 rodata 0x40 drlro 0x34
[poca-load] psram free after=8382532 consumed=3388
[poca-load] PASS
poca>  
--- poca> poca activate
poca activate
[poca-activate] baseline activate fn ptr=0x420612f0
[poca-activate] returned=0x1501e22e expected=0x1501e22e
[poca-activate] MAGIC MATCH
[poca-activate] PASS
poca>  
--- poca> poca unload
poca unload
[poca-unload] psram free after=8385920 (before-load=8385920 delta=+0)
[poca-unload] PASS
poca>  
--- poca> poca iram 3
poca iram 3
[poca-iram] 3 iteration(s): load iram_probe -> IRAM proofs -> unload
[poca-iram] iram free baseline=301012
[poca-load] begin iram_probe (entry_queries=186)
[poca-load] psram free before=8385920
[poca-load] mpb size=2300 sha256=a50f11c55fd229009ea9468f66cd03938cd891dfd55d5b42158bc6138e09d881
[poca] mpb digest MATCH
[poca] view name=iram_probe version=1.0.0 epoch=1 key_id=e5677a1c abi=1.0 iram=97B max_mem=262144B payloads=1
[poca] view payload[0] span offset=208 length=2020
[poca-load] identity name=iram_probe version=1.0.0 MATCH
[poca] admission max_mem=262144 default_arena=262144 hard_max=524288 OK
[poca] phdr loads=2 memsz=2069 pad=4131 budget=6200 manifest max_mem=262144
I (96323) ELF: ELF loader version: 1.3.3
I (96323) ELF: .plugin_iram copied to 0x403dc11c size 97
I (96324) ELF: elf->entry=0x42061450
[poca-load] entry sym frame_plugin_entry vaddr=0x0000029c mapped=0x3c061450 exec=0x42061450 delta=0x06000000
[poca-load] query fn ptr=0x42061450
[poca-load] table ptr=0x3c0614a8 struct_size=52 abi=1.2
[poca-load] prepare()=0 OK
[poca-load] text [0x3c061388 .. +0xd7) data [0x3c061464 .. +0x78) bss 0x404 rodata 0x40 drlro 0x34
[poca-load] iram [0x403dc11c .. +0x61) window0x40=PASS
[poca-load] psram free after=8382236 consumed=3684
[poca-load] PASS
[poca-iram] iram_check fn=0x403dc11c window0x40=PASS
[poca-iram] cache-sync counter=64 (>0=PASS)
[poca-iram] iram_check returned=0xc0ae7429 expected=0xc0ae7429 MATCH
[poca-iram] write-probe .data=0x3c061464 (psram=PASS) wrote=0x5ca1ab1e read_text=0x5ca1ab1e read_host=0x5ca1ab1e MATCH
[poca-unload] psram free after=8385920 (before-load=8385920 delta=+0)
[poca-unload] PASS
[poca-load] begin iram_probe (entry_queries=187)
[poca-load] psram free before=8385920
[poca-load] mpb size=2300 sha256=a50f11c55fd229009ea9468f66cd03938cd891dfd55d5b42158bc6138e09d881
[poca] mpb digest MATCH
[poca] view name=iram_probe version=1.0.0 epoch=1 key_id=e5677a1c abi=1.0 iram=97B max_mem=262144B payloads=1
[poca] view payload[0] span offset=208 length=2020
[poca-load] identity name=iram_probe version=1.0.0 MATCH
[poca] admission max_mem=262144 default_arena=262144 hard_max=524288 OK
[poca] phdr loads=2 memsz=2069 pad=4131 budget=6200 manifest max_mem=262144
I (96637) ELF: ELF loader version: 1.3.3
I (96638) ELF: .plugin_iram copied to 0x403dc11c size 97
I (96638) ELF: elf->entry=0x42061450
[poca-load] entry sym frame_plugin_entry vaddr=0x0000029c mapped=0x3c061450 exec=0x42061450 delta=0x06000000
[poca-load] query fn ptr=0x42061450
[poca-load] table ptr=0x3c0614a8 struct_size=52 abi=1.2
[poca-load] prepare()=0 OK
[poca-load] text [0x3c061388 .. +0xd7) data [0x3c061464 .. +0x78) bss 0x404 rodata 0x40 drlro 0x34
[poca-load] iram [0x403dc11c .. +0x61) window0x40=PASS
[poca-load] psram free after=8382236 consumed=3684
[poca-load] PASS
[poca-iram] iram_check fn=0x403dc11c window0x40=PASS
[poca-iram] cache-sync counter=65 (>0=PASS)
[poca-iram] iram_check returned=0xc0ae7429 expected=0xc0ae7429 MATCH
[poca-iram] write-probe .data=0x3c061464 (psram=PASS) wrote=0x5ca1ab1e read_text=0x5ca1ab1e read_host=0x5ca1ab1e MATCH
[poca-unload] psram free after=8385920 (before-load=8385920 delta=+0)
[poca-unload] PASS
[poca-load] begin iram_probe (entry_queries=188)
[poca-load] psram free before=8385920
[poca-load] mpb size=2300 sha256=a50f11c55fd229009ea9468f66cd03938cd891dfd55d5b42158bc6138e09d881
[poca] mpb digest MATCH
[poca] view name=iram_probe version=1.0.0 epoch=1 key_id=e5677a1c abi=1.0 iram=97B max_mem=262144B payloads=1
[poca] view payload[0] span offset=208 length=2020
[poca-load] identity name=iram_probe version=1.0.0 MATCH
[poca] admission max_mem=262144 default_arena=262144 hard_max=524288 OK
[poca] phdr loads=2 memsz=2069 pad=4131 budget=6200 manifest max_mem=262144
I (96952) ELF: ELF loader version: 1.3.3
I (96952) ELF: .plugin_iram copied to 0x403dc11c size 97
I (96953) ELF: elf->entry=0x42061450
[poca-load] entry sym frame_plugin_entry vaddr=0x0000029c mapped=0x3c061450 exec=0x42061450 delta=0x06000000
[poca-load] query fn ptr=0x42061450
[poca-load] table ptr=0x3c0614a8 struct_size=52 abi=1.2
[poca-load] prepare()=0 OK
[poca-load] text [0x3c061388 .. +0xd7) data [0x3c061464 .. +0x78) bss 0x404 rodata 0x40 drlro 0x34
[poca-load] iram [0x403dc11c .. +0x61) window0x40=PASS
[poca-load] psram free after=8382236 consumed=3684
[poca-load] PASS
[poca-iram] iram_check fn=0x403dc11c window0x40=PASS
[poca-iram] cache-sync counter=66 (>0=PASS)
[poca-iram] iram_check returned=0xc0ae7429 expected=0xc0ae7429 MATCH
[poca-iram] write-probe .data=0x3c061464 (psram=PASS) wrote=0x5ca1ab1e read_text=0x5ca1ab1e read_host=0x5ca1ab1e MATCH
[poca-unload] psram free after=8385920 (before-load=8385920 delta=+0)
[poca-unload] PASS
[poca-iram] watermark iter=3 iram_free=301012 (baseline=301012 delta=+0)
[poca-iram] final iram free=301012 drift=+0 (no leak)
[poca-iram] PASS (3 cycle(s))
poca>  
--- poca> poca status
poca status
elf_loader: vendored espressif 1.3.3 @6526c5b1 (esp-iot-solution)
  ELF_LOADER=y LOAD_PSRAM=y CACHE_OFFSET=y SET_MMU=n DLSO=n
  esp_elf_t state size: 116 bytes
  loader entries: esp_elf_init=0x420113bc esp_elf_relocate=0x420113fc
  registered host imports: poca_host_sentinel poca_host_add
  entry queries so far: 189 (execution canary)
  iram cache syncs so far: 66 (p5 counter)
heap internal  size=    416027 free=    365059 largest=    270336 min_ever=    357247
heap iram-exec size=    351964 free=    300996 largest=    270336 min_ever=    293184
heap psram     size=   8386280 free=   8385920 largest=   8257536 min_ever=   8379144
poca>  
--- REGRESSION-END ---
SOAK VERDICT: PASS (18/18 criteria)
  [PASS] f.completed: completed=150/150
  [PASS] f.errors: errors=0 fail_lines=0
  [PASS] f.matches: value_matches=153 expected=153 computed=153
  [PASS] f.swaps: swaps=1 (cycles/100)
  [PASS] f.swap_ok: swap_ok=1/1 lines=1
  [PASS] f.canary: canary_delta=151 expected_queries=151 (cycles+swaps=151)
  [PASS] f.samples: sample_rows=16 expected=16
  [PASS] f.prog: prog_lines=15 expected=15
  [PASS] f.done: device DONE line present
  [PASS] e.integrity: integrity_ok=3/3 expected_probes=3
  [PASS] a.psram_largest_decline: q1_mean=8257536 q4_mean=8257536 decline=0.00% (limit 15%)
  [PASS] a.psram_largest_monotone: outside-noise steps dec=0 inc=0 (noise=41288B, mono-fail iff inc==0 and dec>=3)
  [PASS] b.psram_min_ever: psram min_ever first=8382236 last=8379144 delta=3092B (<arena 262144B)
  [PASS] b.iram_min_ever: iram min_ever first=293348 last=293292 delta=56B
  [PASS] c.internal_free_trend: q1_mean=365183 q4_mean=365183 decline=0.00% dec=0 inc=0
  [PASS] d.stack_margin: console_repl hwm=2168B/6144B (used 64.7%); IDLE0 hwm=756B/1536B (used 50.8%); IDLE1 hwm=752B/1536B (used 51.0%); ipc0 hwm=600B/1280B (used 53.1%); ipc1 hwm=596B/1280B (used 53.4%)
  [PASS] x.no_crash_wdt: needle hits=none
  [PASS] x.regression: post-soak load/activate/unload + iram 3
  wall time on device: 45.6s (mix=default, samples=16)
=== T9 soak raw capture 2026-09-01T00:49:32 cycles=1000 mix=default port=/dev/ttyACM0 ===
--- poca> poca status
poca status
elf_loader: vendored espressif 1.3.3 @6526c5b1 (esp-iot-solution)
  ELF_LOADER=y LOAD_PSRAM=y CACHE_OFFSET=y SET_MMU=n DLSO=n
  esp_elf_t state size: 116 bytes
  loader entries: esp_elf_init=0x420113bc esp_elf_relocate=0x420113fc
  registered host imports: poca_host_sentinel poca_host_add
  entry queries so far: 189 (execution canary)
  iram cache syncs so far: 66 (p5 counter)
heap internal  size=    416019 free=    365027 largest=    270336 min_ever=    357247
heap iram-exec size=    351956 free=    300964 largest=    270336 min_ever=    293184
heap psram     size=   8386280 free=   8385920 largest=   8257536 min_ever=   8379144
poca>  
--- SOAK-BEGIN ---
poca soak 1000 default
SOAKHDR,cycles=1000,sample_every=10,swap_every=100,integrity_every=50,mix=default
[poca-soak] quiesce semantics: no quiesce fn in the ABI 1.2 entry table; NULL entry = trivial success (4.14.2 minimal subset)
[T8-heap] phase=soak-baseline    psram free=8385920 largest=8257536 min_ever=8379144 | iram-exec free=300936 largest=270336 min_ever=293184 | internal free=364999 largest=270336 min_ever=357247
[T8-stack] phase=soak-baseline tasks=5
[T8-stack]   console_repl     prio=5 stack_hwm=2168B
[T8-stack]   IDLE0            prio=0 stack_hwm=756B
[T8-stack]   IDLE1            prio=0 stack_hwm=752B
[T8-stack]   ipc1             prio=24 stack_hwm=596B
[T8-stack]   ipc0             prio=24 stack_hwm=600B
SOAKTASKS,console_repl,IDLE0,IDLE1,ipc0,ipc1
SOAKTASKSZ,6144,1536,1536,1280,1280
[poca-soak] prog cycle=10/1000 errors=0 matches=10 psram_free=8385920
[poca-soak] prog cycle=20/1000 errors=0 matches=20 psram_free=8385920
[poca-soak] prog cycle=30/1000 errors=0 matches=30 psram_free=8385920
[poca-soak] prog cycle=40/1000 errors=0 matches=40 psram_free=8385920
[poca-soak] prog cycle=50/1000 errors=0 matches=50 psram_free=8385920
[poca-soak] prog cycle=60/1000 errors=0 matches=60 psram_free=8385920
[poca-soak] prog cycle=70/1000 errors=0 matches=70 psram_free=8385920
[poca-soak] prog cycle=80/1000 errors=0 matches=80 psram_free=8385920
[poca-soak] prog cycle=90/1000 errors=0 matches=90 psram_free=8385920
[poca-soak] swap cycle v1=baseline v2=baseline_v2 ok=yes (v1=0x1501e22e/MATCH cand=0x771eee2c/MATCH old-while-cand=0x1501e22e/MATCH promoted=0x771eee2c/MATCH)
[poca-soak] prog cycle=100/1000 errors=0 matches=103 psram_free=8385920
[poca-soak] prog cycle=110/1000 errors=0 matches=113 psram_free=8385920
[poca-soak] prog cycle=120/1000 errors=0 matches=123 psram_free=8385920
[poca-soak] prog cycle=130/1000 errors=0 matches=133 psram_free=8385920
[poca-soak] prog cycle=140/1000 errors=0 matches=143 psram_free=8385920
[poca-soak] prog cycle=150/1000 errors=0 matches=153 psram_free=8385920
[poca-soak] prog cycle=160/1000 errors=0 matches=163 psram_free=8385920
[poca-soak] prog cycle=170/1000 errors=0 matches=173 psram_free=8385920
[poca-soak] prog cycle=180/1000 errors=0 matches=183 psram_free=8385920
[poca-soak] prog cycle=190/1000 errors=0 matches=193 psram_free=8385920
[poca-soak] swap cycle v1=baseline v2=baseline_v2 ok=yes (v1=0x1501e22e/MATCH cand=0x771eee2c/MATCH old-while-cand=0x1501e22e/MATCH promoted=0x771eee2c/MATCH)
[poca-soak] prog cycle=200/1000 errors=0 matches=206 psram_free=8385920
[poca-soak] prog cycle=210/1000 errors=0 matches=216 psram_free=8385920
[poca-soak] prog cycle=220/1000 errors=0 matches=226 psram_free=8385920
[poca-soak] prog cycle=230/1000 errors=0 matches=236 psram_free=8385920
[poca-soak] prog cycle=240/1000 errors=0 matches=246 psram_free=8385920
[poca-soak] prog cycle=250/1000 errors=0 matches=256 psram_free=8385920
[poca-soak] prog cycle=260/1000 errors=0 matches=266 psram_free=8385920
[poca-soak] prog cycle=270/1000 errors=0 matches=276 psram_free=8385920
[poca-soak] prog cycle=280/1000 errors=0 matches=286 psram_free=8385920
[poca-soak] prog cycle=290/1000 errors=0 matches=296 psram_free=8385920
[poca-soak] swap cycle v1=baseline v2=baseline_v2 ok=yes (v1=0x1501e22e/MATCH cand=0x771eee2c/MATCH old-while-cand=0x1501e22e/MATCH promoted=0x771eee2c/MATCH)
[poca-soak] prog cycle=300/1000 errors=0 matches=309 psram_free=8385920
[poca-soak] prog cycle=310/1000 errors=0 matches=319 psram_free=8385920
[poca-soak] prog cycle=320/1000 errors=0 matches=329 psram_free=8385920
[poca-soak] prog cycle=330/1000 errors=0 matches=339 psram_free=8385920
[poca-soak] prog cycle=340/1000 errors=0 matches=349 psram_free=8385920
[poca-soak] prog cycle=350/1000 errors=0 matches=359 psram_free=8385920
[poca-soak] prog cycle=360/1000 errors=0 matches=369 psram_free=8385920
[poca-soak] prog cycle=370/1000 errors=0 matches=379 psram_free=8385920
[poca-soak] prog cycle=380/1000 errors=0 matches=389 psram_free=8385920
[poca-soak] prog cycle=390/1000 errors=0 matches=399 psram_free=8385920
[poca-soak] swap cycle v1=baseline v2=baseline_v2 ok=yes (v1=0x1501e22e/MATCH cand=0x771eee2c/MATCH old-while-cand=0x1501e22e/MATCH promoted=0x771eee2c/MATCH)
[poca-soak] prog cycle=400/1000 errors=0 matches=412 psram_free=8385920
[poca-soak] prog cycle=410/1000 errors=0 matches=422 psram_free=8385920
[poca-soak] prog cycle=420/1000 errors=0 matches=432 psram_free=8385920
[poca-soak] prog cycle=430/1000 errors=0 matches=442 psram_free=8385920
[poca-soak] prog cycle=440/1000 errors=0 matches=452 psram_free=8385920
[poca-soak] prog cycle=450/1000 errors=0 matches=462 psram_free=8385920
[poca-soak] prog cycle=460/1000 errors=0 matches=472 psram_free=8385920
[poca-soak] prog cycle=470/1000 errors=0 matches=482 psram_free=8385920
[poca-soak] prog cycle=480/1000 errors=0 matches=492 psram_free=8385920
[poca-soak] prog cycle=490/1000 errors=0 matches=502 psram_free=8385920
[poca-soak] swap cycle v1=baseline v2=baseline_v2 ok=yes (v1=0x1501e22e/MATCH cand=0x771eee2c/MATCH old-while-cand=0x1501e22e/MATCH promoted=0x771eee2c/MATCH)
[poca-soak] prog cycle=500/1000 errors=0 matches=515 psram_free=8385920
[poca-soak] prog cycle=510/1000 errors=0 matches=525 psram_free=8385920
[poca-soak] prog cycle=520/1000 errors=0 matches=535 psram_free=8385920
[poca-soak] prog cycle=530/1000 errors=0 matches=545 psram_free=8385920
[poca-soak] prog cycle=540/1000 errors=0 matches=555 psram_free=8385920
[poca-soak] prog cycle=550/1000 errors=0 matches=565 psram_free=8385920
[poca-soak] prog cycle=560/1000 errors=0 matches=575 psram_free=8385920
[poca-soak] prog cycle=570/1000 errors=0 matches=585 psram_free=8385920
[poca-soak] prog cycle=580/1000 errors=0 matches=595 psram_free=8385920
[poca-soak] prog cycle=590/1000 errors=0 matches=605 psram_free=8385920
[poca-soak] swap cycle v1=baseline v2=baseline_v2 ok=yes (v1=0x1501e22e/MATCH cand=0x771eee2c/MATCH old-while-cand=0x1501e22e/MATCH promoted=0x771eee2c/MATCH)
[poca-soak] prog cycle=600/1000 errors=0 matches=618 psram_free=8385920
[poca-soak] prog cycle=610/1000 errors=0 matches=628 psram_free=8385920
[poca-soak] prog cycle=620/1000 errors=0 matches=638 psram_free=8385920
[poca-soak] prog cycle=630/1000 errors=0 matches=648 psram_free=8385920
[poca-soak] prog cycle=640/1000 errors=0 matches=658 psram_free=8385920
[poca-soak] prog cycle=650/1000 errors=0 matches=668 psram_free=8385920
[poca-soak] prog cycle=660/1000 errors=0 matches=678 psram_free=8385920
[poca-soak] prog cycle=670/1000 errors=0 matches=688 psram_free=8385920
[poca-soak] prog cycle=680/1000 errors=0 matches=698 psram_free=8385920
[poca-soak] prog cycle=690/1000 errors=0 matches=708 psram_free=8385920
[poca-soak] swap cycle v1=baseline v2=baseline_v2 ok=yes (v1=0x1501e22e/MATCH cand=0x771eee2c/MATCH old-while-cand=0x1501e22e/MATCH promoted=0x771eee2c/MATCH)
[poca-soak] prog cycle=700/1000 errors=0 matches=721 psram_free=8385920
[poca-soak] prog cycle=710/1000 errors=0 matches=731 psram_free=8385920
[poca-soak] prog cycle=720/1000 errors=0 matches=741 psram_free=8385920
[poca-soak] prog cycle=730/1000 errors=0 matches=751 psram_free=8385920
[poca-soak] prog cycle=740/1000 errors=0 matches=761 psram_free=8385920
[poca-soak] prog cycle=750/1000 errors=0 matches=771 psram_free=8385920
[poca-soak] prog cycle=760/1000 errors=0 matches=781 psram_free=8385920
[poca-soak] prog cycle=770/1000 errors=0 matches=791 psram_free=8385920
[poca-soak] prog cycle=780/1000 errors=0 matches=801 psram_free=8385920
[poca-soak] prog cycle=790/1000 errors=0 matches=811 psram_free=8385920
[poca-soak] swap cycle v1=baseline v2=baseline_v2 ok=yes (v1=0x1501e22e/MATCH cand=0x771eee2c/MATCH old-while-cand=0x1501e22e/MATCH promoted=0x771eee2c/MATCH)
[poca-soak] prog cycle=800/1000 errors=0 matches=824 psram_free=8385920
[poca-soak] prog cycle=810/1000 errors=0 matches=834 psram_free=8385920
[poca-soak] prog cycle=820/1000 errors=0 matches=844 psram_free=8385920
[poca-soak] prog cycle=830/1000 errors=0 matches=854 psram_free=8385920
[poca-soak] prog cycle=840/1000 errors=0 matches=864 psram_free=8385920
[poca-soak] prog cycle=850/1000 errors=0 matches=874 psram_free=8385920
[poca-soak] prog cycle=860/1000 errors=0 matches=884 psram_free=8385920
[poca-soak] prog cycle=870/1000 errors=0 matches=894 psram_free=8385920
[poca-soak] prog cycle=880/1000 errors=0 matches=904 psram_free=8385920
[poca-soak] prog cycle=890/1000 errors=0 matches=914 psram_free=8385920
[poca-soak] swap cycle v1=baseline v2=baseline_v2 ok=yes (v1=0x1501e22e/MATCH cand=0x771eee2c/MATCH old-while-cand=0x1501e22e/MATCH promoted=0x771eee2c/MATCH)
[poca-soak] prog cycle=900/1000 errors=0 matches=927 psram_free=8385920
[poca-soak] prog cycle=910/1000 errors=0 matches=937 psram_free=8385920
[poca-soak] prog cycle=920/1000 errors=0 matches=947 psram_free=8385920
[poca-soak] prog cycle=930/1000 errors=0 matches=957 psram_free=8385920
[poca-soak] prog cycle=940/1000 errors=0 matches=967 psram_free=8385920
[poca-soak] prog cycle=950/1000 errors=0 matches=977 psram_free=8385920
[poca-soak] prog cycle=960/1000 errors=0 matches=987 psram_free=8385920
[poca-soak] prog cycle=970/1000 errors=0 matches=997 psram_free=8385920
[poca-soak] prog cycle=980/1000 errors=0 matches=1007 psram_free=8385920
[poca-soak] prog cycle=990/1000 errors=0 matches=1017 psram_free=8385920
[poca-soak] swap cycle v1=baseline v2=baseline_v2 ok=yes (v1=0x1501e22e/MATCH cand=0x771eee2c/MATCH old-while-cand=0x1501e22e/MATCH promoted=0x771eee2c/MATCH)
[poca-soak] prog cycle=1000/1000 errors=0 matches=1030 psram_free=8385920
[T8-heap] phase=soak-final       psram free=8385920 largest=8257536 min_ever=8379144 | iram-exec free=300936 largest=270336 min_ever=293096 | internal free=364999 largest=270336 min_ever=357159
[T8-stack] phase=soak-final tasks=5
[T8-stack]   console_repl     prio=5 stack_hwm=2088B
[T8-stack]   IDLE0            prio=0 stack_hwm=756B
[T8-stack]   IDLE1            prio=0 stack_hwm=752B
[T8-stack]   ipc1             prio=24 stack_hwm=596B
[T8-stack]   ipc0             prio=24 stack_hwm=600B
[poca-soak] samples begin (101 rows)
SOAKSMP,0,0,8385920,8257536,8379144,300936,270336,293184,364999,270336,357247,2168,756,752,600,596
SOAKSMP,1,10,8385920,8257536,8379144,300936,270336,293096,364999,270336,357159,2168,756,752,600,596
SOAKSMP,2,20,8385920,8257536,8379144,300936,270336,293096,364999,270336,357159,2168,756,752,600,596
SOAKSMP,3,30,8385920,8257536,8379144,300936,270336,293096,364999,270336,357159,2168,756,752,600,596
SOAKSMP,4,40,8385920,8257536,8379144,300936,270336,293096,364999,270336,357159,2168,756,752,600,596
SOAKSMP,5,50,8385920,8257536,8379144,300936,270336,293096,364999,270336,357159,2168,756,752,600,596
SOAKSMP,6,60,8385920,8257536,8379144,300936,270336,293096,364999,270336,357159,2168,756,752,600,596
SOAKSMP,7,70,8385920,8257536,8379144,300936,270336,293096,364999,270336,357159,2168,756,752,600,596
SOAKSMP,8,80,8385920,8257536,8379144,300936,270336,293096,364999,270336,357159,2168,756,752,600,596
SOAKSMP,9,90,8385920,8257536,8379144,300936,270336,293096,364999,270336,357159,2168,756,752,600,596
SOAKSMP,10,100,8385920,8257536,8379144,300936,270336,293096,364999,270336,357159,2168,756,752,600,596
SOAKSMP,11,110,8385920,8257536,8379144,300936,270336,293096,364999,270336,357159,2168,756,752,600,596
SOAKSMP,12,120,8385920,8257536,8379144,300936,270336,293096,364999,270336,357159,2168,756,752,600,596
SOAKSMP,13,130,8385920,8257536,8379144,300936,270336,293096,364999,270336,357159,2168,756,752,600,596
SOAKSMP,14,140,8385920,8257536,8379144,300936,270336,293096,364999,270336,357159,2168,756,752,600,596
SOAKSMP,15,150,8385920,8257536,8379144,300936,270336,293096,364999,270336,357159,2168,756,752,600,596
SOAKSMP,16,160,8385920,8257536,8379144,300936,270336,293096,364999,270336,357159,2168,756,752,600,596
SOAKSMP,17,170,8385920,8257536,8379144,300936,270336,293096,364999,270336,357159,2168,756,752,600,596
SOAKSMP,18,180,8385920,8257536,8379144,300936,270336,293096,364999,270336,357159,2168,756,752,600,596
SOAKSMP,19,190,8385920,8257536,8379144,300936,270336,293096,364999,270336,357159,2168,756,752,600,596
SOAKSMP,20,200,8385920,8257536,8379144,300936,270336,293096,364999,270336,357159,2088,756,752,600,596
SOAKSMP,21,210,8385920,8257536,8379144,300936,270336,293096,364999,270336,357159,2088,756,752,600,596
SOAKSMP,22,220,8385920,8257536,8379144,300936,270336,293096,364999,270336,357159,2088,756,752,600,596
SOAKSMP,23,230,8385920,8257536,8379144,300936,270336,293096,364999,270336,357159,2088,756,752,600,596
SOAKSMP,24,240,8385920,8257536,8379144,300936,270336,293096,364999,270336,357159,2088,756,752,600,596
SOAKSMP,25,250,8385920,8257536,8379144,300936,270336,293096,364999,270336,357159,2088,756,752,600,596
SOAKSMP,26,260,8385920,8257536,8379144,300936,270336,293096,364999,270336,357159,2088,756,752,600,596
SOAKSMP,27,270,8385920,8257536,8379144,300936,270336,293096,364999,270336,357159,2088,756,752,600,596
SOAKSMP,28,280,8385920,8257536,8379144,300936,270336,293096,364999,270336,357159,2088,756,752,600,596
SOAKSMP,29,290,8385920,8257536,8379144,300936,270336,293096,364999,270336,357159,2088,756,752,600,596
SOAKSMP,30,300,8385920,8257536,8379144,300936,270336,293096,364999,270336,357159,2088,756,752,600,596
SOAKSMP,31,310,8385920,8257536,8379144,300936,270336,293096,364999,270336,357159,2088,756,752,600,596
SOAKSMP,32,320,8385920,8257536,8379144,300936,270336,293096,364999,270336,357159,2088,756,752,600,596
SOAKSMP,33,330,8385920,8257536,8379144,300936,270336,293096,364999,270336,357159,2088,756,752,600,596
SOAKSMP,34,340,8385920,8257536,8379144,300936,270336,293096,364999,270336,357159,2088,756,752,600,596
SOAKSMP,35,350,8385920,8257536,8379144,300936,270336,293096,364999,270336,357159,2088,756,752,600,596
SOAKSMP,36,360,8385920,8257536,8379144,300936,270336,293096,364999,270336,357159,2088,756,752,600,596
SOAKSMP,37,370,8385920,8257536,8379144,300936,270336,293096,364999,270336,357159,2088,756,752,600,596
SOAKSMP,38,380,8385920,8257536,8379144,300936,270336,293096,364999,270336,357159,2088,756,752,600,596
SOAKSMP,39,390,8385920,8257536,8379144,300936,270336,293096,364999,270336,357159,2088,756,752,600,596
SOAKSMP,40,400,8385920,8257536,8379144,300936,270336,293096,364999,270336,357159,2088,756,752,600,596
SOAKSMP,41,410,8385920,8257536,8379144,300936,270336,293096,364999,270336,357159,2088,756,752,600,596
SOAKSMP,42,420,8385920,8257536,8379144,300936,270336,293096,364999,270336,357159,2088,756,752,600,596
SOAKSMP,43,430,8385920,8257536,8379144,300936,270336,293096,364999,270336,357159,2088,756,752,600,596
SOAKSMP,44,440,8385920,8257536,8379144,300936,270336,293096,364999,270336,357159,2088,756,752,600,596
SOAKSMP,45,450,8385920,8257536,8379144,300936,270336,293096,364999,270336,357159,2088,756,752,600,596
SOAKSMP,46,460,8385920,8257536,8379144,300936,270336,293096,364999,270336,357159,2088,756,752,600,596
SOAKSMP,47,470,8385920,8257536,8379144,300936,270336,293096,364999,270336,357159,2088,756,752,600,596
SOAKSMP,48,480,8385920,8257536,8379144,300936,270336,293096,364999,270336,357159,2088,756,752,600,596
SOAKSMP,49,490,8385920,8257536,8379144,300936,270336,293096,364999,270336,357159,2088,756,752,600,596
SOAKSMP,50,500,8385920,8257536,8379144,300936,270336,293096,364999,270336,357159,2088,756,752,600,596
SOAKSMP,51,510,8385920,8257536,8379144,300936,270336,293096,364999,270336,357159,2088,756,752,600,596
SOAKSMP,52,520,8385920,8257536,8379144,300936,270336,293096,364999,270336,357159,2088,756,752,600,596
SOAKSMP,53,530,8385920,8257536,8379144,300936,270336,293096,364999,270336,357159,2088,756,752,600,596
SOAKSMP,54,540,8385920,8257536,8379144,300936,270336,293096,364999,270336,357159,2088,756,752,600,596
SOAKSMP,55,550,8385920,8257536,8379144,300936,270336,293096,364999,270336,357159,2088,756,752,600,596
SOAKSMP,56,560,8385920,8257536,8379144,300936,270336,293096,364999,270336,357159,2088,756,752,600,596
SOAKSMP,57,570,8385920,8257536,8379144,300936,270336,293096,364999,270336,357159,2088,756,752,600,596
SOAKSMP,58,580,8385920,8257536,8379144,300936,270336,293096,364999,270336,357159,2088,756,752,600,596
SOAKSMP,59,590,8385920,8257536,8379144,300936,270336,293096,364999,270336,357159,2088,756,752,600,596
SOAKSMP,60,600,8385920,8257536,8379144,300936,270336,293096,364999,270336,357159,2088,756,752,600,596
SOAKSMP,61,610,8385920,8257536,8379144,300936,270336,293096,364999,270336,357159,2088,756,752,600,596
SOAKSMP,62,620,8385920,8257536,8379144,300936,270336,293096,364999,270336,357159,2088,756,752,600,596
SOAKSMP,63,630,8385920,8257536,8379144,300936,270336,293096,364999,270336,357159,2088,756,752,600,596
SOAKSMP,64,640,8385920,8257536,8379144,300936,270336,293096,364999,270336,357159,2088,756,752,600,596
SOAKSMP,65,650,8385920,8257536,8379144,300936,270336,293096,364999,270336,357159,2088,756,752,600,596
SOAKSMP,66,660,8385920,8257536,8379144,300936,270336,293096,364999,270336,357159,2088,756,752,600,596
SOAKSMP,67,670,8385920,8257536,8379144,300936,270336,293096,364999,270336,357159,2088,756,752,600,596
SOAKSMP,68,680,8385920,8257536,8379144,300936,270336,293096,364999,270336,357159,2088,756,752,600,596
SOAKSMP,69,690,8385920,8257536,8379144,300936,270336,293096,364999,270336,357159,2088,756,752,600,596
SOAKSMP,70,700,8385920,8257536,8379144,300936,270336,293096,364999,270336,357159,2088,756,752,600,596
SOAKSMP,71,710,8385920,8257536,8379144,300936,270336,293096,364999,270336,357159,2088,756,752,600,596
SOAKSMP,72,720,8385920,8257536,8379144,300936,270336,293096,364999,270336,357159,2088,756,752,600,596
SOAKSMP,73,730,8385920,8257536,8379144,300936,270336,293096,364999,270336,357159,2088,756,752,600,596
SOAKSMP,74,740,8385920,8257536,8379144,300936,270336,293096,364999,270336,357159,2088,756,752,600,596
SOAKSMP,75,750,8385920,8257536,8379144,300936,270336,293096,364999,270336,357159,2088,756,752,600,596
SOAKSMP,76,760,8385920,8257536,8379144,300936,270336,293096,364999,270336,357159,2088,756,752,600,596
SOAKSMP,77,770,8385920,8257536,8379144,300936,270336,293096,364999,270336,357159,2088,756,752,600,596
SOAKSMP,78,780,8385920,8257536,8379144,300936,270336,293096,364999,270336,357159,2088,756,752,600,596
SOAKSMP,79,790,8385920,8257536,8379144,300936,270336,293096,364999,270336,357159,2088,756,752,600,596
SOAKSMP,80,800,8385920,8257536,8379144,300936,270336,293096,364999,270336,357159,2088,756,752,600,596
SOAKSMP,81,810,8385920,8257536,8379144,300936,270336,293096,364999,270336,357159,2088,756,752,600,596
SOAKSMP,82,820,8385920,8257536,8379144,300936,270336,293096,364999,270336,357159,2088,756,752,600,596
SOAKSMP,83,830,8385920,8257536,8379144,300936,270336,293096,364999,270336,357159,2088,756,752,600,596
SOAKSMP,84,840,8385920,8257536,8379144,300936,270336,293096,364999,270336,357159,2088,756,752,600,596
SOAKSMP,85,850,8385920,8257536,8379144,300936,270336,293096,364999,270336,357159,2088,756,752,600,596
SOAKSMP,86,860,8385920,8257536,8379144,300936,270336,293096,364999,270336,357159,2088,756,752,600,596
SOAKSMP,87,870,8385920,8257536,8379144,300936,270336,293096,364999,270336,357159,2088,756,752,600,596
SOAKSMP,88,880,8385920,8257536,8379144,300936,270336,293096,364999,270336,357159,2088,756,752,600,596
SOAKSMP,89,890,8385920,8257536,8379144,300936,270336,293096,364999,270336,357159,2088,756,752,600,596
SOAKSMP,90,900,8385920,8257536,8379144,300936,270336,293096,364999,270336,357159,2088,756,752,600,596
SOAKSMP,91,910,8385920,8257536,8379144,300936,270336,293096,364999,270336,357159,2088,756,752,600,596
SOAKSMP,92,920,8385920,8257536,8379144,300936,270336,293096,364999,270336,357159,2088,756,752,600,596
SOAKSMP,93,930,8385920,8257536,8379144,300936,270336,293096,364999,270336,357159,2088,756,752,600,596
SOAKSMP,94,940,8385920,8257536,8379144,300936,270336,293096,364999,270336,357159,2088,756,752,600,596
SOAKSMP,95,950,8385920,8257536,8379144,300936,270336,293096,364999,270336,357159,2088,756,752,600,596
SOAKSMP,96,960,8385920,8257536,8379144,300936,270336,293096,364999,270336,357159,2088,756,752,600,596
SOAKSMP,97,970,8385920,8257536,8379144,300936,270336,293096,364999,270336,357159,2088,756,752,600,596
SOAKSMP,98,980,8385920,8257536,8379144,300936,270336,293096,364999,270336,357159,2088,756,752,600,596
SOAKSMP,99,990,8385920,8257536,8379144,300936,270336,293096,364999,270336,357159,2088,756,752,600,596
SOAKSMP,100,1000,8385920,8257536,8379144,300936,270336,293096,364999,270336,357159,2088,756,752,600,596
[poca-soak] samples end
SOAKSUM,cycles=1000,completed=1000,errors=0,value_matches=1030,expected_value_matches=1030,swaps=10,swap_ok=10,quiesce_noop=1010,integrity_probes=20,integrity_ok=20,canary_before=189,canary_after=1199,expected_queries=1010,elapsed_ms=305119,ring_overflow=no
[poca-soak] DONE (1000 cycles, verdict authority = host judge on samples)
poca>  --- SOAK-END ---
--- REGRESSION-BEGIN ---
--- poca> poca status
poca status
elf_loader: vendored espressif 1.3.3 @6526c5b1 (esp-iot-solution)
  ELF_LOADER=y LOAD_PSRAM=y CACHE_OFFSET=y SET_MMU=n DLSO=n
  esp_elf_t state size: 116 bytes
  loader entries: esp_elf_init=0x420113bc esp_elf_relocate=0x420113fc
  registered host imports: poca_host_sentinel poca_host_add
  entry queries so far: 1199 (execution canary)
  iram cache syncs so far: 396 (p5 counter)
heap internal  size=    416007 free=    364963 largest=    270336 min_ever=    357159
heap iram-exec size=    351944 free=    300900 largest=    270336 min_ever=    293096
heap psram     size=   8386280 free=   8385920 largest=   8257536 min_ever=   8379144
poca>  
--- poca> poca load baseline
poca load baseline
[poca-load] begin baseline (entry_queries=1199)
[poca-load] psram free before=8385920
[poca-load] mpb size=1988 sha256=e5b0a63199cd6ba7e8f54d3cf75a8121e037c5c9aa477a2d8082bfa6c4791f64
[poca] mpb digest MATCH
[poca] view name=baseline version=1.0.0 epoch=1 key_id=e5677a1c abi=1.0 iram=0B max_mem=262144B payloads=1
[poca] view payload[0] span offset=208 length=1708
[poca-load] identity name=baseline version=1.0.0 MATCH
[poca] admission max_mem=262144 default_arena=262144 hard_max=524288 OK
[poca] phdr loads=2 memsz=1900 pad=4120 budget=6020 manifest max_mem=262144
I (422736) ELF: ELF loader version: 1.3.3
I (422737) ELF: elf->entry=0x42061304
[poca-load] entry sym frame_plugin_entry vaddr=0x00000234 mapped=0x3c061304 exec=0x42061304 delta=0x06000000
[poca-load] query fn ptr=0x42061304
[poca-load] table ptr=0x3c06137c struct_size=52 abi=1.2
[poca-load] prepare()=0 OK
[poca-load] text [0x3c061268 .. +0xd0) data [0x3c06133c .. +0x74) bss 0x404 rodata 0x40 drlro 0x34
[poca-load] psram free after=8382532 consumed=3388
[poca-load] PASS
poca>  
--- poca> poca activate
poca activate
[poca-activate] baseline activate fn ptr=0x420612f0
[poca-activate] returned=0x1501e22e expected=0x1501e22e
[poca-activate] MAGIC MATCH
[poca-activate] PASS
poca>  
--- poca> poca unload
poca unload
[poca-unload] psram free after=8385920 (before-load=8385920 delta=+0)
[poca-unload] PASS
poca>  
--- poca> poca iram 3
poca iram 3
[poca-iram] 3 iteration(s): load iram_probe -> IRAM proofs -> unload
[poca-iram] iram free baseline=300824
[poca-load] begin iram_probe (entry_queries=1200)
[poca-load] psram free before=8385920
[poca-load] mpb size=2300 sha256=a50f11c55fd229009ea9468f66cd03938cd891dfd55d5b42158bc6138e09d881
[poca] mpb digest MATCH
[poca] view name=iram_probe version=1.0.0 epoch=1 key_id=e5677a1c abi=1.0 iram=97B max_mem=262144B payloads=1
[poca] view payload[0] span offset=208 length=2020
[poca-load] identity name=iram_probe version=1.0.0 MATCH
[poca] admission max_mem=262144 default_arena=262144 hard_max=524288 OK
[poca] phdr loads=2 memsz=2069 pad=4131 budget=6200 manifest max_mem=262144
I (427540) ELF: ELF loader version: 1.3.3
I (427541) ELF: .plugin_iram copied to 0x403dc194 size 97
I (427541) ELF: elf->entry=0x42061450
[poca-load] entry sym frame_plugin_entry vaddr=0x0000029c mapped=0x3c061450 exec=0x42061450 delta=0x06000000
[poca-load] query fn ptr=0x42061450
[poca-load] table ptr=0x3c0614a8 struct_size=52 abi=1.2
[poca-load] prepare()=0 OK
[poca-load] text [0x3c061388 .. +0xd7) data [0x3c061464 .. +0x78) bss 0x404 rodata 0x40 drlro 0x34
[poca-load] iram [0x403dc194 .. +0x61) window0x40=PASS
[poca-load] psram free after=8382236 consumed=3684
[poca-load] PASS
[poca-iram] iram_check fn=0x403dc194 window0x40=PASS
[poca-iram] cache-sync counter=397 (>0=PASS)
[poca-iram] iram_check returned=0xc0ae7429 expected=0xc0ae7429 MATCH
[poca-iram] write-probe .data=0x3c061464 (psram=PASS) wrote=0x5ca1ab1e read_text=0x5ca1ab1e read_host=0x5ca1ab1e MATCH
[poca-unload] psram free after=8385920 (before-load=8385920 delta=+0)
[poca-unload] PASS
[poca-load] begin iram_probe (entry_queries=1201)
[poca-load] psram free before=8385920
[poca-load] mpb size=2300 sha256=a50f11c55fd229009ea9468f66cd03938cd891dfd55d5b42158bc6138e09d881
[poca] mpb digest MATCH
[poca] view name=iram_probe version=1.0.0 epoch=1 key_id=e5677a1c abi=1.0 iram=97B max_mem=262144B payloads=1
[poca] view payload[0] span offset=208 length=2020
[poca-load] identity name=iram_probe version=1.0.0 MATCH
[poca] admission max_mem=262144 default_arena=262144 hard_max=524288 OK
[poca] phdr loads=2 memsz=2069 pad=4131 budget=6200 manifest max_mem=262144
I (427855) ELF: ELF loader version: 1.3.3
I (427855) ELF: .plugin_iram copied to 0x403dc194 size 97
I (427856) ELF: elf->entry=0x42061450
[poca-load] entry sym frame_plugin_entry vaddr=0x0000029c mapped=0x3c061450 exec=0x42061450 delta=0x06000000
[poca-load] query fn ptr=0x42061450
[poca-load] table ptr=0x3c0614a8 struct_size=52 abi=1.2
[poca-load] prepare()=0 OK
[poca-load] text [0x3c061388 .. +0xd7) data [0x3c061464 .. +0x78) bss 0x404 rodata 0x40 drlro 0x34
[poca-load] iram [0x403dc194 .. +0x61) window0x40=PASS
[poca-load] psram free after=8382236 consumed=3684
[poca-load] PASS
[poca-iram] iram_check fn=0x403dc194 window0x40=PASS
[poca-iram] cache-sync counter=398 (>0=PASS)
[poca-iram] iram_check returned=0xc0ae7429 expected=0xc0ae7429 MATCH
[poca-iram] write-probe .data=0x3c061464 (psram=PASS) wrote=0x5ca1ab1e read_text=0x5ca1ab1e read_host=0x5ca1ab1e MATCH
[poca-unload] psram free after=8385920 (before-load=8385920 delta=+0)
[poca-unload] PASS
[poca-load] begin iram_probe (entry_queries=1202)
[poca-load] psram free before=8385920
[poca-load] mpb size=2300 sha256=a50f11c55fd229009ea9468f66cd03938cd891dfd55d5b42158bc6138e09d881
[poca] mpb digest MATCH
[poca] view name=iram_probe version=1.0.0 epoch=1 key_id=e5677a1c abi=1.0 iram=97B max_mem=262144B payloads=1
[poca] view payload[0] span offset=208 length=2020
[poca-load] identity name=iram_probe version=1.0.0 MATCH
[poca] admission max_mem=262144 default_arena=262144 hard_max=524288 OK
[poca] phdr loads=2 memsz=2069 pad=4131 budget=6200 manifest max_mem=262144
I (428169) ELF: ELF loader version: 1.3.3
I (428170) ELF: .plugin_iram copied to 0x403dc194 size 97
I (428170) ELF: elf->entry=0x42061450
[poca-load] entry sym frame_plugin_entry vaddr=0x0000029c mapped=0x3c061450 exec=0x42061450 delta=0x06000000
[poca-load] query fn ptr=0x42061450
[poca-load] table ptr=0x3c0614a8 struct_size=52 abi=1.2
[poca-load] prepare()=0 OK
[poca-load] text [0x3c061388 .. +0xd7) data [0x3c061464 .. +0x78) bss 0x404 rodata 0x40 drlro 0x34
[poca-load] iram [0x403dc194 .. +0x61) window0x40=PASS
[poca-load] psram free after=8382236 consumed=3684
[poca-load] PASS
[poca-iram] iram_check fn=0x403dc194 window0x40=PASS
[poca-iram] cache-sync counter=399 (>0=PASS)
[poca-iram] iram_check returned=0xc0ae7429 expected=0xc0ae7429 MATCH
[poca-iram] write-probe .data=0x3c061464 (psram=PASS) wrote=0x5ca1ab1e read_text=0x5ca1ab1e read_host=0x5ca1ab1e MATCH
[poca-unload] psram free after=8385920 (before-load=8385920 delta=+0)
[poca-unload] PASS
[poca-iram] watermark iter=3 iram_free=300824 (baseline=300824 delta=+0)
[poca-iram] final iram free=300824 drift=+0 (no leak)
[poca-iram] PASS (3 cycle(s))
poca>  
--- poca> poca status
poca status
elf_loader: vendored espressif 1.3.3 @6526c5b1 (esp-iot-solution)
  ELF_LOADER=y LOAD_PSRAM=y CACHE_OFFSET=y SET_MMU=n DLSO=n
  esp_elf_t state size: 116 bytes
  loader entries: esp_elf_init=0x420113bc esp_elf_relocate=0x420113fc
  registered host imports: poca_host_sentinel poca_host_add
  entry queries so far: 1203 (execution canary)
  iram cache syncs so far: 399 (p5 counter)
heap internal  size=    415987 free=    364871 largest=    270336 min_ever=    357051
heap iram-exec size=    351924 free=    300808 largest=    270336 min_ever=    292988
heap psram     size=   8386280 free=   8385920 largest=   8257536 min_ever=   8379144
poca>  
--- REGRESSION-END ---
SOAK VERDICT: PASS (18/18 criteria)
  [PASS] f.completed: completed=1000/1000
  [PASS] f.errors: errors=0 fail_lines=0
  [PASS] f.matches: value_matches=1030 expected=1030 computed=1030
  [PASS] f.swaps: swaps=10 (cycles/100)
  [PASS] f.swap_ok: swap_ok=10/10 lines=10
  [PASS] f.canary: canary_delta=1010 expected_queries=1010 (cycles+swaps=1010)
  [PASS] f.samples: sample_rows=101 expected=101
  [PASS] f.prog: prog_lines=100 expected=100
  [PASS] f.done: device DONE line present
  [PASS] e.integrity: integrity_ok=20/20 expected_probes=20
  [PASS] a.psram_largest_decline: q1_mean=8257536 q4_mean=8257536 decline=0.00% (limit 15%)
  [PASS] a.psram_largest_monotone: outside-noise steps dec=0 inc=0 (noise=41288B, mono-fail iff inc==0 and dec>=3)
  [PASS] b.psram_min_ever: psram min_ever first=8379144 last=8379144 delta=0B (<arena 262144B)
  [PASS] b.iram_min_ever: iram min_ever first=293184 last=293096 delta=88B
  [PASS] c.internal_free_trend: q1_mean=364999 q4_mean=364999 decline=0.00% dec=0 inc=0
  [PASS] d.stack_margin: console_repl hwm=2088B/6144B (used 66.0%); IDLE0 hwm=756B/1536B (used 50.8%); IDLE1 hwm=752B/1536B (used 51.0%); ipc0 hwm=600B/1280B (used 53.1%); ipc1 hwm=596B/1280B (used 53.4%)
  [PASS] x.no_crash_wdt: needle hits=none
  [PASS] x.regression: post-soak load/activate/unload + iram 3
  wall time on device: 305.1s (mix=default, samples=101)
csv written: poc/apps/poc_a/plugins/soak_samples_1000.csv (101 rows)

=== T9 sample table (CSV archive, 1000-cycle run) ===
idx,cycle,psram_free,psram_largest,psram_min_ever,iram_free,iram_largest,iram_min_ever,int_free,int_largest,int_min_ever,hwm_console_repl,hwm_IDLE0,hwm_IDLE1,hwm_ipc0,hwm_ipc1
0,0,8385920,8257536,8379144,300936,270336,293184,364999,270336,357247,2168,756,752,600,596
1,10,8385920,8257536,8379144,300936,270336,293096,364999,270336,357159,2168,756,752,600,596
2,20,8385920,8257536,8379144,300936,270336,293096,364999,270336,357159,2168,756,752,600,596
3,30,8385920,8257536,8379144,300936,270336,293096,364999,270336,357159,2168,756,752,600,596
4,40,8385920,8257536,8379144,300936,270336,293096,364999,270336,357159,2168,756,752,600,596
5,50,8385920,8257536,8379144,300936,270336,293096,364999,270336,357159,2168,756,752,600,596
6,60,8385920,8257536,8379144,300936,270336,293096,364999,270336,357159,2168,756,752,600,596
7,70,8385920,8257536,8379144,300936,270336,293096,364999,270336,357159,2168,756,752,600,596
8,80,8385920,8257536,8379144,300936,270336,293096,364999,270336,357159,2168,756,752,600,596
9,90,8385920,8257536,8379144,300936,270336,293096,364999,270336,357159,2168,756,752,600,596
10,100,8385920,8257536,8379144,300936,270336,293096,364999,270336,357159,2168,756,752,600,596
11,110,8385920,8257536,8379144,300936,270336,293096,364999,270336,357159,2168,756,752,600,596
12,120,8385920,8257536,8379144,300936,270336,293096,364999,270336,357159,2168,756,752,600,596
13,130,8385920,8257536,8379144,300936,270336,293096,364999,270336,357159,2168,756,752,600,596
14,140,8385920,8257536,8379144,300936,270336,293096,364999,270336,357159,2168,756,752,600,596
15,150,8385920,8257536,8379144,300936,270336,293096,364999,270336,357159,2168,756,752,600,596
16,160,8385920,8257536,8379144,300936,270336,293096,364999,270336,357159,2168,756,752,600,596
17,170,8385920,8257536,8379144,300936,270336,293096,364999,270336,357159,2168,756,752,600,596
18,180,8385920,8257536,8379144,300936,270336,293096,364999,270336,357159,2168,756,752,600,596
19,190,8385920,8257536,8379144,300936,270336,293096,364999,270336,357159,2168,756,752,600,596
20,200,8385920,8257536,8379144,300936,270336,293096,364999,270336,357159,2088,756,752,600,596
21,210,8385920,8257536,8379144,300936,270336,293096,364999,270336,357159,2088,756,752,600,596
22,220,8385920,8257536,8379144,300936,270336,293096,364999,270336,357159,2088,756,752,600,596
23,230,8385920,8257536,8379144,300936,270336,293096,364999,270336,357159,2088,756,752,600,596
24,240,8385920,8257536,8379144,300936,270336,293096,364999,270336,357159,2088,756,752,600,596
25,250,8385920,8257536,8379144,300936,270336,293096,364999,270336,357159,2088,756,752,600,596
26,260,8385920,8257536,8379144,300936,270336,293096,364999,270336,357159,2088,756,752,600,596
27,270,8385920,8257536,8379144,300936,270336,293096,364999,270336,357159,2088,756,752,600,596
28,280,8385920,8257536,8379144,300936,270336,293096,364999,270336,357159,2088,756,752,600,596
29,290,8385920,8257536,8379144,300936,270336,293096,364999,270336,357159,2088,756,752,600,596
30,300,8385920,8257536,8379144,300936,270336,293096,364999,270336,357159,2088,756,752,600,596
31,310,8385920,8257536,8379144,300936,270336,293096,364999,270336,357159,2088,756,752,600,596
32,320,8385920,8257536,8379144,300936,270336,293096,364999,270336,357159,2088,756,752,600,596
33,330,8385920,8257536,8379144,300936,270336,293096,364999,270336,357159,2088,756,752,600,596
34,340,8385920,8257536,8379144,300936,270336,293096,364999,270336,357159,2088,756,752,600,596
35,350,8385920,8257536,8379144,300936,270336,293096,364999,270336,357159,2088,756,752,600,596
36,360,8385920,8257536,8379144,300936,270336,293096,364999,270336,357159,2088,756,752,600,596
37,370,8385920,8257536,8379144,300936,270336,293096,364999,270336,357159,2088,756,752,600,596
38,380,8385920,8257536,8379144,300936,270336,293096,364999,270336,357159,2088,756,752,600,596
39,390,8385920,8257536,8379144,300936,270336,293096,364999,270336,357159,2088,756,752,600,596
40,400,8385920,8257536,8379144,300936,270336,293096,364999,270336,357159,2088,756,752,600,596
41,410,8385920,8257536,8379144,300936,270336,293096,364999,270336,357159,2088,756,752,600,596
42,420,8385920,8257536,8379144,300936,270336,293096,364999,270336,357159,2088,756,752,600,596
43,430,8385920,8257536,8379144,300936,270336,293096,364999,270336,357159,2088,756,752,600,596
44,440,8385920,8257536,8379144,300936,270336,293096,364999,270336,357159,2088,756,752,600,596
45,450,8385920,8257536,8379144,300936,270336,293096,364999,270336,357159,2088,756,752,600,596
46,460,8385920,8257536,8379144,300936,270336,293096,364999,270336,357159,2088,756,752,600,596
47,470,8385920,8257536,8379144,300936,270336,293096,364999,270336,357159,2088,756,752,600,596
48,480,8385920,8257536,8379144,300936,270336,293096,364999,270336,357159,2088,756,752,600,596
49,490,8385920,8257536,8379144,300936,270336,293096,364999,270336,357159,2088,756,752,600,596
50,500,8385920,8257536,8379144,300936,270336,293096,364999,270336,357159,2088,756,752,600,596
51,510,8385920,8257536,8379144,300936,270336,293096,364999,270336,357159,2088,756,752,600,596
52,520,8385920,8257536,8379144,300936,270336,293096,364999,270336,357159,2088,756,752,600,596
53,530,8385920,8257536,8379144,300936,270336,293096,364999,270336,357159,2088,756,752,600,596
54,540,8385920,8257536,8379144,300936,270336,293096,364999,270336,357159,2088,756,752,600,596
55,550,8385920,8257536,8379144,300936,270336,293096,364999,270336,357159,2088,756,752,600,596
56,560,8385920,8257536,8379144,300936,270336,293096,364999,270336,357159,2088,756,752,600,596
57,570,8385920,8257536,8379144,300936,270336,293096,364999,270336,357159,2088,756,752,600,596
58,580,8385920,8257536,8379144,300936,270336,293096,364999,270336,357159,2088,756,752,600,596
59,590,8385920,8257536,8379144,300936,270336,293096,364999,270336,357159,2088,756,752,600,596
60,600,8385920,8257536,8379144,300936,270336,293096,364999,270336,357159,2088,756,752,600,596
61,610,8385920,8257536,8379144,300936,270336,293096,364999,270336,357159,2088,756,752,600,596
62,620,8385920,8257536,8379144,300936,270336,293096,364999,270336,357159,2088,756,752,600,596
63,630,8385920,8257536,8379144,300936,270336,293096,364999,270336,357159,2088,756,752,600,596
64,640,8385920,8257536,8379144,300936,270336,293096,364999,270336,357159,2088,756,752,600,596
65,650,8385920,8257536,8379144,300936,270336,293096,364999,270336,357159,2088,756,752,600,596
66,660,8385920,8257536,8379144,300936,270336,293096,364999,270336,357159,2088,756,752,600,596
67,670,8385920,8257536,8379144,300936,270336,293096,364999,270336,357159,2088,756,752,600,596
68,680,8385920,8257536,8379144,300936,270336,293096,364999,270336,357159,2088,756,752,600,596
69,690,8385920,8257536,8379144,300936,270336,293096,364999,270336,357159,2088,756,752,600,596
70,700,8385920,8257536,8379144,300936,270336,293096,364999,270336,357159,2088,756,752,600,596
71,710,8385920,8257536,8379144,300936,270336,293096,364999,270336,357159,2088,756,752,600,596
72,720,8385920,8257536,8379144,300936,270336,293096,364999,270336,357159,2088,756,752,600,596
73,730,8385920,8257536,8379144,300936,270336,293096,364999,270336,357159,2088,756,752,600,596
74,740,8385920,8257536,8379144,300936,270336,293096,364999,270336,357159,2088,756,752,600,596
75,750,8385920,8257536,8379144,300936,270336,293096,364999,270336,357159,2088,756,752,600,596
76,760,8385920,8257536,8379144,300936,270336,293096,364999,270336,357159,2088,756,752,600,596
77,770,8385920,8257536,8379144,300936,270336,293096,364999,270336,357159,2088,756,752,600,596
78,780,8385920,8257536,8379144,300936,270336,293096,364999,270336,357159,2088,756,752,600,596
79,790,8385920,8257536,8379144,300936,270336,293096,364999,270336,357159,2088,756,752,600,596
80,800,8385920,8257536,8379144,300936,270336,293096,364999,270336,357159,2088,756,752,600,596
81,810,8385920,8257536,8379144,300936,270336,293096,364999,270336,357159,2088,756,752,600,596
82,820,8385920,8257536,8379144,300936,270336,293096,364999,270336,357159,2088,756,752,600,596
83,830,8385920,8257536,8379144,300936,270336,293096,364999,270336,357159,2088,756,752,600,596
84,840,8385920,8257536,8379144,300936,270336,293096,364999,270336,357159,2088,756,752,600,596
85,850,8385920,8257536,8379144,300936,270336,293096,364999,270336,357159,2088,756,752,600,596
86,860,8385920,8257536,8379144,300936,270336,293096,364999,270336,357159,2088,756,752,600,596
87,870,8385920,8257536,8379144,300936,270336,293096,364999,270336,357159,2088,756,752,600,596
88,880,8385920,8257536,8379144,300936,270336,293096,364999,270336,357159,2088,756,752,600,596
89,890,8385920,8257536,8379144,300936,270336,293096,364999,270336,357159,2088,756,752,600,596
90,900,8385920,8257536,8379144,300936,270336,293096,364999,270336,357159,2088,756,752,600,596
91,910,8385920,8257536,8379144,300936,270336,293096,364999,270336,357159,2088,756,752,600,596
92,920,8385920,8257536,8379144,300936,270336,293096,364999,270336,357159,2088,756,752,600,596
93,930,8385920,8257536,8379144,300936,270336,293096,364999,270336,357159,2088,756,752,600,596
94,940,8385920,8257536,8379144,300936,270336,293096,364999,270336,357159,2088,756,752,600,596
95,950,8385920,8257536,8379144,300936,270336,293096,364999,270336,357159,2088,756,752,600,596
96,960,8385920,8257536,8379144,300936,270336,293096,364999,270336,357159,2088,756,752,600,596
97,970,8385920,8257536,8379144,300936,270336,293096,364999,270336,357159,2088,756,752,600,596
98,980,8385920,8257536,8379144,300936,270336,293096,364999,270336,357159,2088,756,752,600,596
99,990,8385920,8257536,8379144,300936,270336,293096,364999,270336,357159,2088,756,752,600,596
100,1000,8385920,8257536,8379144,300936,270336,293096,364999,270336,357159,2088,756,752,600,596

=== T9 raw transcript archived at /tmp/soak_raw_1000.txt (full copy below) ===
=== T9 soak raw capture 2026-09-01T00:49:32 cycles=1000 mix=default port=/dev/ttyACM0 ===
poca status
elf_loader: vendored espressif 1.3.3 @6526c5b1 (esp-iot-solution)
  ELF_LOADER=y LOAD_PSRAM=y CACHE_OFFSET=y SET_MMU=n DLSO=n
  esp_elf_t state size: 116 bytes
  loader entries: esp_elf_init=0x420113bc esp_elf_relocate=0x420113fc
  registered host imports: poca_host_sentinel poca_host_add
  entry queries so far: 189 (execution canary)
  iram cache syncs so far: 66 (p5 counter)
heap internal  size=    416019 free=    365027 largest=    270336 min_ever=    357247
heap iram-exec size=    351956 free=    300964 largest=    270336 min_ever=    293184
heap psram     size=   8386280 free=   8385920 largest=   8257536 min_ever=   8379144
poca>  --- SOAK-BEGIN ---
poca soak 1000 default
SOAKHDR,cycles=1000,sample_every=10,swap_every=100,integrity_every=50,mix=default
[poca-soak] quiesce semantics: no quiesce fn in the ABI 1.2 entry table; NULL entry = trivial success (4.14.2 minimal subset)
[T8-heap] phase=soak-baseline    psram free=8385920 largest=8257536 min_ever=8379144 | iram-exec free=300936 largest=270336 min_ever=293184 | internal free=364999 largest=270336 min_ever=357247
[T8-stack] phase=soak-baseline tasks=5
[T8-stack]   console_repl     prio=5 stack_hwm=2168B
[T8-stack]   IDLE0            prio=0 stack_hwm=756B
[T8-stack]   IDLE1            prio=0 stack_hwm=752B
[T8-stack]   ipc1             prio=24 stack_hwm=596B
[T8-stack]   ipc0             prio=24 stack_hwm=600B
SOAKTASKS,console_repl,IDLE0,IDLE1,ipc0,ipc1
SOAKTASKSZ,6144,1536,1536,1280,1280
[poca-soak] prog cycle=10/1000 errors=0 matches=10 psram_free=8385920
[poca-soak] prog cycle=20/1000 errors=0 matches=20 psram_free=8385920
[poca-soak] prog cycle=30/1000 errors=0 matches=30 psram_free=8385920
[poca-soak] prog cycle=40/1000 errors=0 matches=40 psram_free=8385920
[poca-soak] prog cycle=50/1000 errors=0 matches=50 psram_free=8385920
[poca-soak] prog cycle=60/1000 errors=0 matches=60 psram_free=8385920
[poca-soak] prog cycle=70/1000 errors=0 matches=70 psram_free=8385920
[poca-soak] prog cycle=80/1000 errors=0 matches=80 psram_free=8385920
[poca-soak] prog cycle=90/1000 errors=0 matches=90 psram_free=8385920
[poca-soak] swap cycle v1=baseline v2=baseline_v2 ok=yes (v1=0x1501e22e/MATCH cand=0x771eee2c/MATCH old-while-cand=0x1501e22e/MATCH promoted=0x771eee2c/MATCH)
[poca-soak] prog cycle=100/1000 errors=0 matches=103 psram_free=8385920
[poca-soak] prog cycle=110/1000 errors=0 matches=113 psram_free=8385920
[poca-soak] prog cycle=120/1000 errors=0 matches=123 psram_free=8385920
[poca-soak] prog cycle=130/1000 errors=0 matches=133 psram_free=8385920
[poca-soak] prog cycle=140/1000 errors=0 matches=143 psram_free=8385920
[poca-soak] prog cycle=150/1000 errors=0 matches=153 psram_free=8385920
[poca-soak] prog cycle=160/1000 errors=0 matches=163 psram_free=8385920
[poca-soak] prog cycle=170/1000 errors=0 matches=173 psram_free=8385920
[poca-soak] prog cycle=180/1000 errors=0 matches=183 psram_free=8385920
[poca-soak] prog cycle=190/1000 errors=0 matches=193 psram_free=8385920
[poca-soak] swap cycle v1=baseline v2=baseline_v2 ok=yes (v1=0x1501e22e/MATCH cand=0x771eee2c/MATCH old-while-cand=0x1501e22e/MATCH promoted=0x771eee2c/MATCH)
[poca-soak] prog cycle=200/1000 errors=0 matches=206 psram_free=8385920
[poca-soak] prog cycle=210/1000 errors=0 matches=216 psram_free=8385920
[poca-soak] prog cycle=220/1000 errors=0 matches=226 psram_free=8385920
[poca-soak] prog cycle=230/1000 errors=0 matches=236 psram_free=8385920
[poca-soak] prog cycle=240/1000 errors=0 matches=246 psram_free=8385920
[poca-soak] prog cycle=250/1000 errors=0 matches=256 psram_free=8385920
[poca-soak] prog cycle=260/1000 errors=0 matches=266 psram_free=8385920
[poca-soak] prog cycle=270/1000 errors=0 matches=276 psram_free=8385920
[poca-soak] prog cycle=280/1000 errors=0 matches=286 psram_free=8385920
[poca-soak] prog cycle=290/1000 errors=0 matches=296 psram_free=8385920
[poca-soak] swap cycle v1=baseline v2=baseline_v2 ok=yes (v1=0x1501e22e/MATCH cand=0x771eee2c/MATCH old-while-cand=0x1501e22e/MATCH promoted=0x771eee2c/MATCH)
[poca-soak] prog cycle=300/1000 errors=0 matches=309 psram_free=8385920
[poca-soak] prog cycle=310/1000 errors=0 matches=319 psram_free=8385920
[poca-soak] prog cycle=320/1000 errors=0 matches=329 psram_free=8385920
[poca-soak] prog cycle=330/1000 errors=0 matches=339 psram_free=8385920
[poca-soak] prog cycle=340/1000 errors=0 matches=349 psram_free=8385920
[poca-soak] prog cycle=350/1000 errors=0 matches=359 psram_free=8385920
[poca-soak] prog cycle=360/1000 errors=0 matches=369 psram_free=8385920
[poca-soak] prog cycle=370/1000 errors=0 matches=379 psram_free=8385920
[poca-soak] prog cycle=380/1000 errors=0 matches=389 psram_free=8385920
[poca-soak] prog cycle=390/1000 errors=0 matches=399 psram_free=8385920
[poca-soak] swap cycle v1=baseline v2=baseline_v2 ok=yes (v1=0x1501e22e/MATCH cand=0x771eee2c/MATCH old-while-cand=0x1501e22e/MATCH promoted=0x771eee2c/MATCH)
[poca-soak] prog cycle=400/1000 errors=0 matches=412 psram_free=8385920
[poca-soak] prog cycle=410/1000 errors=0 matches=422 psram_free=8385920
[poca-soak] prog cycle=420/1000 errors=0 matches=432 psram_free=8385920
[poca-soak] prog cycle=430/1000 errors=0 matches=442 psram_free=8385920
[poca-soak] prog cycle=440/1000 errors=0 matches=452 psram_free=8385920
[poca-soak] prog cycle=450/1000 errors=0 matches=462 psram_free=8385920
[poca-soak] prog cycle=460/1000 errors=0 matches=472 psram_free=8385920
[poca-soak] prog cycle=470/1000 errors=0 matches=482 psram_free=8385920
[poca-soak] prog cycle=480/1000 errors=0 matches=492 psram_free=8385920
[poca-soak] prog cycle=490/1000 errors=0 matches=502 psram_free=8385920
[poca-soak] swap cycle v1=baseline v2=baseline_v2 ok=yes (v1=0x1501e22e/MATCH cand=0x771eee2c/MATCH old-while-cand=0x1501e22e/MATCH promoted=0x771eee2c/MATCH)
[poca-soak] prog cycle=500/1000 errors=0 matches=515 psram_free=8385920
[poca-soak] prog cycle=510/1000 errors=0 matches=525 psram_free=8385920
[poca-soak] prog cycle=520/1000 errors=0 matches=535 psram_free=8385920
[poca-soak] prog cycle=530/1000 errors=0 matches=545 psram_free=8385920
[poca-soak] prog cycle=540/1000 errors=0 matches=555 psram_free=8385920
[poca-soak] prog cycle=550/1000 errors=0 matches=565 psram_free=8385920
[poca-soak] prog cycle=560/1000 errors=0 matches=575 psram_free=8385920
[poca-soak] prog cycle=570/1000 errors=0 matches=585 psram_free=8385920
[poca-soak] prog cycle=580/1000 errors=0 matches=595 psram_free=8385920
[poca-soak] prog cycle=590/1000 errors=0 matches=605 psram_free=8385920
[poca-soak] swap cycle v1=baseline v2=baseline_v2 ok=yes (v1=0x1501e22e/MATCH cand=0x771eee2c/MATCH old-while-cand=0x1501e22e/MATCH promoted=0x771eee2c/MATCH)
[poca-soak] prog cycle=600/1000 errors=0 matches=618 psram_free=8385920
[poca-soak] prog cycle=610/1000 errors=0 matches=628 psram_free=8385920
[poca-soak] prog cycle=620/1000 errors=0 matches=638 psram_free=8385920
[poca-soak] prog cycle=630/1000 errors=0 matches=648 psram_free=8385920
[poca-soak] prog cycle=640/1000 errors=0 matches=658 psram_free=8385920
[poca-soak] prog cycle=650/1000 errors=0 matches=668 psram_free=8385920
[poca-soak] prog cycle=660/1000 errors=0 matches=678 psram_free=8385920
[poca-soak] prog cycle=670/1000 errors=0 matches=688 psram_free=8385920
[poca-soak] prog cycle=680/1000 errors=0 matches=698 psram_free=8385920
[poca-soak] prog cycle=690/1000 errors=0 matches=708 psram_free=8385920
[poca-soak] swap cycle v1=baseline v2=baseline_v2 ok=yes (v1=0x1501e22e/MATCH cand=0x771eee2c/MATCH old-while-cand=0x1501e22e/MATCH promoted=0x771eee2c/MATCH)
[poca-soak] prog cycle=700/1000 errors=0 matches=721 psram_free=8385920
[poca-soak] prog cycle=710/1000 errors=0 matches=731 psram_free=8385920
[poca-soak] prog cycle=720/1000 errors=0 matches=741 psram_free=8385920
[poca-soak] prog cycle=730/1000 errors=0 matches=751 psram_free=8385920
[poca-soak] prog cycle=740/1000 errors=0 matches=761 psram_free=8385920
[poca-soak] prog cycle=750/1000 errors=0 matches=771 psram_free=8385920
[poca-soak] prog cycle=760/1000 errors=0 matches=781 psram_free=8385920
[poca-soak] prog cycle=770/1000 errors=0 matches=791 psram_free=8385920
[poca-soak] prog cycle=780/1000 errors=0 matches=801 psram_free=8385920
[poca-soak] prog cycle=790/1000 errors=0 matches=811 psram_free=8385920
[poca-soak] swap cycle v1=baseline v2=baseline_v2 ok=yes (v1=0x1501e22e/MATCH cand=0x771eee2c/MATCH old-while-cand=0x1501e22e/MATCH promoted=0x771eee2c/MATCH)
[poca-soak] prog cycle=800/1000 errors=0 matches=824 psram_free=8385920
[poca-soak] prog cycle=810/1000 errors=0 matches=834 psram_free=8385920
[poca-soak] prog cycle=820/1000 errors=0 matches=844 psram_free=8385920
[poca-soak] prog cycle=830/1000 errors=0 matches=854 psram_free=8385920
[poca-soak] prog cycle=840/1000 errors=0 matches=864 psram_free=8385920
[poca-soak] prog cycle=850/1000 errors=0 matches=874 psram_free=8385920
[poca-soak] prog cycle=860/1000 errors=0 matches=884 psram_free=8385920
[poca-soak] prog cycle=870/1000 errors=0 matches=894 psram_free=8385920
[poca-soak] prog cycle=880/1000 errors=0 matches=904 psram_free=8385920
[poca-soak] prog cycle=890/1000 errors=0 matches=914 psram_free=8385920
[poca-soak] swap cycle v1=baseline v2=baseline_v2 ok=yes (v1=0x1501e22e/MATCH cand=0x771eee2c/MATCH old-while-cand=0x1501e22e/MATCH promoted=0x771eee2c/MATCH)
[poca-soak] prog cycle=900/1000 errors=0 matches=927 psram_free=8385920
[poca-soak] prog cycle=910/1000 errors=0 matches=937 psram_free=8385920
[poca-soak] prog cycle=920/1000 errors=0 matches=947 psram_free=8385920
[poca-soak] prog cycle=930/1000 errors=0 matches=957 psram_free=8385920
[poca-soak] prog cycle=940/1000 errors=0 matches=967 psram_free=8385920
[poca-soak] prog cycle=950/1000 errors=0 matches=977 psram_free=8385920
[poca-soak] prog cycle=960/1000 errors=0 matches=987 psram_free=8385920
[poca-soak] prog cycle=970/1000 errors=0 matches=997 psram_free=8385920
[poca-soak] prog cycle=980/1000 errors=0 matches=1007 psram_free=8385920
[poca-soak] prog cycle=990/1000 errors=0 matches=1017 psram_free=8385920
[poca-soak] swap cycle v1=baseline v2=baseline_v2 ok=yes (v1=0x1501e22e/MATCH cand=0x771eee2c/MATCH old-while-cand=0x1501e22e/MATCH promoted=0x771eee2c/MATCH)
[poca-soak] prog cycle=1000/1000 errors=0 matches=1030 psram_free=8385920
[T8-heap] phase=soak-final       psram free=8385920 largest=8257536 min_ever=8379144 | iram-exec free=300936 largest=270336 min_ever=293096 | internal free=364999 largest=270336 min_ever=357159
[T8-stack] phase=soak-final tasks=5
[T8-stack]   console_repl     prio=5 stack_hwm=2088B
[T8-stack]   IDLE0            prio=0 stack_hwm=756B
[T8-stack]   IDLE1            prio=0 stack_hwm=752B
[T8-stack]   ipc1             prio=24 stack_hwm=596B
[T8-stack]   ipc0             prio=24 stack_hwm=600B
[poca-soak] samples begin (101 rows)
SOAKSMP,0,0,8385920,8257536,8379144,300936,270336,293184,364999,270336,357247,2168,756,752,600,596
SOAKSMP,1,10,8385920,8257536,8379144,300936,270336,293096,364999,270336,357159,2168,756,752,600,596
SOAKSMP,2,20,8385920,8257536,8379144,300936,270336,293096,364999,270336,357159,2168,756,752,600,596
SOAKSMP,3,30,8385920,8257536,8379144,300936,270336,293096,364999,270336,357159,2168,756,752,600,596
SOAKSMP,4,40,8385920,8257536,8379144,300936,270336,293096,364999,270336,357159,2168,756,752,600,596
SOAKSMP,5,50,8385920,8257536,8379144,300936,270336,293096,364999,270336,357159,2168,756,752,600,596
SOAKSMP,6,60,8385920,8257536,8379144,300936,270336,293096,364999,270336,357159,2168,756,752,600,596
SOAKSMP,7,70,8385920,8257536,8379144,300936,270336,293096,364999,270336,357159,2168,756,752,600,596
SOAKSMP,8,80,8385920,8257536,8379144,300936,270336,293096,364999,270336,357159,2168,756,752,600,596
SOAKSMP,9,90,8385920,8257536,8379144,300936,270336,293096,364999,270336,357159,2168,756,752,600,596
SOAKSMP,10,100,8385920,8257536,8379144,300936,270336,293096,364999,270336,357159,2168,756,752,600,596
SOAKSMP,11,110,8385920,8257536,8379144,300936,270336,293096,364999,270336,357159,2168,756,752,600,596
SOAKSMP,12,120,8385920,8257536,8379144,300936,270336,293096,364999,270336,357159,2168,756,752,600,596
SOAKSMP,13,130,8385920,8257536,8379144,300936,270336,293096,364999,270336,357159,2168,756,752,600,596
SOAKSMP,14,140,8385920,8257536,8379144,300936,270336,293096,364999,270336,357159,2168,756,752,600,596
SOAKSMP,15,150,8385920,8257536,8379144,300936,270336,293096,364999,270336,357159,2168,756,752,600,596
SOAKSMP,16,160,8385920,8257536,8379144,300936,270336,293096,364999,270336,357159,2168,756,752,600,596
SOAKSMP,17,170,8385920,8257536,8379144,300936,270336,293096,364999,270336,357159,2168,756,752,600,596
SOAKSMP,18,180,8385920,8257536,8379144,300936,270336,293096,364999,270336,357159,2168,756,752,600,596
SOAKSMP,19,190,8385920,8257536,8379144,300936,270336,293096,364999,270336,357159,2168,756,752,600,596
SOAKSMP,20,200,8385920,8257536,8379144,300936,270336,293096,364999,270336,357159,2088,756,752,600,596
SOAKSMP,21,210,8385920,8257536,8379144,300936,270336,293096,364999,270336,357159,2088,756,752,600,596
SOAKSMP,22,220,8385920,8257536,8379144,300936,270336,293096,364999,270336,357159,2088,756,752,600,596
SOAKSMP,23,230,8385920,8257536,8379144,300936,270336,293096,364999,270336,357159,2088,756,752,600,596
SOAKSMP,24,240,8385920,8257536,8379144,300936,270336,293096,364999,270336,357159,2088,756,752,600,596
SOAKSMP,25,250,8385920,8257536,8379144,300936,270336,293096,364999,270336,357159,2088,756,752,600,596
SOAKSMP,26,260,8385920,8257536,8379144,300936,270336,293096,364999,270336,357159,2088,756,752,600,596
SOAKSMP,27,270,8385920,8257536,8379144,300936,270336,293096,364999,270336,357159,2088,756,752,600,596
SOAKSMP,28,280,8385920,8257536,8379144,300936,270336,293096,364999,270336,357159,2088,756,752,600,596
SOAKSMP,29,290,8385920,8257536,8379144,300936,270336,293096,364999,270336,357159,2088,756,752,600,596
SOAKSMP,30,300,8385920,8257536,8379144,300936,270336,293096,364999,270336,357159,2088,756,752,600,596
SOAKSMP,31,310,8385920,8257536,8379144,300936,270336,293096,364999,270336,357159,2088,756,752,600,596
SOAKSMP,32,320,8385920,8257536,8379144,300936,270336,293096,364999,270336,357159,2088,756,752,600,596
SOAKSMP,33,330,8385920,8257536,8379144,300936,270336,293096,364999,270336,357159,2088,756,752,600,596
SOAKSMP,34,340,8385920,8257536,8379144,300936,270336,293096,364999,270336,357159,2088,756,752,600,596
SOAKSMP,35,350,8385920,8257536,8379144,300936,270336,293096,364999,270336,357159,2088,756,752,600,596
SOAKSMP,36,360,8385920,8257536,8379144,300936,270336,293096,364999,270336,357159,2088,756,752,600,596
SOAKSMP,37,370,8385920,8257536,8379144,300936,270336,293096,364999,270336,357159,2088,756,752,600,596
SOAKSMP,38,380,8385920,8257536,8379144,300936,270336,293096,364999,270336,357159,2088,756,752,600,596
SOAKSMP,39,390,8385920,8257536,8379144,300936,270336,293096,364999,270336,357159,2088,756,752,600,596
SOAKSMP,40,400,8385920,8257536,8379144,300936,270336,293096,364999,270336,357159,2088,756,752,600,596
SOAKSMP,41,410,8385920,8257536,8379144,300936,270336,293096,364999,270336,357159,2088,756,752,600,596
SOAKSMP,42,420,8385920,8257536,8379144,300936,270336,293096,364999,270336,357159,2088,756,752,600,596
SOAKSMP,43,430,8385920,8257536,8379144,300936,270336,293096,364999,270336,357159,2088,756,752,600,596
SOAKSMP,44,440,8385920,8257536,8379144,300936,270336,293096,364999,270336,357159,2088,756,752,600,596
SOAKSMP,45,450,8385920,8257536,8379144,300936,270336,293096,364999,270336,357159,2088,756,752,600,596
SOAKSMP,46,460,8385920,8257536,8379144,300936,270336,293096,364999,270336,357159,2088,756,752,600,596
SOAKSMP,47,470,8385920,8257536,8379144,300936,270336,293096,364999,270336,357159,2088,756,752,600,596
SOAKSMP,48,480,8385920,8257536,8379144,300936,270336,293096,364999,270336,357159,2088,756,752,600,596
SOAKSMP,49,490,8385920,8257536,8379144,300936,270336,293096,364999,270336,357159,2088,756,752,600,596
SOAKSMP,50,500,8385920,8257536,8379144,300936,270336,293096,364999,270336,357159,2088,756,752,600,596
SOAKSMP,51,510,8385920,8257536,8379144,300936,270336,293096,364999,270336,357159,2088,756,752,600,596
SOAKSMP,52,520,8385920,8257536,8379144,300936,270336,293096,364999,270336,357159,2088,756,752,600,596
SOAKSMP,53,530,8385920,8257536,8379144,300936,270336,293096,364999,270336,357159,2088,756,752,600,596
SOAKSMP,54,540,8385920,8257536,8379144,300936,270336,293096,364999,270336,357159,2088,756,752,600,596
SOAKSMP,55,550,8385920,8257536,8379144,300936,270336,293096,364999,270336,357159,2088,756,752,600,596
SOAKSMP,56,560,8385920,8257536,8379144,300936,270336,293096,364999,270336,357159,2088,756,752,600,596
SOAKSMP,57,570,8385920,8257536,8379144,300936,270336,293096,364999,270336,357159,2088,756,752,600,596
SOAKSMP,58,580,8385920,8257536,8379144,300936,270336,293096,364999,270336,357159,2088,756,752,600,596
SOAKSMP,59,590,8385920,8257536,8379144,300936,270336,293096,364999,270336,357159,2088,756,752,600,596
SOAKSMP,60,600,8385920,8257536,8379144,300936,270336,293096,364999,270336,357159,2088,756,752,600,596
SOAKSMP,61,610,8385920,8257536,8379144,300936,270336,293096,364999,270336,357159,2088,756,752,600,596
SOAKSMP,62,620,8385920,8257536,8379144,300936,270336,293096,364999,270336,357159,2088,756,752,600,596
SOAKSMP,63,630,8385920,8257536,8379144,300936,270336,293096,364999,270336,357159,2088,756,752,600,596
SOAKSMP,64,640,8385920,8257536,8379144,300936,270336,293096,364999,270336,357159,2088,756,752,600,596
SOAKSMP,65,650,8385920,8257536,8379144,300936,270336,293096,364999,270336,357159,2088,756,752,600,596
SOAKSMP,66,660,8385920,8257536,8379144,300936,270336,293096,364999,270336,357159,2088,756,752,600,596
SOAKSMP,67,670,8385920,8257536,8379144,300936,270336,293096,364999,270336,357159,2088,756,752,600,596
SOAKSMP,68,680,8385920,8257536,8379144,300936,270336,293096,364999,270336,357159,2088,756,752,600,596
SOAKSMP,69,690,8385920,8257536,8379144,300936,270336,293096,364999,270336,357159,2088,756,752,600,596
SOAKSMP,70,700,8385920,8257536,8379144,300936,270336,293096,364999,270336,357159,2088,756,752,600,596
SOAKSMP,71,710,8385920,8257536,8379144,300936,270336,293096,364999,270336,357159,2088,756,752,600,596
SOAKSMP,72,720,8385920,8257536,8379144,300936,270336,293096,364999,270336,357159,2088,756,752,600,596
SOAKSMP,73,730,8385920,8257536,8379144,300936,270336,293096,364999,270336,357159,2088,756,752,600,596
SOAKSMP,74,740,8385920,8257536,8379144,300936,270336,293096,364999,270336,357159,2088,756,752,600,596
SOAKSMP,75,750,8385920,8257536,8379144,300936,270336,293096,364999,270336,357159,2088,756,752,600,596
SOAKSMP,76,760,8385920,8257536,8379144,300936,270336,293096,364999,270336,357159,2088,756,752,600,596
SOAKSMP,77,770,8385920,8257536,8379144,300936,270336,293096,364999,270336,357159,2088,756,752,600,596
SOAKSMP,78,780,8385920,8257536,8379144,300936,270336,293096,364999,270336,357159,2088,756,752,600,596
SOAKSMP,79,790,8385920,8257536,8379144,300936,270336,293096,364999,270336,357159,2088,756,752,600,596
SOAKSMP,80,800,8385920,8257536,8379144,300936,270336,293096,364999,270336,357159,2088,756,752,600,596
SOAKSMP,81,810,8385920,8257536,8379144,300936,270336,293096,364999,270336,357159,2088,756,752,600,596
SOAKSMP,82,820,8385920,8257536,8379144,300936,270336,293096,364999,270336,357159,2088,756,752,600,596
SOAKSMP,83,830,8385920,8257536,8379144,300936,270336,293096,364999,270336,357159,2088,756,752,600,596
SOAKSMP,84,840,8385920,8257536,8379144,300936,270336,293096,364999,270336,357159,2088,756,752,600,596
SOAKSMP,85,850,8385920,8257536,8379144,300936,270336,293096,364999,270336,357159,2088,756,752,600,596
SOAKSMP,86,860,8385920,8257536,8379144,300936,270336,293096,364999,270336,357159,2088,756,752,600,596
SOAKSMP,87,870,8385920,8257536,8379144,300936,270336,293096,364999,270336,357159,2088,756,752,600,596
SOAKSMP,88,880,8385920,8257536,8379144,300936,270336,293096,364999,270336,357159,2088,756,752,600,596
SOAKSMP,89,890,8385920,8257536,8379144,300936,270336,293096,364999,270336,357159,2088,756,752,600,596
SOAKSMP,90,900,8385920,8257536,8379144,300936,270336,293096,364999,270336,357159,2088,756,752,600,596
SOAKSMP,91,910,8385920,8257536,8379144,300936,270336,293096,364999,270336,357159,2088,756,752,600,596
SOAKSMP,92,920,8385920,8257536,8379144,300936,270336,293096,364999,270336,357159,2088,756,752,600,596
SOAKSMP,93,930,8385920,8257536,8379144,300936,270336,293096,364999,270336,357159,2088,756,752,600,596
SOAKSMP,94,940,8385920,8257536,8379144,300936,270336,293096,364999,270336,357159,2088,756,752,600,596
SOAKSMP,95,950,8385920,8257536,8379144,300936,270336,293096,364999,270336,357159,2088,756,752,600,596
SOAKSMP,96,960,8385920,8257536,8379144,300936,270336,293096,364999,270336,357159,2088,756,752,600,596
SOAKSMP,97,970,8385920,8257536,8379144,300936,270336,293096,364999,270336,357159,2088,756,752,600,596
SOAKSMP,98,980,8385920,8257536,8379144,300936,270336,293096,364999,270336,357159,2088,756,752,600,596
SOAKSMP,99,990,8385920,8257536,8379144,300936,270336,293096,364999,270336,357159,2088,756,752,600,596
SOAKSMP,100,1000,8385920,8257536,8379144,300936,270336,293096,364999,270336,357159,2088,756,752,600,596
[poca-soak] samples end
SOAKSUM,cycles=1000,completed=1000,errors=0,value_matches=1030,expected_value_matches=1030,swaps=10,swap_ok=10,quiesce_noop=1010,integrity_probes=20,integrity_ok=20,canary_before=189,canary_after=1199,expected_queries=1010,elapsed_ms=305119,ring_overflow=no
[poca-soak] DONE (1000 cycles, verdict authority = host judge on samples)
poca>  --- SOAK-END ---
--- REGRESSION-BEGIN ---
poca status
elf_loader: vendored espressif 1.3.3 @6526c5b1 (esp-iot-solution)
  ELF_LOADER=y LOAD_PSRAM=y CACHE_OFFSET=y SET_MMU=n DLSO=n
  esp_elf_t state size: 116 bytes
  loader entries: esp_elf_init=0x420113bc esp_elf_relocate=0x420113fc
  registered host imports: poca_host_sentinel poca_host_add
  entry queries so far: 1199 (execution canary)
  iram cache syncs so far: 396 (p5 counter)
heap internal  size=    416007 free=    364963 largest=    270336 min_ever=    357159
heap iram-exec size=    351944 free=    300900 largest=    270336 min_ever=    293096
heap psram     size=   8386280 free=   8385920 largest=   8257536 min_ever=   8379144
poca>  poca load baseline
[poca-load] begin baseline (entry_queries=1199)
[poca-load] psram free before=8385920
[poca-load] mpb size=1988 sha256=e5b0a63199cd6ba7e8f54d3cf75a8121e037c5c9aa477a2d8082bfa6c4791f64
[poca] mpb digest MATCH
[poca] view name=baseline version=1.0.0 epoch=1 key_id=e5677a1c abi=1.0 iram=0B max_mem=262144B payloads=1
[poca] view payload[0] span offset=208 length=1708
[poca-load] identity name=baseline version=1.0.0 MATCH
[poca] admission max_mem=262144 default_arena=262144 hard_max=524288 OK
[poca] phdr loads=2 memsz=1900 pad=4120 budget=6020 manifest max_mem=262144
I (422736) ELF: ELF loader version: 1.3.3
I (422737) ELF: elf->entry=0x42061304
[poca-load] entry sym frame_plugin_entry vaddr=0x00000234 mapped=0x3c061304 exec=0x42061304 delta=0x06000000
[poca-load] query fn ptr=0x42061304
[poca-load] table ptr=0x3c06137c struct_size=52 abi=1.2
[poca-load] prepare()=0 OK
[poca-load] text [0x3c061268 .. +0xd0) data [0x3c06133c .. +0x74) bss 0x404 rodata 0x40 drlro 0x34
[poca-load] psram free after=8382532 consumed=3388
[poca-load] PASS
poca>  poca activate
[poca-activate] baseline activate fn ptr=0x420612f0
[poca-activate] returned=0x1501e22e expected=0x1501e22e
[poca-activate] MAGIC MATCH
[poca-activate] PASS
poca>  poca unload
[poca-unload] psram free after=8385920 (before-load=8385920 delta=+0)
[poca-unload] PASS
poca>  poca iram 3
[poca-iram] 3 iteration(s): load iram_probe -> IRAM proofs -> unload
[poca-iram] iram free baseline=300824
[poca-load] begin iram_probe (entry_queries=1200)
[poca-load] psram free before=8385920
[poca-load] mpb size=2300 sha256=a50f11c55fd229009ea9468f66cd03938cd891dfd55d5b42158bc6138e09d881
[poca] mpb digest MATCH
[poca] view name=iram_probe version=1.0.0 epoch=1 key_id=e5677a1c abi=1.0 iram=97B max_mem=262144B payloads=1
[poca] view payload[0] span offset=208 length=2020
[poca-load] identity name=iram_probe version=1.0.0 MATCH
[poca] admission max_mem=262144 default_arena=262144 hard_max=524288 OK
[poca] phdr loads=2 memsz=2069 pad=4131 budget=6200 manifest max_mem=262144
I (427540) ELF: ELF loader version: 1.3.3
I (427541) ELF: .plugin_iram copied to 0x403dc194 size 97
I (427541) ELF: elf->entry=0x42061450
[poca-load] entry sym frame_plugin_entry vaddr=0x0000029c mapped=0x3c061450 exec=0x42061450 delta=0x06000000
[poca-load] query fn ptr=0x42061450
[poca-load] table ptr=0x3c0614a8 struct_size=52 abi=1.2
[poca-load] prepare()=0 OK
[poca-load] text [0x3c061388 .. +0xd7) data [0x3c061464 .. +0x78) bss 0x404 rodata 0x40 drlro 0x34
[poca-load] iram [0x403dc194 .. +0x61) window0x40=PASS
[poca-load] psram free after=8382236 consumed=3684
[poca-load] PASS
[poca-iram] iram_check fn=0x403dc194 window0x40=PASS
[poca-iram] cache-sync counter=397 (>0=PASS)
[poca-iram] iram_check returned=0xc0ae7429 expected=0xc0ae7429 MATCH
[poca-iram] write-probe .data=0x3c061464 (psram=PASS) wrote=0x5ca1ab1e read_text=0x5ca1ab1e read_host=0x5ca1ab1e MATCH
[poca-unload] psram free after=8385920 (before-load=8385920 delta=+0)
[poca-unload] PASS
[poca-load] begin iram_probe (entry_queries=1201)
[poca-load] psram free before=8385920
[poca-load] mpb size=2300 sha256=a50f11c55fd229009ea9468f66cd03938cd891dfd55d5b42158bc6138e09d881
[poca] mpb digest MATCH
[poca] view name=iram_probe version=1.0.0 epoch=1 key_id=e5677a1c abi=1.0 iram=97B max_mem=262144B payloads=1
[poca] view payload[0] span offset=208 length=2020
[poca-load] identity name=iram_probe version=1.0.0 MATCH
[poca] admission max_mem=262144 default_arena=262144 hard_max=524288 OK
[poca] phdr loads=2 memsz=2069 pad=4131 budget=6200 manifest max_mem=262144
I (427855) ELF: ELF loader version: 1.3.3
I (427855) ELF: .plugin_iram copied to 0x403dc194 size 97
I (427856) ELF: elf->entry=0x42061450
[poca-load] entry sym frame_plugin_entry vaddr=0x0000029c mapped=0x3c061450 exec=0x42061450 delta=0x06000000
[poca-load] query fn ptr=0x42061450
[poca-load] table ptr=0x3c0614a8 struct_size=52 abi=1.2
[poca-load] prepare()=0 OK
[poca-load] text [0x3c061388 .. +0xd7) data [0x3c061464 .. +0x78) bss 0x404 rodata 0x40 drlro 0x34
[poca-load] iram [0x403dc194 .. +0x61) window0x40=PASS
[poca-load] psram free after=8382236 consumed=3684
[poca-load] PASS
[poca-iram] iram_check fn=0x403dc194 window0x40=PASS
[poca-iram] cache-sync counter=398 (>0=PASS)
[poca-iram] iram_check returned=0xc0ae7429 expected=0xc0ae7429 MATCH
[poca-iram] write-probe .data=0x3c061464 (psram=PASS) wrote=0x5ca1ab1e read_text=0x5ca1ab1e read_host=0x5ca1ab1e MATCH
[poca-unload] psram free after=8385920 (before-load=8385920 delta=+0)
[poca-unload] PASS
[poca-load] begin iram_probe (entry_queries=1202)
[poca-load] psram free before=8385920
[poca-load] mpb size=2300 sha256=a50f11c55fd229009ea9468f66cd03938cd891dfd55d5b42158bc6138e09d881
[poca] mpb digest MATCH
[poca] view name=iram_probe version=1.0.0 epoch=1 key_id=e5677a1c abi=1.0 iram=97B max_mem=262144B payloads=1
[poca] view payload[0] span offset=208 length=2020
[poca-load] identity name=iram_probe version=1.0.0 MATCH
[poca] admission max_mem=262144 default_arena=262144 hard_max=524288 OK
[poca] phdr loads=2 memsz=2069 pad=4131 budget=6200 manifest max_mem=262144
I (428169) ELF: ELF loader version: 1.3.3
I (428170) ELF: .plugin_iram copied to 0x403dc194 size 97
I (428170) ELF: elf->entry=0x42061450
[poca-load] entry sym frame_plugin_entry vaddr=0x0000029c mapped=0x3c061450 exec=0x42061450 delta=0x06000000
[poca-load] query fn ptr=0x42061450
[poca-load] table ptr=0x3c0614a8 struct_size=52 abi=1.2
[poca-load] prepare()=0 OK
[poca-load] text [0x3c061388 .. +0xd7) data [0x3c061464 .. +0x78) bss 0x404 rodata 0x40 drlro 0x34
[poca-load] iram [0x403dc194 .. +0x61) window0x40=PASS
[poca-load] psram free after=8382236 consumed=3684
[poca-load] PASS
[poca-iram] iram_check fn=0x403dc194 window0x40=PASS
[poca-iram] cache-sync counter=399 (>0=PASS)
[poca-iram] iram_check returned=0xc0ae7429 expected=0xc0ae7429 MATCH
[poca-iram] write-probe .data=0x3c061464 (psram=PASS) wrote=0x5ca1ab1e read_text=0x5ca1ab1e read_host=0x5ca1ab1e MATCH
[poca-unload] psram free after=8385920 (before-load=8385920 delta=+0)
[poca-unload] PASS
[poca-iram] watermark iter=3 iram_free=300824 (baseline=300824 delta=+0)
[poca-iram] final iram free=300824 drift=+0 (no leak)
[poca-iram] PASS (3 cycle(s))
poca>  poca status
elf_loader: vendored espressif 1.3.3 @6526c5b1 (esp-iot-solution)
  ELF_LOADER=y LOAD_PSRAM=y CACHE_OFFSET=y SET_MMU=n DLSO=n
  esp_elf_t state size: 116 bytes
  loader entries: esp_elf_init=0x420113bc esp_elf_relocate=0x420113fc
  registered host imports: poca_host_sentinel poca_host_add
  entry queries so far: 1203 (execution canary)
  iram cache syncs so far: 399 (p5 counter)
heap internal  size=    415987 free=    364871 largest=    270336 min_ever=    357051
heap iram-exec size=    351924 free=    300808 largest=    270336 min_ever=    292988
heap psram     size=   8386280 free=   8385920 largest=   8257536 min_ever=   8379144
poca>  --- REGRESSION-END ---
--- poca> poca status
poca status
elf_loader: vendored espressif 1.3.3 @6526c5b1 (esp-iot-solution)
  ELF_LOADER=y LOAD_PSRAM=y CACHE_OFFSET=y SET_MMU=n DLSO=n
  esp_elf_t state size: 116 bytes
  loader entries: esp_elf_init=0x420113bc esp_elf_relocate=0x420113fc
  registered host imports: poca_host_sentinel poca_host_add
  entry queries so far: 1203 (execution canary)
  iram cache syncs so far: 399 (p5 counter)
heap internal  size=    415987 free=    364871 largest=    270336 min_ever=    357051
heap iram-exec size=    351924 free=    300808 largest=    270336 min_ever=    292988
heap psram     size=   8386280 free=   8385920 largest=   8257536 min_ever=   8379144
poca>  
--- poca> poca status
poca status
elf_loader: vendored espressif 1.3.3 @6526c5b1 (esp-iot-solution)
  ELF_LOADER=y LOAD_PSRAM=y CACHE_OFFSET=y SET_MMU=n DLSO=n
  esp_elf_t state size: 116 bytes
  loader entries: esp_elf_init=0x420113bc esp_elf_relocate=0x420113fc
  registered host imports: poca_host_sentinel poca_host_add
  entry queries so far: 1203 (execution canary)
  iram cache syncs so far: 399 (p5 counter)
heap internal  size=    415987 free=    364871 largest=    270336 min_ever=    357051
heap iram-exec size=    351924 free=    300808 largest=    270336 min_ever=    292988
heap psram     size=   8386280 free=   8385920 largest=   8257536 min_ever=   8379144
poca>  
--- poca> poca verify baseline
poca verify baseline
[poca-verify] baseline size=1988 sha256=e5b0a63199cd6ba7e8f54d3cf75a8121e037c5c9aa477a2d8082bfa6c4791f64
[poca] mpb digest MATCH
[poca] view name=baseline version=1.0.0 epoch=1 key_id=e5677a1c abi=1.0 iram=0B max_mem=262144B payloads=1
[poca] view payload[0] span offset=208 length=1708
[poca] phdr loads=2 memsz=1900 pad=4120 budget=6020 manifest max_mem=262144
[poca-verify] PASS
poca>  
--- poca> poca load baseline
poca load baseline
[poca-load] begin baseline (entry_queries=1203)
[poca-load] psram free before=8385920
[poca-load] mpb size=1988 sha256=e5b0a63199cd6ba7e8f54d3cf75a8121e037c5c9aa477a2d8082bfa6c4791f64
[poca] mpb digest MATCH
[poca] view name=baseline version=1.0.0 epoch=1 key_id=e5677a1c abi=1.0 iram=0B max_mem=262144B payloads=1
[poca] view payload[0] span offset=208 length=1708
[poca-load] identity name=baseline version=1.0.0 MATCH
[poca] admission max_mem=262144 default_arena=262144 hard_max=524288 OK
[poca] phdr loads=2 memsz=1900 pad=4120 budget=6020 manifest max_mem=262144
I (455173) ELF: ELF loader version: 1.3.3
I (455173) ELF: elf->entry=0x42061304
[poca-load] entry sym frame_plugin_entry vaddr=0x00000234 mapped=0x3c061304 exec=0x42061304 delta=0x06000000
[poca-load] query fn ptr=0x42061304
[poca-load] table ptr=0x3c06137c struct_size=52 abi=1.2
[poca-load] prepare()=0 OK
[poca-load] text [0x3c061268 .. +0xd0) data [0x3c06133c .. +0x74) bss 0x404 rodata 0x40 drlro 0x34
[poca-load] psram free after=8382532 consumed=3388
[poca-load] PASS
poca>  
--- poca> poca activate
poca activate
[poca-activate] baseline activate fn ptr=0x420612f0
[poca-activate] returned=0x1501e22e expected=0x1501e22e
[poca-activate] MAGIC MATCH
[poca-activate] PASS
poca>  
--- poca> poca unload
poca unload
[poca-unload] psram free after=8385920 (before-load=8385920 delta=+0)
[poca-unload] PASS
poca>  
--- poca> poca verify globdat
poca verify globdat
[poca-verify] globdat size=2052 sha256=2d51698e19fc8aa636745577923c467d6103dd3e3e36d6e3b9a7ad67998a37f5
[poca] mpb digest MATCH
[poca] view name=globdat version=1.0.0 epoch=1 key_id=e5677a1c abi=1.0 iram=0B max_mem=262144B payloads=1
[poca] view payload[0] span offset=204 length=1776
[poca] phdr loads=2 memsz=1971 pad=4121 budget=6092 manifest max_mem=262144
[poca-verify] PASS
poca>  
--- poca> poca load globdat
poca load globdat
[poca-load] begin globdat (entry_queries=1204)
[poca-load] psram free before=8385920
[poca-load] mpb size=2052 sha256=2d51698e19fc8aa636745577923c467d6103dd3e3e36d6e3b9a7ad67998a37f5
[poca] mpb digest MATCH
[poca] view name=globdat version=1.0.0 epoch=1 key_id=e5677a1c abi=1.0 iram=0B max_mem=262144B payloads=1
[poca] view payload[0] span offset=204 length=1776
[poca-load] identity name=globdat version=1.0.0 MATCH
[poca] admission max_mem=262144 default_arena=262144 hard_max=524288 OK
[poca] phdr loads=2 memsz=1971 pad=4121 budget=6092 manifest max_mem=262144
I (461578) ELF: ELF loader version: 1.3.3
I (461579) ELF: elf->entry=0x4206138c
[poca-load] entry sym frame_plugin_entry vaddr=0x0000029c mapped=0x3c06138c exec=0x4206138c delta=0x06000000
[poca-load] query fn ptr=0x4206138c
[poca-load] table ptr=0x3c0613e0 struct_size=52 abi=1.2
[poca-load] prepare()=0 OK
[poca-load] GLOB_DAT host_sentinel=0x4200bd04 expected=0x4200bd04 MATCH
[poca-load] text [0x3c0612c8 .. +0xd3) data [0x3c0613a0 .. +0x74) bss 0x408 rodata 0x40 drlro 0x34
[poca-load] psram free after=8382432 consumed=3488
[poca-load] PASS
poca>  
--- poca> poca activate
poca activate
[poca-activate] globdat activate fn ptr=0x42061310
[poca-activate] returned=0x4bec22f0 expected=0x4bec22f0
[poca-activate] MAGIC MATCH
[poca-activate] PASS
poca>  
--- poca> poca unload
poca unload
[poca-unload] psram free after=8385920 (before-load=8385920 delta=+0)
[poca-unload] PASS
poca>  
--- poca> poca verify plt
poca verify plt
[poca-verify] plt size=2180 sha256=3afc184c27b2cd6d37d53940d014c83fa72e260cb457e3505a5e107b63cc5be4
[poca] mpb digest MATCH
[poca] view name=plt version=1.0.0 epoch=1 key_id=e5677a1c abi=1.0 iram=0B max_mem=262144B payloads=1
[poca] view payload[0] span offset=200 length=1908
[poca] phdr loads=2 memsz=2023 pad=4129 budget=6152 manifest max_mem=262144
[poca-verify] PASS
poca>  
--- poca> poca load plt
poca load plt
[poca-load] begin plt (entry_queries=1205)
[poca-load] psram free before=8385920
[poca-load] mpb size=2180 sha256=3afc184c27b2cd6d37d53940d014c83fa72e260cb457e3505a5e107b63cc5be4
[poca] mpb digest MATCH
[poca] view name=plt version=1.0.0 epoch=1 key_id=e5677a1c abi=1.0 iram=0B max_mem=262144B payloads=1
[poca] view payload[0] span offset=200 length=1908
[poca-load] identity name=plt version=1.0.0 MATCH
[poca] admission max_mem=262144 default_arena=262144 hard_max=524288 OK
[poca] phdr loads=2 memsz=2023 pad=4129 budget=6152 manifest max_mem=262144
I (467983) ELF: ELF loader version: 1.3.3
I (467984) ELF: elf->entry=0x42061424
[poca-load] entry sym frame_plugin_entry vaddr=0x000002bc mapped=0x3c061424 exec=0x42061424 delta=0x06000000
[poca-load] query fn ptr=0x42061424
[poca-load] table ptr=0x3c061478 struct_size=52 abi=1.2
[poca-load] prepare()=0 OK
[poca-load] GLOB_DAT host_add=0x42033614 expected=0x42033614 MATCH
[poca-load] text [0x3c061348 .. +0xeb) data [0x3c061438 .. +0x74) bss 0x404 rodata 0x40 drlro 0x34
[poca-load] psram free after=8382280 consumed=3640
[poca-load] PASS
poca>  
--- poca> poca activate
poca activate
[poca-activate] plt activate fn ptr=0x42061398
[poca-activate] returned=0xf027ea65 expected=0xf027ea65
[poca-activate] MAGIC MATCH
[poca-activate] PASS
poca>  
--- poca> poca unload
poca unload
[poca-unload] psram free after=8385920 (before-load=8385920 delta=+0)
[poca-unload] PASS
poca>  
--- poca> poca status
poca status
elf_loader: vendored espressif 1.3.3 @6526c5b1 (esp-iot-solution)
  ELF_LOADER=y LOAD_PSRAM=y CACHE_OFFSET=y SET_MMU=n DLSO=n
  esp_elf_t state size: 116 bytes
  loader entries: esp_elf_init=0x420113bc esp_elf_relocate=0x420113fc
  registered host imports: poca_host_sentinel poca_host_add
  entry queries so far: 1206 (execution canary)
  iram cache syncs so far: 399 (p5 counter)
heap internal  size=    415979 free=    364807 largest=    270336 min_ever=    356975
heap iram-exec size=    351916 free=    300744 largest=    270336 min_ever=    292912
heap psram     size=   8386280 free=   8385920 largest=   8257536 min_ever=   8379144
poca>  
--- poca> poca load import_neg
poca load import_neg
[poca-load] begin import_neg (entry_queries=1206)
[poca-load] psram free before=8385920
[poca-load] mpb size=1800 sha256=422eb0050d5cd7f0e688237b2609099c2bbf46344400341a9ca0e7de811b66de
[poca] mpb digest MATCH
[poca] view name=import_neg version=1.0.0 epoch=1 key_id=e5677a1c abi=1.0 iram=0B max_mem=262144B payloads=1
[poca] view payload[0] span offset=208 length=1520
[poca-load] identity name=import_neg version=1.0.0 MATCH
[poca] admission max_mem=262144 default_arena=262144 hard_max=524288 OK
[poca] phdr loads=2 memsz=739 pad=4121 budget=4860 manifest max_mem=262144
I (474390) ELF: ELF loader version: 1.3.3
I (474391) ELF: elf->entry=0x420611ec
E (474391) ELF: Can't find symbol frame_unknown_symbol
[poca-load] FAIL esp_elf_relocate err=-88
[poca-load] entry_queries=1206 (unchanged=yes)
[poca-load] NEGATIVE import_neg PASS (errno -88, expected -88)
poca>  
--- poca> poca load neg_r32
poca load neg_r32
[poca-load] begin neg_r32 (entry_queries=1206)
[poca-load] psram free before=8385920
[poca-load] mpb size=1984 sha256=857b211ef2f2b3c1b7dbdc2173d5b255b8d51b016e91563ca5de1c5d8e33a0b9
[poca] mpb digest MATCH
[poca] view name=neg_r32 version=1.0.0 epoch=1 key_id=e5677a1c abi=1.0 iram=0B max_mem=262144B payloads=1
[poca] view payload[0] span offset=204 length=1708
[poca-load] identity name=neg_r32 version=1.0.0 MATCH
[poca] admission max_mem=262144 default_arena=262144 hard_max=524288 OK
[poca] phdr loads=2 memsz=1900 pad=4120 budget=6020 manifest max_mem=262144
I (475992) ELF: ELF loader version: 1.3.3
I (475992) ELF: elf->entry=0x420612e4
E (475993) elf_arch: info=1 is not supported
E (475993) ELF: Failed to relocate type=1 offset=0x198 ret=-22
[poca-load] FAIL esp_elf_relocate err=-22
[poca-load] entry_queries=1206 (unchanged=yes)
[poca-load] NEGATIVE neg_r32 PASS (errno -22, expected -22)
poca>  
--- poca> poca load neg_s0op
poca load neg_s0op
[poca-load] begin neg_s0op (entry_queries=1206)
[poca-load] psram free before=8385920
[poca-load] mpb size=1988 sha256=4863f40c4e347dbea34e189f1271ea40d5e78be32d56a072a48a755f0908ae76
[poca] mpb digest MATCH
[poca] view name=neg_s0op version=1.0.0 epoch=1 key_id=e5677a1c abi=1.0 iram=0B max_mem=262144B payloads=1
[poca] view payload[0] span offset=208 length=1708
[poca-load] identity name=neg_s0op version=1.0.0 MATCH
[poca] admission max_mem=262144 default_arena=262144 hard_max=524288 OK
[poca] phdr loads=2 memsz=1900 pad=4120 budget=6020 manifest max_mem=262144
I (477592) ELF: ELF loader version: 1.3.3
I (477593) ELF: elf->entry=0x42061304
E (477593) elf_arch: info=20 is not supported
E (477594) ELF: Failed to relocate type=20 offset=0x198 ret=-22
[poca-load] FAIL esp_elf_relocate err=-22
[poca-load] entry_queries=1206 (unchanged=yes)
[poca-load] NEGATIVE neg_s0op PASS (errno -22, expected -22)
poca>  
--- poca> poca load neg_phbe
poca load neg_phbe
[poca-load] begin neg_phbe (entry_queries=1206)
[poca-load] psram free before=8385920
[poca-load] mpb size=1988 sha256=def19837dbdf39ffbc4304e5e3dee7b07e9e9240255810c1527269f59b3cd83f
[poca] mpb digest MATCH
[poca] view name=neg_phbe version=1.0.0 epoch=1 key_id=e5677a1c abi=1.0 iram=0B max_mem=262144B payloads=1
[poca] view payload[0] span offset=208 length=1708
[poca-load] identity name=neg_phbe version=1.0.0 MATCH
[poca] admission max_mem=262144 default_arena=262144 hard_max=524288 OK
[poca] phdr loads=2 memsz=1900 pad=4120 budget=6020 manifest max_mem=262144
I (479194) ELF: ELF loader version: 1.3.3
E (479194) ELF: Invalid ELF image: magic/class/data/machine mismatch (class=1 data=2 machine=94)
[poca-load] FAIL esp_elf_relocate err=-22
[poca-load] entry_queries=1206 (unchanged=yes)
[poca-load] NEGATIVE neg_phbe PASS (errno -22, expected -22)
poca>  
--- poca> poca load neg_ph64
poca load neg_ph64
[poca-load] begin neg_ph64 (entry_queries=1206)
[poca-load] psram free before=8385920
[poca-load] mpb size=1988 sha256=044006b88065d587c43d41ccac222947a8e10f233130c679aabe9ee70eb56c3d
[poca] mpb digest MATCH
[poca] view name=neg_ph64 version=1.0.0 epoch=1 key_id=e5677a1c abi=1.0 iram=0B max_mem=262144B payloads=1
[poca] view payload[0] span offset=208 length=1708
[poca-load] identity name=neg_ph64 version=1.0.0 MATCH
[poca] admission max_mem=262144 default_arena=262144 hard_max=524288 OK
[poca] phdr loads=2 memsz=1900 pad=4120 budget=6020 manifest max_mem=262144
I (480795) ELF: ELF loader version: 1.3.3
E (480795) ELF: Invalid ELF image: magic/class/data/machine mismatch (class=2 data=1 machine=94)
[poca-load] FAIL esp_elf_relocate err=-22
[poca-load] entry_queries=1206 (unchanged=yes)
[poca-load] NEGATIVE neg_ph64 PASS (errno -22, expected -22)
poca>  
--- poca> poca load neg_phmach
poca load neg_phmach
[poca-load] begin neg_phmach (entry_queries=1206)
[poca-load] psram free before=8385920
[poca-load] mpb size=1988 sha256=dda290678c4f7c8cb51901cc3e2e406a15efe0bf207b96dbeb9103508edd9ebf
[poca] mpb digest MATCH
[poca] view name=neg_phmach version=1.0.0 epoch=1 key_id=e5677a1c abi=1.0 iram=0B max_mem=262144B payloads=1
[poca] view payload[0] span offset=208 length=1708
[poca-load] identity name=neg_phmach version=1.0.0 MATCH
[poca] admission max_mem=262144 default_arena=262144 hard_max=524288 OK
[poca] phdr loads=2 memsz=1900 pad=4120 budget=6020 manifest max_mem=262144
I (482396) ELF: ELF loader version: 1.3.3
E (482396) ELF: Invalid ELF image: magic/class/data/machine mismatch (class=1 data=1 machine=40)
[poca-load] FAIL esp_elf_relocate err=-22
[poca-load] entry_queries=1206 (unchanged=yes)
[poca-load] NEGATIVE neg_phmach PASS (errno -22, expected -22)
poca>  
--- poca> poca load neg_phspan
poca load neg_phspan
[poca-load] begin neg_phspan (entry_queries=1206)
[poca-load] psram free before=8385920
[poca-load] mpb size=1988 sha256=84b8c820513f798d5b3840b844e4f62c6478253aec05ec9bc279fdeab1cd38e5
[poca] mpb digest MATCH
[poca] view name=neg_phspan version=1.0.0 epoch=1 key_id=e5677a1c abi=1.0 iram=0B max_mem=262144B payloads=1
[poca] view payload[0] span offset=208 length=1708
[poca-load] identity name=neg_phspan version=1.0.0 MATCH
[poca] admission max_mem=262144 default_arena=262144 hard_max=524288 OK
[poca] phdr loads=2 memsz=15729860 pad=0 budget=15729860 manifest max_mem=262144
[poca-load] NEGATIVE neg_phspan PASS (phdr admission rejected before load)
[poca-load] entry_queries=1206 (unchanged=yes)
poca>  
--- poca> poca load cxx_ctor
poca load cxx_ctor
[poca-load] begin cxx_ctor (entry_queries=1206)
[poca-load] psram free before=8385920
[poca-load] mpb size=3472 sha256=f42b201b2437b25a84ece2a5c60c9e7d67b7ad2ad537d7c1906d64d125049e36
[poca] mpb digest MATCH
[poca] view name=cxx_ctor version=1.0.0 epoch=1 key_id=e5677a1c abi=1.0 iram=0B max_mem=262144B payloads=1
[poca] view payload[0] span offset=208 length=3192
[poca-load] identity name=cxx_ctor version=1.0.0 MATCH
[poca] admission max_mem=262144 default_arena=262144 hard_max=524288 OK
[poca] phdr loads=2 memsz=1936 pad=4096 budget=6032 manifest max_mem=262144
I (485598) ELF: ELF loader version: 1.3.3
E (485598) ELF: Forbidden C++ feature section '.ctors' (appendix C 11.2); rejecting image before load
[poca-load] FAIL esp_elf_relocate err=-22
[poca-load] entry_queries=1206 (unchanged=yes)
[poca-load] NEGATIVE cxx_ctor PASS (errno -22, expected -22)
poca>  
--- poca> poca load cxx_tls
poca load cxx_tls
[poca-load] begin cxx_tls (entry_queries=1206)
[poca-load] psram free before=8385920
[poca-load] mpb size=3724 sha256=9ecfc63689709f9af00751f860926d6ecd92ab28cacd9d4ed237f48a934c2a4f
[poca] mpb digest MATCH
[poca] view name=cxx_tls version=1.0.0 epoch=1 key_id=e5677a1c abi=1.0 iram=0B max_mem=262144B payloads=1
[poca] view payload[0] span offset=204 length=3448
[poca-load] identity name=cxx_tls version=1.0.0 MATCH
[poca] admission max_mem=262144 default_arena=262144 hard_max=524288 OK
[poca] phdr loads=2 memsz=2088 pad=4096 budget=6184 manifest max_mem=262144
I (487198) ELF: ELF loader version: 1.3.3
E (487199) ELF: Forbidden C++ feature section '.tdata' (appendix C 11.2); rejecting image before load
[poca-load] FAIL esp_elf_relocate err=-22
[poca-load] entry_queries=1206 (unchanged=yes)
[poca-load] NEGATIVE cxx_tls PASS (errno -22, expected -22)
poca>  
--- poca> poca load neg_tls_nosect
poca load neg_tls_nosect
[poca-load] begin neg_tls_nosect (entry_queries=1206)
[poca-load] psram free before=8385920
[poca-load] mpb size=3732 sha256=63dff93d4555cc9382dd8059f5b53be97c8f4d53b19ead0a377d5c74b0551928
[poca] mpb digest MATCH
[poca] view name=neg_tls_nosect version=1.0.0 epoch=1 key_id=e5677a1c abi=1.0 iram=0B max_mem=262144B payloads=1
[poca] view payload[0] span offset=212 length=3448
[poca-load] identity name=neg_tls_nosect version=1.0.0 MATCH
[poca] admission max_mem=262144 default_arena=262144 hard_max=524288 OK
[poca] phdr loads=2 memsz=2088 pad=4096 budget=6184 manifest max_mem=262144
I (488801) ELF: ELF loader version: 1.3.3
I (488801) ELF: elf->entry=0x42061a50
E (488802) elf_arch: info=51 is not supported
E (488802) ELF: Failed to relocate type=51 offset=0x1f8 ret=-22
[poca-load] FAIL esp_elf_relocate err=-22
[poca-load] entry_queries=1206 (unchanged=yes)
[poca-load] NEGATIVE neg_tls_nosect PASS (errno -22, expected -22)
poca>  
--- poca> poca status
poca status
elf_loader: vendored espressif 1.3.3 @6526c5b1 (esp-iot-solution)
  ELF_LOADER=y LOAD_PSRAM=y CACHE_OFFSET=y SET_MMU=n DLSO=n
  esp_elf_t state size: 116 bytes
  loader entries: esp_elf_init=0x420113bc esp_elf_relocate=0x420113fc
  registered host imports: poca_host_sentinel poca_host_add
  entry queries so far: 1206 (execution canary)
  iram cache syncs so far: 399 (p5 counter)
heap internal  size=    415979 free=    364691 largest=    270336 min_ever=    356879
heap iram-exec size=    351916 free=    300628 largest=    270336 min_ever=    292816
heap psram     size=   8386280 free=   8385920 largest=   8257536 min_ever=   8379144
poca>  
--- poca> poca load baseline
poca load baseline
[poca-load] begin baseline (entry_queries=1206)
[poca-load] psram free before=8385920
[poca-load] mpb size=1988 sha256=e5b0a63199cd6ba7e8f54d3cf75a8121e037c5c9aa477a2d8082bfa6c4791f64
[poca] mpb digest MATCH
[poca] view name=baseline version=1.0.0 epoch=1 key_id=e5677a1c abi=1.0 iram=0B max_mem=262144B payloads=1
[poca] view payload[0] span offset=208 length=1708
[poca-load] identity name=baseline version=1.0.0 MATCH
[poca] admission max_mem=262144 default_arena=262144 hard_max=524288 OK
[poca] phdr loads=2 memsz=1900 pad=4120 budget=6020 manifest max_mem=262144
I (492002) ELF: ELF loader version: 1.3.3
I (492002) ELF: elf->entry=0x42061304
[poca-load] entry sym frame_plugin_entry vaddr=0x00000234 mapped=0x3c061304 exec=0x42061304 delta=0x06000000
[poca-load] query fn ptr=0x42061304
[poca-load] table ptr=0x3c06137c struct_size=52 abi=1.2
[poca-load] prepare()=0 OK
[poca-load] text [0x3c061268 .. +0xd0) data [0x3c06133c .. +0x74) bss 0x404 rodata 0x40 drlro 0x34
[poca-load] psram free after=8382532 consumed=3388
[poca-load] PASS
poca>  
--- poca> poca activate
poca activate
[poca-activate] baseline activate fn ptr=0x420612f0
[poca-activate] returned=0x1501e22e expected=0x1501e22e
[poca-activate] MAGIC MATCH
[poca-activate] PASS
poca>  
--- poca> poca unload
poca unload
[poca-unload] psram free after=8385920 (before-load=8385920 delta=+0)
[poca-unload] PASS
poca>  

MATRIX PASS (positives=3, negatives=10, canary=1206 unchanged across all negatives, canary_start=1203)

=== T9 gates summary (2026-09-01) ===
worktree commit: 2a37556 feat(poc-a): thousand-cycle lifecycle soak with heap trend gate
build: 0 warnings (ninja -C build/default, post-format)
board /dev/ttyACM0: poca soak 1000 -> SOAK VERDICT: PASS (18/18 criteria, wall 305.1s); smoke 30 + 150 PASS; run_matrix.py PASS (3 positives + 10 negatives, canary 1206 unchanged across negatives); post-soak regression load/activate/unload + iram 3 PASS
judge reproducibility: soak_judge.py --transcript /tmp/soak_raw_1000.txt -> PASS (identical)
host: ctest 52/52 (.build/poc-host-t9, ASan), pytest 87 passed, ruff format/check clean, pyright clean
format: clang-format 18.1.8 --dry-run --Werror clean (main/*.cc/*.hh)
determinism: baseline e5b0a631.. baseline_v2 2cefd14d.. iram_probe a50f11c5.. (byte-identical to T8 frozen values)
artifacts: plugins/soak_judge.py + plugins/soak_samples_1000.csv (committed); raw transcript + CSV + judge output above
notepads: learnings.md T9 section + issues.md note for T16 updated; plan todo 9 checked
scope: git show --stat 2a37556 -> only poc/apps/poc_a/** (7 files)

=== T9 DoneClaim ===
{
  "task": 9,
  "commit": "2a37556",
  "verdict": "SOAK VERDICT: PASS (18/18 criteria) -- authority: soak_judge.py on raw samples, reproducible via --transcript",
  "run": {"cycles": 1000, "completed": 1000, "errors": 0, "wall_ms": 305119, "mix": "default", "swaps": "10/10", "value_matches": "1030/1030 (990 + 4x10)", "canary_delta": "1010/1010 queries", "integrity": "20/20 heap_caps_check_integrity(SPIRAM)"},
  "trend": {"psram_largest_q1_mean": 8257536, "psram_largest_q4_mean": 8257536, "decline_pct": 0.00, "mono_steps_dec_inc": "0/0 (noise 41288B)", "psram_min_ever_delta_B": 0, "iram_min_ever_delta_B": 88, "internal_free_decline_pct": 0.00, "psram_free_every_sample_B": 8385920},
  "stack_worst_margins": {"ipc1": "596B/1280B free (53.40sed)", "ipc0": "600B/1280B free (53.10sed)", "IDLE0": "756B/1536B free (50.80sed)", "IDLE1": "752B/1536B free (51.00sed)", "console_repl": "2088B/6144B free (66.00sed)", "criterion": "no task within 100f stack size"},
  "quiesce_semantics": "ABI 1.2 entry table has no quiesce fn; NULL entry = trivial success; 1010 no-op quiesces counted",
  "samples_path": "poc/apps/poc_a/plugins/soak_samples_1000.csv (101 rows, committed)",
  "judge_path": "poc/apps/poc_a/plugins/soak_judge.py (committed, dual-mode)",
  "gates": {"build_warn": 0, "soak_1000": "PASS 18/18", "matrix_regression": "PASS", "post_soak_regression": "PASS (load/activate/unload + iram 3, no leak)", "host_ctest": "52/52", "pytest": 87, "ruff": "clean", "pyright": "clean", "fmt": "18.1.8 clean", "determinism": "mpb shas byte-stable vs T8"},
  "harness_bugs_fixed_and_documented": ["soak_quiesce inverted return (caught by 30-cycle smoke, fixed+reflashed before official run)", "soak_judge.py bytes-in-str crash (same smoke)"],
  "notes_for_T16": "map section 4 item 6 / MEM-008 rows to the trend block above; raw evidence = this log (full transcript + CSV) + committed CSV/judge; WDT clean across 305s continuous REPL hold (per-cycle vTaskDelay(1)); re-run judge anytime: uv run python3 poc/apps/poc_a/plugins/soak_judge.py --transcript <archive>"
}
=== T9 session end ===
